0 verbose cli /usr/local/bin/node /usr/local/bin/npm
1 info using npm@11.12.1
2 info using node@v24.15.0
3 silly config load:file:/usr/local/lib/node_modules/npm/npmrc
4 silly config load:file:/Users/xxd/Desktop/today/.npmrc
5 silly config load:file:/Users/xxd/.npmrc
6 silly config load:file:/Users/xxd/.npm-global/etc/npmrc
7 verbose title npm install clsx tailwind-merge shadcn@latest class-variance-authority tw-animate-css radix-ui lucide-react
8 verbose argv "install" "clsx" "tailwind-merge" "shadcn@latest" "class-variance-authority" "tw-animate-css" "radix-ui" "lucide-react"
9 verbose logfile logs-max:10 dir:/Users/xxd/Desktop/today/.npm-cache/_logs/2026-05-08T09_53_20_828Z-
10 verbose logfile /Users/xxd/Desktop/today/.npm-cache/_logs/2026-05-08T09_53_20_828Z-debug-0.log
11 silly logfile done cleaning log files
12 silly packumentCache heap:4496293888 maxSize:1124073472 maxEntrySize:562036736
13 silly packumentCache corgi:https://registry.npmjs.org/shadcn cache-miss
14 http cache https://registry.npmjs.org/shadcn 27ms (cache hit)
15 silly packumentCache corgi:https://registry.npmjs.org/shadcn set size:391880 disposed:false
16 silly idealTree buildDeps
17 silly fetch manifest class-variance-authority@^0.7.1
18 silly packumentCache full:https://registry.npmjs.org/class-variance-authority cache-miss
19 http cache https://registry.npmjs.org/class-variance-authority 2ms (cache hit)
20 silly packumentCache full:https://registry.npmjs.org/class-variance-authority set size:96388 disposed:false
21 silly fetch manifest clsx@^2.1.1
22 silly packumentCache full:https://registry.npmjs.org/clsx cache-miss
23 http cache https://registry.npmjs.org/clsx 1ms (cache hit)
24 silly packumentCache full:https://registry.npmjs.org/clsx set size:42506 disposed:false
25 silly fetch manifest lucide-react@^1.14.0
26 silly packumentCache full:https://registry.npmjs.org/lucide-react cache-miss
27 http cache https://registry.npmjs.org/lucide-react 3ms (cache hit)
28 silly packumentCache full:https://registry.npmjs.org/lucide-react set size:2259184 disposed:false
29 silly fetch manifest react@19.2.4
30 silly packumentCache full:https://registry.npmjs.org/react cache-miss
31 http cache https://registry.npmjs.org/react 8ms (cache hit)
32 silly packumentCache full:https://registry.npmjs.org/react set size:6646698 disposed:false
33 silly fetch manifest tailwind-merge@^3.5.0
34 silly packumentCache full:https://registry.npmjs.org/tailwind-merge cache-miss
35 http cache https://registry.npmjs.org/tailwind-merge 3ms (cache hit)
36 silly packumentCache full:https://registry.npmjs.org/tailwind-merge set size:1569083 disposed:false
37 silly fetch manifest tw-animate-css@*
38 silly packumentCache full:https://registry.npmjs.org/tw-animate-css cache-miss
39 http fetch GET 200 https://registry.npmjs.org/tw-animate-css 795ms (cache miss)
40 silly packumentCache full:https://registry.npmjs.org/tw-animate-css set size:undefined disposed:false
41 silly fetch manifest radix-ui@*
42 silly packumentCache full:https://registry.npmjs.org/radix-ui cache-miss
43 http fetch GET 200 https://registry.npmjs.org/radix-ui 266ms (cache miss)
44 silly packumentCache full:https://registry.npmjs.org/radix-ui set size:undefined disposed:false
45 silly fetch manifest @types/react@^19
46 silly packumentCache full:https://registry.npmjs.org/@types%2freact cache-miss
47 http cache https://registry.npmjs.org/@types%2freact 8ms (cache hit)
48 silly packumentCache full:https://registry.npmjs.org/@types%2freact set size:2588964 disposed:false
49 silly fetch manifest @types/react-dom@^19
50 silly packumentCache full:https://registry.npmjs.org/@types%2freact-dom cache-miss
51 http cache https://registry.npmjs.org/@types%2freact-dom 4ms (cache hit)
52 silly packumentCache full:https://registry.npmjs.org/@types%2freact-dom set size:429026 disposed:false
53 silly fetch manifest react-dom@19.2.4
54 silly packumentCache full:https://registry.npmjs.org/react-dom cache-miss
55 http cache https://registry.npmjs.org/react-dom 13ms (cache hit)
56 silly packumentCache full:https://registry.npmjs.org/react-dom set size:8862063 disposed:false
57 silly fetch manifest shadcn@4.7.0
58 silly packumentCache full:https://registry.npmjs.org/shadcn cache-miss
59 http cache https://registry.npmjs.org/shadcn 7ms (cache hit)
60 silly packumentCache full:https://registry.npmjs.org/shadcn set size:986134 disposed:false
61 silly placeDep ROOT class-variance-authority@0.7.1 REPLACE for: today-scaffold@0.1.0 want: ^0.7.1
62 silly placeDep ROOT clsx@2.1.1 REPLACE for: today-scaffold@0.1.0 want: ^2.1.1
63 silly placeDep ROOT lucide-react@1.14.0 REPLACE for: today-scaffold@0.1.0 want: ^1.14.0
64 silly placeDep ROOT radix-ui@1.4.3 OK for: today-scaffold@0.1.0 want: *
65 silly placeDep ROOT shadcn@4.7.0 OK for: today-scaffold@0.1.0 want: 4.7.0
66 silly placeDep ROOT tailwind-merge@3.5.0 REPLACE for: today-scaffold@0.1.0 want: ^3.5.0
67 silly placeDep ROOT tw-animate-css@1.4.0 OK for: today-scaffold@0.1.0 want: *
68 silly fetch manifest @radix-ui/primitive@1.1.3
69 silly packumentCache full:https://registry.npmjs.org/@radix-ui%2fprimitive cache-miss
70 silly fetch manifest @radix-ui/react-form@0.1.8
71 silly packumentCache full:https://registry.npmjs.org/@radix-ui%2freact-form cache-miss
72 silly fetch manifest @radix-ui/react-menu@2.1.16
73 silly packumentCache full:https://registry.npmjs.org/@radix-ui%2freact-menu cache-miss
74 silly fetch manifest @radix-ui/react-slot@1.2.3
75 silly packumentCache full:https://registry.npmjs.org/@radix-ui%2freact-slot cache-miss
76 silly fetch manifest @radix-ui/react-tabs@1.1.13
77 silly packumentCache full:https://registry.npmjs.org/@radix-ui%2freact-tabs cache-miss
78 silly fetch manifest @radix-ui/react-arrow@1.1.7
79 silly packumentCache full:https://registry.npmjs.org/@radix-ui%2freact-arrow cache-miss
80 silly fetch manifest @radix-ui/react-label@2.1.7
81 silly packumentCache full:https://registry.npmjs.org/@radix-ui%2freact-label cache-miss
82 silly fetch manifest @radix-ui/react-toast@1.2.15
83 silly packumentCache full:https://registry.npmjs.org/@radix-ui%2freact-toast cache-miss
84 silly fetch manifest @radix-ui/react-avatar@1.1.10
85 silly packumentCache full:https://registry.npmjs.org/@radix-ui%2freact-avatar cache-miss
86 http fetch GET 200 https://registry.npmjs.org/@radix-ui%2fprimitive 251ms (cache miss)
87 silly packumentCache full:https://registry.npmjs.org/@radix-ui%2fprimitive set size:undefined disposed:false
88 silly fetch manifest @radix-ui/react-dialog@1.1.15
89 silly packumentCache full:https://registry.npmjs.org/@radix-ui%2freact-dialog cache-miss
90 http fetch GET 200 https://registry.npmjs.org/@radix-ui%2freact-dialog 469ms (cache miss)
91 silly packumentCache full:https://registry.npmjs.org/@radix-ui%2freact-dialog set size:undefined disposed:false
92 silly fetch manifest @radix-ui/react-popper@1.2.8
93 silly packumentCache full:https://registry.npmjs.org/@radix-ui%2freact-popper cache-miss
94 http fetch GET 200 https://registry.npmjs.org/@radix-ui%2freact-form 1005ms (cache miss)
95 silly packumentCache full:https://registry.npmjs.org/@radix-ui%2freact-form set size:undefined disposed:false
96 silly fetch manifest @radix-ui/react-portal@1.1.9
97 silly packumentCache full:https://registry.npmjs.org/@radix-ui%2freact-portal cache-miss
98 http fetch GET 200 https://registry.npmjs.org/@radix-ui%2freact-popper 305ms (cache miss)
99 silly packumentCache full:https://registry.npmjs.org/@radix-ui%2freact-popper set size:undefined disposed:false
100 silly fetch manifest @radix-ui/react-select@2.2.6
101 silly packumentCache full:https://registry.npmjs.org/@radix-ui%2freact-select cache-miss
102 http fetch GET 200 https://registry.npmjs.org/@radix-ui%2freact-avatar 1041ms (cache miss)
103 silly packumentCache full:https://registry.npmjs.org/@radix-ui%2freact-avatar set size:undefined disposed:false
104 silly fetch manifest @radix-ui/react-slider@1.3.6
105 silly packumentCache full:https://registry.npmjs.org/@radix-ui%2freact-slider cache-miss
106 http fetch GET 200 https://registry.npmjs.org/@radix-ui%2freact-arrow 1046ms (cache miss)
107 silly packumentCache full:https://registry.npmjs.org/@radix-ui%2freact-arrow set size:undefined disposed:false
108 silly fetch manifest @radix-ui/react-switch@1.2.6
109 silly packumentCache full:https://registry.npmjs.org/@radix-ui%2freact-switch cache-miss
110 http fetch GET 200 https://registry.npmjs.org/@radix-ui%2freact-slot 1193ms (cache miss)
111 silly packumentCache full:https://registry.npmjs.org/@radix-ui%2freact-slot set size:undefined disposed:false
112 silly fetch manifest @radix-ui/react-toggle@1.1.10
113 silly packumentCache full:https://registry.npmjs.org/@radix-ui%2freact-toggle cache-miss
114 http fetch GET 200 https://registry.npmjs.org/@radix-ui%2freact-tabs 1202ms (cache miss)
115 silly packumentCache full:https://registry.npmjs.org/@radix-ui%2freact-tabs set size:undefined disposed:false
116 silly fetch manifest @radix-ui/react-context@1.1.2
117 silly packumentCache full:https://registry.npmjs.org/@radix-ui%2freact-context cache-miss
118 http fetch GET 200 https://registry.npmjs.org/@radix-ui%2freact-menu 1211ms (cache miss)
119 silly packumentCache full:https://registry.npmjs.org/@radix-ui%2freact-menu set size:undefined disposed:false
120 silly fetch manifest @radix-ui/react-menubar@1.1.16
121 silly packumentCache full:https://registry.npmjs.org/@radix-ui%2freact-menubar cache-miss
122 http fetch GET 200 https://registry.npmjs.org/@radix-ui%2freact-label 1216ms (cache miss)
123 silly packumentCache full:https://registry.npmjs.org/@radix-ui%2freact-label set size:undefined disposed:false
124 silly fetch manifest @radix-ui/react-popover@1.1.15
125 silly packumentCache full:https://registry.npmjs.org/@radix-ui%2freact-popover cache-miss
126 http fetch GET 200 https://registry.npmjs.org/@radix-ui%2freact-toast 1226ms (cache miss)
127 silly packumentCache full:https://registry.npmjs.org/@radix-ui%2freact-toast set size:undefined disposed:false
128 silly fetch manifest @radix-ui/react-toolbar@1.1.11
129 silly packumentCache full:https://registry.npmjs.org/@radix-ui%2freact-toolbar cache-miss
130 http fetch GET 200 https://registry.npmjs.org/@radix-ui%2freact-select 310ms (cache miss)
131 silly packumentCache full:https://registry.npmjs.org/@radix-ui%2freact-select set size:undefined disposed:false
132 silly fetch manifest @radix-ui/react-tooltip@1.2.8
133 silly packumentCache full:https://registry.npmjs.org/@radix-ui%2freact-tooltip cache-miss
134 http fetch GET 200 https://registry.npmjs.org/@radix-ui%2freact-switch 352ms (cache miss)
135 silly packumentCache full:https://registry.npmjs.org/@radix-ui%2freact-switch set size:undefined disposed:false
136 silly fetch manifest @radix-ui/react-checkbox@1.3.3
137 silly packumentCache full:https://registry.npmjs.org/@radix-ui%2freact-checkbox cache-miss
138 http fetch GET 200 https://registry.npmjs.org/@radix-ui%2freact-slider 366ms (cache miss)
139 silly packumentCache full:https://registry.npmjs.org/@radix-ui%2freact-slider set size:undefined disposed:false
140 silly fetch manifest @radix-ui/react-presence@1.1.5
141 silly packumentCache full:https://registry.npmjs.org/@radix-ui%2freact-presence cache-miss
142 http fetch GET 200 https://registry.npmjs.org/@radix-ui%2freact-context 259ms (cache miss)
143 silly packumentCache full:https://registry.npmjs.org/@radix-ui%2freact-context set size:undefined disposed:false
144 silly fetch manifest @radix-ui/react-progress@1.1.7
145 silly packumentCache full:https://registry.npmjs.org/@radix-ui%2freact-progress cache-miss
146 http fetch GET 200 https://registry.npmjs.org/@radix-ui%2freact-tooltip 347ms (cache miss)
147 silly packumentCache full:https://registry.npmjs.org/@radix-ui%2freact-tooltip set size:undefined disposed:false
148 silly fetch manifest @radix-ui/react-use-size@1.1.1
149 silly packumentCache full:https://registry.npmjs.org/@radix-ui%2freact-use-size cache-miss
150 http fetch GET 200 https://registry.npmjs.org/@radix-ui%2freact-presence 305ms (cache miss)
151 silly packumentCache full:https://registry.npmjs.org/@radix-ui%2freact-presence set size:undefined disposed:false
152 silly fetch manifest @radix-ui/react-accordion@1.2.12
153 silly packumentCache full:https://registry.npmjs.org/@radix-ui%2freact-accordion cache-miss
154 http fetch GET 200 https://registry.npmjs.org/@radix-ui%2freact-checkbox 358ms (cache miss)
155 silly packumentCache full:https://registry.npmjs.org/@radix-ui%2freact-checkbox set size:undefined disposed:false
156 silly fetch manifest @radix-ui/react-direction@1.1.1
157 silly packumentCache full:https://registry.npmjs.org/@radix-ui%2freact-direction cache-miss
158 http fetch GET 200 https://registry.npmjs.org/@radix-ui%2freact-progress 309ms (cache miss)
159 silly packumentCache full:https://registry.npmjs.org/@radix-ui%2freact-progress set size:undefined disposed:false
160 silly fetch manifest @radix-ui/react-primitive@2.1.3
161 silly packumentCache full:https://registry.npmjs.org/@radix-ui%2freact-primitive cache-miss
162 http fetch GET 200 https://registry.npmjs.org/@radix-ui%2freact-menubar 576ms (cache miss)
163 silly packumentCache full:https://registry.npmjs.org/@radix-ui%2freact-menubar set size:undefined disposed:false
164 silly fetch manifest @radix-ui/react-separator@1.1.7
165 silly packumentCache full:https://registry.npmjs.org/@radix-ui%2freact-separator cache-miss
166 http fetch GET 200 https://registry.npmjs.org/@radix-ui%2freact-toggle 665ms (cache miss)
167 silly packumentCache full:https://registry.npmjs.org/@radix-ui%2freact-toggle set size:undefined disposed:false
168 silly fetch manifest @radix-ui/react-collection@1.1.7
169 silly packumentCache full:https://registry.npmjs.org/@radix-ui%2freact-collection cache-miss
170 http fetch GET 200 https://registry.npmjs.org/@radix-ui%2freact-toolbar 670ms (cache miss)
171 silly packumentCache full:https://registry.npmjs.org/@radix-ui%2freact-toolbar set size:undefined disposed:false
172 silly fetch manifest @radix-ui/react-hover-card@1.1.15
173 silly packumentCache full:https://registry.npmjs.org/@radix-ui%2freact-hover-card cache-miss
174 http fetch GET 200 https://registry.npmjs.org/@radix-ui%2freact-popover 734ms (cache miss)
175 silly packumentCache full:https://registry.npmjs.org/@radix-ui%2freact-popover set size:undefined disposed:false
176 silly fetch manifest @radix-ui/react-collapsible@1.1.12
177 silly packumentCache full:https://registry.npmjs.org/@radix-ui%2freact-collapsible cache-miss
178 http fetch GET 200 https://registry.npmjs.org/@radix-ui%2freact-portal 950ms (cache miss)
179 silly packumentCache full:https://registry.npmjs.org/@radix-ui%2freact-portal set size:undefined disposed:false
180 silly fetch manifest @radix-ui/react-focus-scope@1.1.7
181 silly packumentCache full:https://registry.npmjs.org/@radix-ui%2freact-focus-scope cache-miss
182 http fetch GET 200 https://registry.npmjs.org/@radix-ui%2freact-use-size 265ms (cache miss)
183 silly packumentCache full:https://registry.npmjs.org/@radix-ui%2freact-use-size set size:undefined disposed:false
184 silly fetch manifest @radix-ui/react-radio-group@1.3.8
185 silly packumentCache full:https://registry.npmjs.org/@radix-ui%2freact-radio-group cache-miss
186 http fetch GET 200 https://registry.npmjs.org/@radix-ui%2freact-direction 252ms (cache miss)
187 silly packumentCache full:https://registry.npmjs.org/@radix-ui%2freact-direction set size:undefined disposed:false
188 silly fetch manifest @radix-ui/react-scroll-area@1.2.10
189 silly packumentCache full:https://registry.npmjs.org/@radix-ui%2freact-scroll-area cache-miss
190 http fetch GET 200 https://registry.npmjs.org/@radix-ui%2freact-accordion 356ms (cache miss)
191 silly packumentCache full:https://registry.npmjs.org/@radix-ui%2freact-accordion set size:undefined disposed:false
192 silly fetch manifest @radix-ui/react-alert-dialog@1.1.15
193 silly packumentCache full:https://registry.npmjs.org/@radix-ui%2freact-alert-dialog cache-miss
194 http fetch GET 200 https://registry.npmjs.org/@radix-ui%2freact-primitive 321ms (cache miss)
195 silly packumentCache full:https://registry.npmjs.org/@radix-ui%2freact-primitive set size:undefined disposed:false
196 silly fetch manifest @radix-ui/react-aspect-ratio@1.1.7
197 silly packumentCache full:https://registry.npmjs.org/@radix-ui%2freact-aspect-ratio cache-miss
198 http fetch GET 200 https://registry.npmjs.org/@radix-ui%2freact-separator 333ms (cache miss)
199 silly packumentCache full:https://registry.npmjs.org/@radix-ui%2freact-separator set size:undefined disposed:false
200 silly fetch manifest @radix-ui/react-compose-refs@1.1.2
201 silly packumentCache full:https://registry.npmjs.org/@radix-ui%2freact-compose-refs cache-miss
202 http fetch GET 200 https://registry.npmjs.org/@radix-ui%2freact-radio-group 318ms (cache miss)
203 silly packumentCache full:https://registry.npmjs.org/@radix-ui%2freact-radio-group set size:undefined disposed:false
204 silly fetch manifest @radix-ui/react-context-menu@2.2.16
205 silly packumentCache full:https://registry.npmjs.org/@radix-ui%2freact-context-menu cache-miss
206 http fetch GET 200 https://registry.npmjs.org/@radix-ui%2freact-scroll-area 332ms (cache miss)
207 silly packumentCache full:https://registry.npmjs.org/@radix-ui%2freact-scroll-area set size:undefined disposed:false
208 silly fetch manifest @radix-ui/react-focus-guards@1.1.3
209 silly packumentCache full:https://registry.npmjs.org/@radix-ui%2freact-focus-guards cache-miss
210 http fetch GET 200 https://registry.npmjs.org/@radix-ui%2freact-aspect-ratio 302ms (cache miss)
211 silly packumentCache full:https://registry.npmjs.org/@radix-ui%2freact-aspect-ratio set size:undefined disposed:false
212 silly fetch manifest @radix-ui/react-roving-focus@1.1.11
213 silly packumentCache full:https://registry.npmjs.org/@radix-ui%2freact-roving-focus cache-miss
214 http fetch GET 200 https://registry.npmjs.org/@radix-ui%2freact-alert-dialog 363ms (cache miss)
215 silly packumentCache full:https://registry.npmjs.org/@radix-ui%2freact-alert-dialog set size:undefined disposed:false
216 silly fetch manifest @radix-ui/react-toggle-group@1.1.11
217 silly packumentCache full:https://registry.npmjs.org/@radix-ui%2freact-toggle-group cache-miss
218 http fetch GET 200 https://registry.npmjs.org/@radix-ui%2freact-hover-card 593ms (cache miss)
219 silly packumentCache full:https://registry.npmjs.org/@radix-ui%2freact-hover-card set size:undefined disposed:false
220 silly fetch manifest @radix-ui/react-dropdown-menu@2.1.16
221 silly packumentCache full:https://registry.npmjs.org/@radix-ui%2freact-dropdown-menu cache-miss
222 http fetch GET 200 https://registry.npmjs.org/@radix-ui%2freact-focus-guards 264ms (cache miss)
223 silly packumentCache full:https://registry.npmjs.org/@radix-ui%2freact-focus-guards set size:undefined disposed:false
224 silly fetch manifest @radix-ui/react-accessible-icon@1.1.7
225 silly packumentCache full:https://registry.npmjs.org/@radix-ui%2freact-accessible-icon cache-miss
226 http fetch GET 200 https://registry.npmjs.org/@radix-ui%2freact-context-menu 342ms (cache miss)
227 silly packumentCache full:https://registry.npmjs.org/@radix-ui%2freact-context-menu set size:undefined disposed:false
228 silly fetch manifest @radix-ui/react-navigation-menu@1.2.14
229 silly packumentCache full:https://registry.npmjs.org/@radix-ui%2freact-navigation-menu cache-miss
230 http fetch GET 200 https://registry.npmjs.org/@radix-ui%2freact-collection 844ms (cache miss)
231 silly packumentCache full:https://registry.npmjs.org/@radix-ui%2freact-collection set size:undefined disposed:false
232 silly fetch manifest @radix-ui/react-use-is-hydrated@0.1.0
233 silly packumentCache full:https://registry.npmjs.org/@radix-ui%2freact-use-is-hydrated cache-miss
234 http fetch GET 200 https://registry.npmjs.org/@radix-ui%2freact-focus-scope 767ms (cache miss)
235 silly packumentCache full:https://registry.npmjs.org/@radix-ui%2freact-focus-scope set size:undefined disposed:false
236 silly fetch manifest @radix-ui/react-visually-hidden@1.2.3
237 silly packumentCache full:https://registry.npmjs.org/@radix-ui%2freact-visually-hidden cache-miss
238 http fetch GET 200 https://registry.npmjs.org/@radix-ui%2freact-roving-focus 322ms (cache miss)
239 silly packumentCache full:https://registry.npmjs.org/@radix-ui%2freact-roving-focus set size:undefined disposed:false
240 silly fetch manifest @radix-ui/react-use-callback-ref@1.1.1
241 silly packumentCache full:https://registry.npmjs.org/@radix-ui%2freact-use-callback-ref cache-miss
242 http fetch GET 200 https://registry.npmjs.org/@radix-ui%2freact-collapsible 810ms (cache miss)
243 silly packumentCache full:https://registry.npmjs.org/@radix-ui%2freact-collapsible set size:undefined disposed:false
244 silly fetch manifest @radix-ui/react-use-effect-event@0.0.2
245 silly packumentCache full:https://registry.npmjs.org/@radix-ui%2freact-use-effect-event cache-miss
246 http fetch GET 200 https://registry.npmjs.org/@radix-ui%2freact-toggle-group 327ms (cache miss)
247 silly packumentCache full:https://registry.npmjs.org/@radix-ui%2freact-toggle-group set size:undefined disposed:false
248 silly fetch manifest @radix-ui/react-dismissable-layer@1.1.11
249 silly packumentCache full:https://registry.npmjs.org/@radix-ui%2freact-dismissable-layer cache-miss
250 http fetch GET 200 https://registry.npmjs.org/@radix-ui%2freact-compose-refs 714ms (cache miss)
251 silly packumentCache full:https://registry.npmjs.org/@radix-ui%2freact-compose-refs set size:undefined disposed:false
252 silly fetch manifest @radix-ui/react-use-layout-effect@1.1.1
253 silly packumentCache full:https://registry.npmjs.org/@radix-ui%2freact-use-layout-effect cache-miss
254 http fetch GET 200 https://registry.npmjs.org/@radix-ui%2freact-dropdown-menu 358ms (cache miss)
255 silly packumentCache full:https://registry.npmjs.org/@radix-ui%2freact-dropdown-menu set size:undefined disposed:false
256 silly fetch manifest @radix-ui/react-use-escape-keydown@1.1.1
257 silly packumentCache full:https://registry.npmjs.org/@radix-ui%2freact-use-escape-keydown cache-miss
258 http fetch GET 200 https://registry.npmjs.org/@radix-ui%2freact-accessible-icon 309ms (cache miss)
259 silly packumentCache full:https://registry.npmjs.org/@radix-ui%2freact-accessible-icon set size:undefined disposed:false
260 silly fetch manifest @radix-ui/react-password-toggle-field@0.1.3
261 silly packumentCache full:https://registry.npmjs.org/@radix-ui%2freact-password-toggle-field cache-miss
262 http fetch GET 200 https://registry.npmjs.org/@radix-ui%2freact-navigation-menu 299ms (cache miss)
263 silly packumentCache full:https://registry.npmjs.org/@radix-ui%2freact-navigation-menu set size:undefined disposed:false
264 silly fetch manifest @radix-ui/react-use-controllable-state@1.2.2
265 silly packumentCache full:https://registry.npmjs.org/@radix-ui%2freact-use-controllable-state cache-miss
266 http fetch GET 200 https://registry.npmjs.org/@radix-ui%2freact-use-is-hydrated 247ms (cache miss)
267 silly packumentCache full:https://registry.npmjs.org/@radix-ui%2freact-use-is-hydrated set size:undefined disposed:false
268 silly fetch manifest @radix-ui/react-one-time-password-field@0.1.8
269 silly packumentCache full:https://registry.npmjs.org/@radix-ui%2freact-one-time-password-field cache-miss
270 http fetch GET 200 https://registry.npmjs.org/@radix-ui%2freact-use-callback-ref 255ms (cache miss)
271 silly packumentCache full:https://registry.npmjs.org/@radix-ui%2freact-use-callback-ref set size:undefined disposed:false
272 silly fetch manifest @babel/plugin-transform-typescript@^7.28.0
273 silly packumentCache full:https://registry.npmjs.org/@babel%2fplugin-transform-typescript cache-miss
274 http cache https://registry.npmjs.org/@babel%2fplugin-transform-typescript 20ms (cache hit)
275 silly packumentCache full:https://registry.npmjs.org/@babel%2fplugin-transform-typescript set size:390654 disposed:false
276 silly fetch manifest @babel/preset-typescript@^7.27.1
277 silly packumentCache full:https://registry.npmjs.org/@babel%2fpreset-typescript cache-miss
278 http cache https://registry.npmjs.org/@babel%2fpreset-typescript 1ms (cache hit)
279 silly packumentCache full:https://registry.npmjs.org/@babel%2fpreset-typescript set size:259618 disposed:false
280 silly fetch manifest @dotenvx/dotenvx@^1.48.4
281 silly packumentCache full:https://registry.npmjs.org/@dotenvx%2fdotenvx cache-miss
282 http cache https://registry.npmjs.org/@dotenvx%2fdotenvx 2ms (cache hit)
283 silly packumentCache full:https://registry.npmjs.org/@dotenvx%2fdotenvx set size:697839 disposed:false
284 silly fetch manifest @modelcontextprotocol/sdk@^1.26.0
285 silly packumentCache full:https://registry.npmjs.org/@modelcontextprotocol%2fsdk cache-miss
286 http cache https://registry.npmjs.org/@modelcontextprotocol%2fsdk 2ms (cache hit)
287 silly packumentCache full:https://registry.npmjs.org/@modelcontextprotocol%2fsdk set size:295652 disposed:false
288 silly fetch manifest @types/validate-npm-package-name@^4.0.2
289 silly packumentCache full:https://registry.npmjs.org/@types%2fvalidate-npm-package-name cache-miss
290 http cache https://registry.npmjs.org/@types%2fvalidate-npm-package-name 2ms (cache hit)
291 silly packumentCache full:https://registry.npmjs.org/@types%2fvalidate-npm-package-name set size:17657 disposed:false
292 silly fetch manifest commander@^14.0.0
293 silly packumentCache full:https://registry.npmjs.org/commander cache-miss
294 http cache https://registry.npmjs.org/commander 1ms (cache hit)
295 silly packumentCache full:https://registry.npmjs.org/commander set size:306301 disposed:false
296 silly fetch manifest cosmiconfig@^9.0.0
297 silly packumentCache full:https://registry.npmjs.org/cosmiconfig cache-miss
298 http cache https://registry.npmjs.org/cosmiconfig 1ms (cache hit)
299 silly packumentCache full:https://registry.npmjs.org/cosmiconfig set size:222324 disposed:false
300 silly fetch manifest dedent@^1.6.0
301 silly packumentCache full:https://registry.npmjs.org/dedent cache-miss
302 http cache https://registry.npmjs.org/dedent 1ms (cache hit)
303 silly packumentCache full:https://registry.npmjs.org/dedent set size:77148 disposed:false
304 silly fetch manifest deepmerge@^4.3.1
305 silly packumentCache full:https://registry.npmjs.org/deepmerge cache-miss
306 http cache https://registry.npmjs.org/deepmerge 2ms (cache hit)
307 silly packumentCache full:https://registry.npmjs.org/deepmerge set size:101897 disposed:false
308 silly fetch manifest diff@^8.0.2
309 silly packumentCache full:https://registry.npmjs.org/diff cache-miss
310 http cache https://registry.npmjs.org/diff 2ms (cache hit)
311 silly packumentCache full:https://registry.npmjs.org/diff set size:154400 disposed:false
312 silly fetch manifest execa@^9.6.0
313 silly packumentCache full:https://registry.npmjs.org/execa cache-miss
314 http cache https://registry.npmjs.org/execa 1ms (cache hit)
315 silly packumentCache full:https://registry.npmjs.org/execa set size:181234 disposed:false
316 silly fetch manifest fast-glob@^3.3.3
317 silly packumentCache full:https://registry.npmjs.org/fast-glob cache-miss
318 http cache https://registry.npmjs.org/fast-glob 1ms (cache hit)
319 silly packumentCache full:https://registry.npmjs.org/fast-glob set size:220556 disposed:false
320 silly fetch manifest fs-extra@^11.3.1
321 silly packumentCache full:https://registry.npmjs.org/fs-extra cache-miss
322 http cache https://registry.npmjs.org/fs-extra 1ms (cache hit)
323 silly packumentCache full:https://registry.npmjs.org/fs-extra set size:234923 disposed:false
324 silly fetch manifest fuzzysort@^3.1.0
325 silly packumentCache full:https://registry.npmjs.org/fuzzysort cache-miss
326 http cache https://registry.npmjs.org/fuzzysort 5ms (cache hit)
327 silly packumentCache full:https://registry.npmjs.org/fuzzysort set size:83871 disposed:false
328 silly fetch manifest https-proxy-agent@^7.0.6
329 silly packumentCache full:https://registry.npmjs.org/https-proxy-agent cache-miss
330 http cache https://registry.npmjs.org/https-proxy-agent 5ms (cache hit)
331 silly packumentCache full:https://registry.npmjs.org/https-proxy-agent set size:81258 disposed:false
332 silly fetch manifest kleur@^4.1.5
333 silly packumentCache full:https://registry.npmjs.org/kleur cache-miss
334 http cache https://registry.npmjs.org/kleur 1ms (cache hit)
335 silly packumentCache full:https://registry.npmjs.org/kleur set size:61853 disposed:false
336 silly fetch manifest msw@^2.10.4
337 silly packumentCache full:https://registry.npmjs.org/msw cache-miss
338 http cache https://registry.npmjs.org/msw 3ms (cache hit)
339 silly packumentCache full:https://registry.npmjs.org/msw set size:2012326 disposed:false
340 silly fetch manifest node-fetch@^3.3.2
341 silly packumentCache full:https://registry.npmjs.org/node-fetch cache-miss
342 http cache https://registry.npmjs.org/node-fetch 4ms (cache hit)
343 silly packumentCache full:https://registry.npmjs.org/node-fetch set size:896010 disposed:false
344 silly fetch manifest open@^11.0.0
345 silly packumentCache full:https://registry.npmjs.org/open cache-miss
346 http cache https://registry.npmjs.org/open 3ms (cache hit)
347 silly packumentCache full:https://registry.npmjs.org/open set size:136392 disposed:false
348 silly fetch manifest ora@^8.2.0
349 silly packumentCache full:https://registry.npmjs.org/ora cache-miss
350 http cache https://registry.npmjs.org/ora 1ms (cache hit)
351 silly packumentCache full:https://registry.npmjs.org/ora set size:144913 disposed:false
352 silly fetch manifest postcss-selector-parser@^7.1.0
353 silly packumentCache full:https://registry.npmjs.org/postcss-selector-parser cache-miss
354 http cache https://registry.npmjs.org/postcss-selector-parser 2ms (cache hit)
355 silly packumentCache full:https://registry.npmjs.org/postcss-selector-parser set size:177140 disposed:false
356 silly fetch manifest prompts@^2.4.2
357 silly packumentCache full:https://registry.npmjs.org/prompts cache-miss
358 http cache https://registry.npmjs.org/prompts 0ms (cache hit)
359 silly packumentCache full:https://registry.npmjs.org/prompts set size:115896 disposed:false
360 silly fetch manifest recast@^0.23.11
361 silly packumentCache full:https://registry.npmjs.org/recast cache-miss
362 http cache https://registry.npmjs.org/recast 1ms (cache hit)
363 silly packumentCache full:https://registry.npmjs.org/recast set size:525922 disposed:false
364 silly fetch manifest stringify-object@^5.0.0
365 silly packumentCache full:https://registry.npmjs.org/stringify-object cache-miss
366 http cache https://registry.npmjs.org/stringify-object 1ms (cache hit)
367 silly packumentCache full:https://registry.npmjs.org/stringify-object set size:60566 disposed:false
368 silly fetch manifest ts-morph@^26.0.0
369 silly packumentCache full:https://registry.npmjs.org/ts-morph cache-miss
370 http cache https://registry.npmjs.org/ts-morph 1ms (cache hit)
371 silly packumentCache full:https://registry.npmjs.org/ts-morph set size:540557 disposed:false
372 silly fetch manifest tsconfig-paths@^4.2.0
373 silly packumentCache full:https://registry.npmjs.org/tsconfig-paths cache-miss
374 http cache https://registry.npmjs.org/tsconfig-paths 1ms (cache hit)
375 silly packumentCache full:https://registry.npmjs.org/tsconfig-paths set size:192565 disposed:false
376 silly fetch manifest validate-npm-package-name@^7.0.1
377 silly packumentCache full:https://registry.npmjs.org/validate-npm-package-name cache-miss
378 http cache https://registry.npmjs.org/validate-npm-package-name 1ms (cache hit)
379 silly packumentCache full:https://registry.npmjs.org/validate-npm-package-name set size:48094 disposed:false
380 silly fetch manifest zod@^3.24.1
381 silly packumentCache full:https://registry.npmjs.org/zod cache-miss
382 http cache https://registry.npmjs.org/zod 4ms (cache hit)
383 silly packumentCache full:https://registry.npmjs.org/zod set size:3552562 disposed:false
384 silly fetch manifest zod-to-json-schema@^3.24.6
385 silly packumentCache full:https://registry.npmjs.org/zod-to-json-schema cache-miss
386 http cache https://registry.npmjs.org/zod-to-json-schema 2ms (cache hit)
387 silly packumentCache full:https://registry.npmjs.org/zod-to-json-schema set size:309584 disposed:false
388 http fetch GET 200 https://registry.npmjs.org/@radix-ui%2freact-dismissable-layer 333ms (cache miss)
389 silly packumentCache full:https://registry.npmjs.org/@radix-ui%2freact-dismissable-layer set size:undefined disposed:false
390 http fetch GET 200 https://registry.npmjs.org/@radix-ui%2freact-use-controllable-state 254ms (cache miss)
391 silly packumentCache full:https://registry.npmjs.org/@radix-ui%2freact-use-controllable-state set size:undefined disposed:false
392 http fetch GET 200 https://registry.npmjs.org/@radix-ui%2freact-password-toggle-field 301ms (cache miss)
393 silly packumentCache full:https://registry.npmjs.org/@radix-ui%2freact-password-toggle-field set size:undefined disposed:false
394 http fetch GET 200 https://registry.npmjs.org/@radix-ui%2freact-use-effect-event 534ms (cache miss)
395 silly packumentCache full:https://registry.npmjs.org/@radix-ui%2freact-use-effect-event set size:undefined disposed:false
396 http fetch GET 200 https://registry.npmjs.org/@radix-ui%2freact-use-escape-keydown 566ms (cache miss)
397 silly packumentCache full:https://registry.npmjs.org/@radix-ui%2freact-use-escape-keydown set size:undefined disposed:false
398 http fetch GET 200 https://registry.npmjs.org/@radix-ui%2freact-one-time-password-field 477ms (cache miss)
399 silly packumentCache full:https://registry.npmjs.org/@radix-ui%2freact-one-time-password-field set size:undefined disposed:false
400 http fetch GET 200 https://registry.npmjs.org/@radix-ui%2freact-visually-hidden 801ms (cache miss)
401 silly packumentCache full:https://registry.npmjs.org/@radix-ui%2freact-visually-hidden set size:undefined disposed:false
402 http fetch GET 200 https://registry.npmjs.org/@radix-ui%2freact-use-layout-effect 709ms (cache miss)
403 silly packumentCache full:https://registry.npmjs.org/@radix-ui%2freact-use-layout-effect set size:undefined disposed:false
404 silly fetch manifest @types/react@*
405 silly packumentCache full:https://registry.npmjs.org/@types%2freact cache-miss
406 http cache https://registry.npmjs.org/@types%2freact 8ms (cache hit)
407 silly packumentCache full:https://registry.npmjs.org/@types%2freact set size:2588964 disposed:false
408 silly fetch manifest @types/react-dom@*
409 silly packumentCache full:https://registry.npmjs.org/@types%2freact-dom cache-hit
410 silly fetch manifest react@^16.8 || ^17.0 || ^18.0 || ^19.0 || ^19.0.0-rc
411 silly packumentCache full:https://registry.npmjs.org/react cache-miss
412 http cache https://registry.npmjs.org/react 13ms (cache hit)
413 silly packumentCache full:https://registry.npmjs.org/react set size:6646698 disposed:false
414 silly fetch manifest react-dom@^16.8 || ^17.0 || ^18.0 || ^19.0 || ^19.0.0-rc
415 silly packumentCache full:https://registry.npmjs.org/react-dom cache-miss
416 http cache https://registry.npmjs.org/react-dom 9ms (cache hit)
417 silly packumentCache full:https://registry.npmjs.org/react-dom set size:8862063 disposed:false
418 silly placeDep ROOT @radix-ui/primitive@1.1.3 OK for: radix-ui@1.4.3 want: 1.1.3
419 silly placeDep ROOT @radix-ui/react-accessible-icon@1.1.7 OK for: radix-ui@1.4.3 want: 1.1.7
420 silly placeDep ROOT @radix-ui/react-accordion@1.2.12 OK for: radix-ui@1.4.3 want: 1.2.12
421 silly placeDep ROOT @radix-ui/react-alert-dialog@1.1.15 OK for: radix-ui@1.4.3 want: 1.1.15
422 silly placeDep ROOT @radix-ui/react-arrow@1.1.7 OK for: radix-ui@1.4.3 want: 1.1.7
423 silly placeDep ROOT @radix-ui/react-aspect-ratio@1.1.7 OK for: radix-ui@1.4.3 want: 1.1.7
424 silly placeDep ROOT @radix-ui/react-avatar@1.1.10 OK for: radix-ui@1.4.3 want: 1.1.10
425 silly placeDep ROOT @radix-ui/react-checkbox@1.3.3 OK for: radix-ui@1.4.3 want: 1.3.3
426 silly placeDep ROOT @radix-ui/react-collapsible@1.1.12 OK for: radix-ui@1.4.3 want: 1.1.12
427 silly placeDep ROOT @radix-ui/react-collection@1.1.7 OK for: radix-ui@1.4.3 want: 1.1.7
428 silly placeDep ROOT @radix-ui/react-compose-refs@1.1.2 OK for: radix-ui@1.4.3 want: 1.1.2
429 silly placeDep ROOT @radix-ui/react-context@1.1.2 OK for: radix-ui@1.4.3 want: 1.1.2
430 silly placeDep ROOT @radix-ui/react-context-menu@2.2.16 OK for: radix-ui@1.4.3 want: 2.2.16
431 silly placeDep ROOT @radix-ui/react-dialog@1.1.15 OK for: radix-ui@1.4.3 want: 1.1.15
432 silly placeDep ROOT @radix-ui/react-direction@1.1.1 OK for: radix-ui@1.4.3 want: 1.1.1
433 silly placeDep ROOT @radix-ui/react-dismissable-layer@1.1.11 OK for: radix-ui@1.4.3 want: 1.1.11
434 silly placeDep ROOT @radix-ui/react-dropdown-menu@2.1.16 OK for: radix-ui@1.4.3 want: 2.1.16
435 silly placeDep ROOT @radix-ui/react-focus-guards@1.1.3 OK for: radix-ui@1.4.3 want: 1.1.3
436 silly placeDep ROOT @radix-ui/react-focus-scope@1.1.7 OK for: radix-ui@1.4.3 want: 1.1.7
437 silly placeDep ROOT @radix-ui/react-form@0.1.8 OK for: radix-ui@1.4.3 want: 0.1.8
438 silly placeDep ROOT @radix-ui/react-hover-card@1.1.15 OK for: radix-ui@1.4.3 want: 1.1.15
439 silly placeDep ROOT @radix-ui/react-label@2.1.7 OK for: radix-ui@1.4.3 want: 2.1.7
440 silly placeDep ROOT @radix-ui/react-menu@2.1.16 OK for: radix-ui@1.4.3 want: 2.1.16
441 silly placeDep ROOT @radix-ui/react-menubar@1.1.16 OK for: radix-ui@1.4.3 want: 1.1.16
442 silly placeDep ROOT @radix-ui/react-navigation-menu@1.2.14 OK for: radix-ui@1.4.3 want: 1.2.14
443 silly placeDep ROOT @radix-ui/react-one-time-password-field@0.1.8 OK for: radix-ui@1.4.3 want: 0.1.8
444 silly placeDep ROOT @radix-ui/react-password-toggle-field@0.1.3 OK for: radix-ui@1.4.3 want: 0.1.3
445 silly placeDep ROOT @radix-ui/react-popover@1.1.15 OK for: radix-ui@1.4.3 want: 1.1.15
446 silly placeDep ROOT @radix-ui/react-popper@1.2.8 OK for: radix-ui@1.4.3 want: 1.2.8
447 silly placeDep ROOT @radix-ui/react-portal@1.1.9 OK for: radix-ui@1.4.3 want: 1.1.9
448 silly placeDep ROOT @radix-ui/react-presence@1.1.5 OK for: radix-ui@1.4.3 want: 1.1.5
449 silly placeDep ROOT @radix-ui/react-primitive@2.1.3 OK for: radix-ui@1.4.3 want: 2.1.3
450 silly placeDep ROOT @radix-ui/react-progress@1.1.7 OK for: radix-ui@1.4.3 want: 1.1.7
451 silly placeDep ROOT @radix-ui/react-radio-group@1.3.8 OK for: radix-ui@1.4.3 want: 1.3.8
452 silly placeDep ROOT @radix-ui/react-roving-focus@1.1.11 OK for: radix-ui@1.4.3 want: 1.1.11
453 silly placeDep ROOT @radix-ui/react-scroll-area@1.2.10 OK for: radix-ui@1.4.3 want: 1.2.10
454 silly placeDep ROOT @radix-ui/react-select@2.2.6 OK for: radix-ui@1.4.3 want: 2.2.6
455 silly placeDep ROOT @radix-ui/react-separator@1.1.7 OK for: radix-ui@1.4.3 want: 1.1.7
456 silly placeDep ROOT @radix-ui/react-slider@1.3.6 OK for: radix-ui@1.4.3 want: 1.3.6
457 silly placeDep ROOT @radix-ui/react-slot@1.2.3 OK for: radix-ui@1.4.3 want: 1.2.3
458 silly placeDep ROOT @radix-ui/react-switch@1.2.6 OK for: radix-ui@1.4.3 want: 1.2.6
459 silly placeDep ROOT @radix-ui/react-tabs@1.1.13 OK for: radix-ui@1.4.3 want: 1.1.13
460 silly placeDep ROOT @radix-ui/react-toast@1.2.15 OK for: radix-ui@1.4.3 want: 1.2.15
461 silly placeDep ROOT @radix-ui/react-toggle@1.1.10 OK for: radix-ui@1.4.3 want: 1.1.10
462 silly placeDep ROOT @radix-ui/react-toggle-group@1.1.11 OK for: radix-ui@1.4.3 want: 1.1.11
463 silly placeDep ROOT @radix-ui/react-toolbar@1.1.11 OK for: radix-ui@1.4.3 want: 1.1.11
464 silly placeDep ROOT @radix-ui/react-tooltip@1.2.8 OK for: radix-ui@1.4.3 want: 1.2.8
465 silly placeDep ROOT @radix-ui/react-use-callback-ref@1.1.1 OK for: radix-ui@1.4.3 want: 1.1.1
466 silly placeDep ROOT @radix-ui/react-use-controllable-state@1.2.2 OK for: radix-ui@1.4.3 want: 1.2.2
467 silly placeDep ROOT @radix-ui/react-use-effect-event@0.0.2 OK for: radix-ui@1.4.3 want: 0.0.2
468 silly placeDep ROOT @radix-ui/react-use-escape-keydown@1.1.1 OK for: radix-ui@1.4.3 want: 1.1.1
469 silly placeDep ROOT @radix-ui/react-use-is-hydrated@0.1.0 OK for: radix-ui@1.4.3 want: 0.1.0
470 silly placeDep ROOT @radix-ui/react-use-layout-effect@1.1.1 OK for: radix-ui@1.4.3 want: 1.1.1
471 silly placeDep ROOT @radix-ui/react-use-size@1.1.1 OK for: radix-ui@1.4.3 want: 1.1.1
472 silly placeDep ROOT @radix-ui/react-visually-hidden@1.2.3 OK for: radix-ui@1.4.3 want: 1.2.3
473 silly fetch manifest @radix-ui/react-id@1.1.1
474 silly packumentCache full:https://registry.npmjs.org/@radix-ui%2freact-id cache-miss
475 silly fetch manifest @radix-ui/react-use-previous@1.1.1
476 silly packumentCache full:https://registry.npmjs.org/@radix-ui%2freact-use-previous cache-miss
477 silly fetch manifest @radix-ui/react-id@1.1.1
478 silly packumentCache full:https://registry.npmjs.org/@radix-ui%2freact-id cache-miss
479 silly fetch manifest aria-hidden@^1.2.4
480 silly packumentCache full:https://registry.npmjs.org/aria-hidden cache-miss
481 silly fetch manifest @radix-ui/react-id@1.1.1
482 silly packumentCache full:https://registry.npmjs.org/@radix-ui%2freact-id cache-miss
483 silly fetch manifest react-remove-scroll@^2.6.3
484 silly packumentCache full:https://registry.npmjs.org/react-remove-scroll cache-miss
485 silly fetch manifest @radix-ui/react-id@1.1.1
486 silly packumentCache full:https://registry.npmjs.org/@radix-ui%2freact-id cache-miss
487 silly fetch manifest @radix-ui/react-id@1.1.1
488 silly packumentCache full:https://registry.npmjs.org/@radix-ui%2freact-id cache-miss
489 silly fetch manifest aria-hidden@^1.2.4
490 silly packumentCache full:https://registry.npmjs.org/aria-hidden cache-miss
491 http fetch GET 200 https://registry.npmjs.org/aria-hidden 211ms (cache miss)
492 silly packumentCache full:https://registry.npmjs.org/aria-hidden set size:undefined disposed:false
493 silly fetch manifest @radix-ui/react-id@1.1.1
494 silly packumentCache full:https://registry.npmjs.org/@radix-ui%2freact-id cache-miss
495 http fetch GET 200 https://registry.npmjs.org/@radix-ui%2freact-id 269ms (cache miss)
496 silly packumentCache full:https://registry.npmjs.org/@radix-ui%2freact-id set size:undefined disposed:false
497 silly fetch manifest react-remove-scroll@^2.6.3
498 silly packumentCache full:https://registry.npmjs.org/react-remove-scroll cache-miss
499 http fetch GET 200 https://registry.npmjs.org/@radix-ui%2freact-id 280ms (cache miss)
500 silly packumentCache full:https://registry.npmjs.org/@radix-ui%2freact-id set size:undefined disposed:false
501 silly fetch manifest @radix-ui/react-use-previous@1.1.1
502 silly packumentCache full:https://registry.npmjs.org/@radix-ui%2freact-use-previous cache-miss
503 http fetch GET 200 https://registry.npmjs.org/@radix-ui%2freact-use-previous 285ms (cache miss)
504 silly packumentCache full:https://registry.npmjs.org/@radix-ui%2freact-use-previous set size:undefined disposed:false
505 silly fetch manifest @radix-ui/number@1.1.1
506 silly packumentCache full:https://registry.npmjs.org/@radix-ui%2fnumber cache-miss
507 http fetch GET 200 https://registry.npmjs.org/react-remove-scroll 474ms (cache miss)
508 silly packumentCache full:https://registry.npmjs.org/react-remove-scroll set size:undefined disposed:false
509 silly fetch manifest @radix-ui/rect@1.1.1
510 silly packumentCache full:https://registry.npmjs.org/@radix-ui%2frect cache-miss
511 http fetch GET 200 https://registry.npmjs.org/@radix-ui%2freact-id 272ms (cache miss)
512 silly packumentCache full:https://registry.npmjs.org/@radix-ui%2freact-id set size:undefined disposed:false
513 silly fetch manifest @floating-ui/react-dom@^2.0.0
514 silly packumentCache full:https://registry.npmjs.org/@floating-ui%2freact-dom cache-miss
515 http fetch GET 200 https://registry.npmjs.org/react-remove-scroll 222ms (cache miss)
516 silly packumentCache full:https://registry.npmjs.org/react-remove-scroll set size:undefined disposed:false
517 silly fetch manifest @radix-ui/react-use-rect@1.1.1
518 silly packumentCache full:https://registry.npmjs.org/@radix-ui%2freact-use-rect cache-miss
519 http fetch GET 200 https://registry.npmjs.org/@radix-ui%2fnumber 253ms (cache miss)
520 silly packumentCache full:https://registry.npmjs.org/@radix-ui%2fnumber set size:undefined disposed:false
521 http fetch GET 200 https://registry.npmjs.org/@radix-ui%2freact-use-previous 274ms (cache miss)
522 silly packumentCache full:https://registry.npmjs.org/@radix-ui%2freact-use-previous set size:undefined disposed:false
523 http fetch GET 200 https://registry.npmjs.org/@radix-ui%2freact-id 605ms (cache miss)
524 silly packumentCache full:https://registry.npmjs.org/@radix-ui%2freact-id set size:undefined disposed:false
525 http fetch GET 200 https://registry.npmjs.org/@radix-ui%2freact-id 608ms (cache miss)
526 silly packumentCache full:https://registry.npmjs.org/@radix-ui%2freact-id set size:undefined disposed:false
527 http fetch GET 200 https://registry.npmjs.org/@radix-ui%2freact-id 668ms (cache miss)
528 silly packumentCache full:https://registry.npmjs.org/@radix-ui%2freact-id set size:undefined disposed:false
529 http fetch GET 200 https://registry.npmjs.org/@floating-ui%2freact-dom 241ms (cache miss)
530 silly packumentCache full:https://registry.npmjs.org/@floating-ui%2freact-dom set size:undefined disposed:false
531 http fetch GET 200 https://registry.npmjs.org/@radix-ui%2freact-use-rect 251ms (cache miss)
532 silly packumentCache full:https://registry.npmjs.org/@radix-ui%2freact-use-rect set size:undefined disposed:false
533 http fetch GET 200 https://registry.npmjs.org/@radix-ui%2frect 281ms (cache miss)
534 silly packumentCache full:https://registry.npmjs.org/@radix-ui%2frect set size:undefined disposed:false
535 http fetch GET 200 https://registry.npmjs.org/aria-hidden 814ms (cache miss)
536 silly packumentCache full:https://registry.npmjs.org/aria-hidden set size:undefined disposed:false
537 silly placeDep ROOT @radix-ui/react-id@1.1.1 OK for: @radix-ui/react-accordion@1.2.12 want: 1.1.1
538 silly placeDep ROOT @radix-ui/react-use-previous@1.1.1 OK for: @radix-ui/react-checkbox@1.3.3 want: 1.1.1
539 silly placeDep ROOT aria-hidden@1.2.6 OK for: @radix-ui/react-dialog@1.1.15 want: ^1.2.4
540 silly placeDep ROOT react-remove-scroll@2.7.2 OK for: @radix-ui/react-dialog@1.1.15 want: ^2.6.3
541 silly fetch manifest react-remove-scroll-bar@^2.3.7
542 silly packumentCache full:https://registry.npmjs.org/react-remove-scroll-bar cache-miss
543 silly fetch manifest react-style-singleton@^2.2.3
544 silly packumentCache full:https://registry.npmjs.org/react-style-singleton cache-miss
545 silly fetch manifest use-callback-ref@^1.3.3
546 silly packumentCache full:https://registry.npmjs.org/use-callback-ref cache-miss
547 silly fetch manifest use-sidecar@^1.1.3
548 silly packumentCache full:https://registry.npmjs.org/use-sidecar cache-miss
549 http fetch GET 200 https://registry.npmjs.org/react-style-singleton 214ms (cache miss)
550 silly packumentCache full:https://registry.npmjs.org/react-style-singleton set size:undefined disposed:false
551 http fetch GET 200 https://registry.npmjs.org/react-remove-scroll-bar 222ms (cache miss)
552 silly packumentCache full:https://registry.npmjs.org/react-remove-scroll-bar set size:undefined disposed:false
553 http fetch GET 200 https://registry.npmjs.org/use-callback-ref 450ms (cache miss)
554 silly packumentCache full:https://registry.npmjs.org/use-callback-ref set size:undefined disposed:false
555 http fetch GET 200 https://registry.npmjs.org/use-sidecar 455ms (cache miss)
556 silly packumentCache full:https://registry.npmjs.org/use-sidecar set size:undefined disposed:false
557 silly placeDep ROOT @radix-ui/number@1.1.1 OK for: @radix-ui/react-one-time-password-field@0.1.8 want: 1.1.1
558 silly placeDep ROOT @floating-ui/react-dom@2.1.8 OK for: @radix-ui/react-popper@1.2.8 want: ^2.0.0
559 silly placeDep ROOT @radix-ui/react-use-rect@1.1.1 OK for: @radix-ui/react-popper@1.2.8 want: 1.1.1
560 silly placeDep ROOT @radix-ui/rect@1.1.1 OK for: @radix-ui/react-popper@1.2.8 want: 1.1.1
561 silly fetch manifest @floating-ui/dom@^1.7.6
562 silly packumentCache full:https://registry.npmjs.org/@floating-ui%2fdom cache-miss
563 http fetch GET 200 https://registry.npmjs.org/@floating-ui%2fdom 388ms (cache miss)
564 silly packumentCache full:https://registry.npmjs.org/@floating-ui%2fdom set size:undefined disposed:false
565 silly placeDep ROOT @floating-ui/dom@1.7.6 OK for: @floating-ui/react-dom@2.1.8 want: ^1.7.6
566 silly fetch manifest @floating-ui/core@^1.7.5
567 silly packumentCache full:https://registry.npmjs.org/@floating-ui%2fcore cache-miss
568 silly fetch manifest @floating-ui/utils@^0.2.11
569 silly packumentCache full:https://registry.npmjs.org/@floating-ui%2futils cache-miss
570 http fetch GET 200 https://registry.npmjs.org/@floating-ui%2futils 225ms (cache miss)
571 silly packumentCache full:https://registry.npmjs.org/@floating-ui%2futils set size:undefined disposed:false
572 http fetch GET 200 https://registry.npmjs.org/@floating-ui%2fcore 246ms (cache miss)
573 silly packumentCache full:https://registry.npmjs.org/@floating-ui%2fcore set size:undefined disposed:false
574 silly placeDep ROOT @floating-ui/core@1.7.5 OK for: @floating-ui/dom@1.7.6 want: ^1.7.5
575 silly placeDep ROOT @floating-ui/utils@0.2.11 OK for: @floating-ui/dom@1.7.6 want: ^0.2.11
576 silly fetch manifest react@^16.8.0 || ^17.0.0 || ^18.0.0 || ^19.0.0 || ^19.0.0-rc
577 silly packumentCache full:https://registry.npmjs.org/react cache-miss
578 http cache https://registry.npmjs.org/react 12ms (cache hit)
579 silly packumentCache full:https://registry.npmjs.org/react set size:6646698 disposed:false
580 silly placeDep ROOT react-remove-scroll-bar@2.3.8 OK for: react-remove-scroll@2.7.2 want: ^2.3.7
581 silly placeDep ROOT react-style-singleton@2.2.3 OK for: react-remove-scroll@2.7.2 want: ^2.2.3
582 silly placeDep ROOT use-callback-ref@1.3.3 OK for: react-remove-scroll@2.7.2 want: ^1.3.3
583 silly placeDep ROOT use-sidecar@1.1.3 OK for: react-remove-scroll@2.7.2 want: ^1.1.3
584 silly fetch manifest react-style-singleton@^2.2.2
585 silly packumentCache full:https://registry.npmjs.org/react-style-singleton cache-miss
586 silly fetch manifest get-nonce@^1.0.0
587 silly packumentCache full:https://registry.npmjs.org/get-nonce cache-miss
588 silly fetch manifest detect-node-es@^1.1.0
589 silly packumentCache full:https://registry.npmjs.org/detect-node-es cache-miss
590 http cache https://registry.npmjs.org/react-style-singleton 2ms (cache hit)
591 silly packumentCache full:https://registry.npmjs.org/react-style-singleton set size:33682 disposed:false
592 http fetch GET 200 https://registry.npmjs.org/detect-node-es 205ms (cache miss)
593 silly packumentCache full:https://registry.npmjs.org/detect-node-es set size:undefined disposed:false
594 http fetch GET 200 https://registry.npmjs.org/get-nonce 212ms (cache miss)
595 silly packumentCache full:https://registry.npmjs.org/get-nonce set size:undefined disposed:false
596 silly placeDep ROOT get-nonce@1.0.1 OK for: react-style-singleton@2.2.3 want: ^1.0.0
597 silly fetch manifest @babel/core@^7.28.0
598 silly packumentCache full:https://registry.npmjs.org/@babel%2fcore cache-miss
599 http cache https://registry.npmjs.org/@babel%2fcore 5ms (cache hit)
600 silly packumentCache full:https://registry.npmjs.org/@babel%2fcore set size:764052 disposed:false
601 silly fetch manifest @cfworker/json-schema@^4.1.1
602 silly packumentCache full:https://registry.npmjs.org/@cfworker%2fjson-schema cache-miss
603 http cache https://registry.npmjs.org/@cfworker%2fjson-schema 4ms (cache hit)
604 silly packumentCache full:https://registry.npmjs.org/@cfworker%2fjson-schema set size:144207 disposed:false
605 silly fetch manifest typescript@>=4.9.5
606 silly packumentCache full:https://registry.npmjs.org/typescript cache-miss
607 http cache https://registry.npmjs.org/typescript 22ms (cache hit)
608 silly packumentCache full:https://registry.npmjs.org/typescript set size:15409943 disposed:false
609 silly fetch manifest babel-plugin-macros@^3.1.0
610 silly packumentCache full:https://registry.npmjs.org/babel-plugin-macros cache-miss
611 http cache https://registry.npmjs.org/babel-plugin-macros 6ms (cache hit)
612 silly packumentCache full:https://registry.npmjs.org/babel-plugin-macros set size:124320 disposed:false
613 silly fetch manifest typescript@>= 4.8.x
614 silly packumentCache full:https://registry.npmjs.org/typescript cache-miss
615 http cache https://registry.npmjs.org/typescript 13ms (cache hit)
616 silly packumentCache full:https://registry.npmjs.org/typescript set size:15409943 disposed:false
617 silly placeDep ROOT @babel/plugin-transform-typescript@7.28.6 OK for: shadcn@4.7.0 want: ^7.28.0
618 silly placeDep ROOT @babel/preset-typescript@7.28.5 OK for: shadcn@4.7.0 want: ^7.27.1
619 silly placeDep ROOT @dotenvx/dotenvx@1.65.0 OK for: shadcn@4.7.0 want: ^1.48.4
620 silly placeDep ROOT @modelcontextprotocol/sdk@1.29.0 OK for: shadcn@4.7.0 want: ^1.26.0
621 silly placeDep ROOT @types/validate-npm-package-name@4.0.2 OK for: shadcn@4.7.0 want: ^4.0.2
622 silly placeDep ROOT commander@14.0.3 OK for: shadcn@4.7.0 want: ^14.0.0
623 silly placeDep ROOT cosmiconfig@9.0.1 OK for: shadcn@4.7.0 want: ^9.0.0
624 silly placeDep ROOT dedent@1.7.2 OK for: shadcn@4.7.0 want: ^1.6.0
625 silly placeDep ROOT deepmerge@4.3.1 OK for: shadcn@4.7.0 want: ^4.3.1
626 silly placeDep ROOT diff@8.0.4 OK for: shadcn@4.7.0 want: ^8.0.2
627 silly placeDep ROOT execa@9.6.1 OK for: shadcn@4.7.0 want: ^9.6.0
628 silly placeDep node_modules/shadcn fast-glob@3.3.3 OK for: shadcn@4.7.0 want: ^3.3.3
629 silly placeDep ROOT fs-extra@11.3.5 OK for: shadcn@4.7.0 want: ^11.3.1
630 silly placeDep ROOT fuzzysort@3.1.0 OK for: shadcn@4.7.0 want: ^3.1.0
631 silly placeDep ROOT https-proxy-agent@7.0.6 OK for: shadcn@4.7.0 want: ^7.0.6
632 silly placeDep ROOT kleur@4.1.5 OK for: shadcn@4.7.0 want: ^4.1.5
633 silly placeDep ROOT msw@2.14.5 OK for: shadcn@4.7.0 want: ^2.10.4
634 silly placeDep ROOT node-fetch@3.3.2 OK for: shadcn@4.7.0 want: ^3.3.2
635 silly placeDep ROOT open@11.0.0 OK for: shadcn@4.7.0 want: ^11.0.0
636 silly placeDep ROOT ora@8.2.0 OK for: shadcn@4.7.0 want: ^8.2.0
637 silly placeDep ROOT postcss-selector-parser@7.1.1 OK for: shadcn@4.7.0 want: ^7.1.0
638 silly placeDep ROOT prompts@2.4.2 OK for: shadcn@4.7.0 want: ^2.4.2
639 silly placeDep ROOT recast@0.23.11 OK for: shadcn@4.7.0 want: ^0.23.11
640 silly placeDep ROOT stringify-object@5.0.0 OK for: shadcn@4.7.0 want: ^5.0.0
641 silly placeDep ROOT ts-morph@26.0.0 OK for: shadcn@4.7.0 want: ^26.0.0
642 silly placeDep node_modules/shadcn tsconfig-paths@4.2.0 OK for: shadcn@4.7.0 want: ^4.2.0
643 silly placeDep ROOT validate-npm-package-name@7.0.2 OK for: shadcn@4.7.0 want: ^7.0.1
644 silly placeDep node_modules/shadcn zod@3.25.76 OK for: shadcn@4.7.0 want: ^3.24.1
645 silly placeDep ROOT zod-to-json-schema@3.25.2 OK for: shadcn@4.7.0 want: ^3.24.6
646 silly fetch manifest @babel/helper-plugin-utils@^7.28.6
647 silly packumentCache full:https://registry.npmjs.org/@babel%2fhelper-plugin-utils cache-miss
648 silly fetch manifest @babel/helper-annotate-as-pure@^7.27.3
649 silly packumentCache full:https://registry.npmjs.org/@babel%2fhelper-annotate-as-pure cache-miss
650 silly fetch manifest @babel/plugin-syntax-typescript@^7.28.6
651 silly packumentCache full:https://registry.npmjs.org/@babel%2fplugin-syntax-typescript cache-miss
652 silly fetch manifest @babel/helper-create-class-features-plugin@^7.28.6
653 silly packumentCache full:https://registry.npmjs.org/@babel%2fhelper-create-class-features-plugin cache-miss
654 silly fetch manifest @babel/helper-skip-transparent-expression-wrappers@^7.27.1
655 silly packumentCache full:https://registry.npmjs.org/@babel%2fhelper-skip-transparent-expression-wrappers cache-miss
656 silly fetch manifest @babel/plugin-syntax-jsx@^7.27.1
657 silly packumentCache full:https://registry.npmjs.org/@babel%2fplugin-syntax-jsx cache-miss
658 silly fetch manifest @babel/helper-plugin-utils@^7.27.1
659 silly packumentCache full:https://registry.npmjs.org/@babel%2fhelper-plugin-utils cache-miss
660 silly fetch manifest @babel/plugin-transform-modules-commonjs@^7.27.1
661 silly packumentCache full:https://registry.npmjs.org/@babel%2fplugin-transform-modules-commonjs cache-miss
662 silly fetch manifest commander@^11.1.0
663 silly packumentCache full:https://registry.npmjs.org/commander cache-hit
664 silly fetch manifest dotenv@^17.2.1
665 silly packumentCache full:https://registry.npmjs.org/dotenv cache-miss
666 http cache https://registry.npmjs.org/@babel%2fhelper-skip-transparent-expression-wrappers 4ms (cache hit)
667 silly packumentCache full:https://registry.npmjs.org/@babel%2fhelper-skip-transparent-expression-wrappers set size:97491 disposed:false
668 silly fetch manifest eciesjs@^0.4.10
669 silly packumentCache full:https://registry.npmjs.org/eciesjs cache-miss
670 http cache https://registry.npmjs.org/@babel%2fplugin-syntax-typescript 5ms (cache hit)
671 silly packumentCache full:https://registry.npmjs.org/@babel%2fplugin-syntax-typescript set size:208371 disposed:false
672 silly fetch manifest execa@^5.1.1
673 silly packumentCache full:https://registry.npmjs.org/execa cache-hit
674 silly fetch manifest fdir@^6.2.0
675 silly packumentCache full:https://registry.npmjs.org/fdir cache-miss
676 http cache https://registry.npmjs.org/@babel%2fplugin-syntax-jsx 8ms (cache hit)
677 silly packumentCache full:https://registry.npmjs.org/@babel%2fplugin-syntax-jsx set size:184898 disposed:false
678 silly fetch manifest object-treeify@1.1.33
679 silly packumentCache full:https://registry.npmjs.org/object-treeify cache-miss
680 http cache https://registry.npmjs.org/@babel%2fhelper-annotate-as-pure 8ms (cache hit)
681 silly packumentCache full:https://registry.npmjs.org/@babel%2fhelper-annotate-as-pure set size:173521 disposed:false
682 silly fetch manifest picomatch@^4.0.4
683 silly packumentCache full:https://registry.npmjs.org/picomatch cache-miss
684 http cache https://registry.npmjs.org/@babel%2fhelper-create-class-features-plugin 9ms (cache hit)
685 silly packumentCache full:https://registry.npmjs.org/@babel%2fhelper-create-class-features-plugin set size:369767 disposed:false
686 silly fetch manifest which@^4.0.0
687 silly packumentCache full:https://registry.npmjs.org/which cache-miss
688 http cache https://registry.npmjs.org/@babel%2fhelper-plugin-utils 12ms (cache hit)
689 silly packumentCache full:https://registry.npmjs.org/@babel%2fhelper-plugin-utils set size:165818 disposed:false
690 silly fetch manifest yocto-spinner@^1.1.0
691 silly packumentCache full:https://registry.npmjs.org/yocto-spinner cache-miss
692 http cache https://registry.npmjs.org/@babel%2fplugin-transform-modules-commonjs 14ms (cache hit)
693 silly packumentCache full:https://registry.npmjs.org/@babel%2fplugin-transform-modules-commonjs set size:301938 disposed:false
694 silly fetch manifest @hono/node-server@^1.19.9
695 silly packumentCache full:https://registry.npmjs.org/@hono%2fnode-server cache-miss
696 http cache https://registry.npmjs.org/@babel%2fhelper-plugin-utils 15ms (cache hit)
697 silly packumentCache full:https://registry.npmjs.org/@babel%2fhelper-plugin-utils set size:165818 disposed:false
698 silly packumentCache full:https://registry.npmjs.org/@babel%2fhelper-plugin-utils dispose
699 silly fetch manifest ajv@^8.17.1
700 silly packumentCache full:https://registry.npmjs.org/ajv cache-miss
701 http cache https://registry.npmjs.org/dotenv 15ms (cache hit)
702 silly packumentCache full:https://registry.npmjs.org/dotenv set size:277832 disposed:false
703 silly fetch manifest ajv-formats@^3.0.1
704 silly packumentCache full:https://registry.npmjs.org/ajv-formats cache-miss
705 http cache https://registry.npmjs.org/fdir 12ms (cache hit)
706 silly packumentCache full:https://registry.npmjs.org/fdir set size:136182 disposed:false
707 silly fetch manifest content-type@^1.0.5
708 silly packumentCache full:https://registry.npmjs.org/content-type cache-miss
709 http cache https://registry.npmjs.org/which 9ms (cache hit)
710 silly packumentCache full:https://registry.npmjs.org/which set size:67698 disposed:false
711 silly fetch manifest cors@^2.8.5
712 silly packumentCache full:https://registry.npmjs.org/cors cache-miss
713 http cache https://registry.npmjs.org/eciesjs 15ms (cache hit)
714 silly packumentCache full:https://registry.npmjs.org/eciesjs set size:137039 disposed:false
715 silly fetch manifest eventsource@^3.0.2
716 silly packumentCache full:https://registry.npmjs.org/eventsource cache-miss
717 http cache https://registry.npmjs.org/@hono%2fnode-server 6ms (cache hit)
718 silly packumentCache full:https://registry.npmjs.org/@hono%2fnode-server set size:251493 disposed:false
719 silly fetch manifest eventsource-parser@^3.0.0
720 silly packumentCache full:https://registry.npmjs.org/eventsource-parser cache-miss
721 http cache https://registry.npmjs.org/picomatch 13ms (cache hit)
722 silly packumentCache full:https://registry.npmjs.org/picomatch set size:126376 disposed:false
723 silly fetch manifest express@^5.2.1
724 silly packumentCache full:https://registry.npmjs.org/express cache-miss
725 http cache https://registry.npmjs.org/object-treeify 15ms (cache hit)
726 silly packumentCache full:https://registry.npmjs.org/object-treeify set size:214540 disposed:false
727 silly fetch manifest express-rate-limit@^8.2.1
728 silly packumentCache full:https://registry.npmjs.org/express-rate-limit cache-miss
729 http cache https://registry.npmjs.org/ajv 10ms (cache hit)
730 silly packumentCache full:https://registry.npmjs.org/ajv set size:1142658 disposed:false
731 silly fetch manifest hono@^4.11.4
732 silly packumentCache full:https://registry.npmjs.org/hono cache-miss
733 http cache https://registry.npmjs.org/yocto-spinner 14ms (cache hit)
734 silly packumentCache full:https://registry.npmjs.org/yocto-spinner set size:26302 disposed:false
735 silly fetch manifest jose@^6.1.3
736 silly packumentCache full:https://registry.npmjs.org/jose cache-miss
737 http cache https://registry.npmjs.org/ajv-formats 11ms (cache hit)
738 silly packumentCache full:https://registry.npmjs.org/ajv-formats set size:141264 disposed:false
739 silly fetch manifest json-schema-typed@^8.0.2
740 silly packumentCache full:https://registry.npmjs.org/json-schema-typed cache-miss
741 http cache https://registry.npmjs.org/eventsource 9ms (cache hit)
742 silly packumentCache full:https://registry.npmjs.org/eventsource set size:128214 disposed:false
743 silly fetch manifest pkce-challenge@^5.0.0
744 silly packumentCache full:https://registry.npmjs.org/pkce-challenge cache-miss
745 http cache https://registry.npmjs.org/content-type 13ms (cache hit)
746 silly packumentCache full:https://registry.npmjs.org/content-type set size:17311 disposed:false
747 silly fetch manifest raw-body@^3.0.0
748 silly packumentCache full:https://registry.npmjs.org/raw-body cache-miss
749 http cache https://registry.npmjs.org/cors 12ms (cache hit)
750 silly packumentCache full:https://registry.npmjs.org/cors set size:77956 disposed:false
751 silly fetch manifest zod-to-json-schema@^3.25.1
752 silly packumentCache full:https://registry.npmjs.org/zod-to-json-schema cache-hit
753 silly fetch manifest env-paths@^2.2.1
754 silly packumentCache full:https://registry.npmjs.org/env-paths cache-miss
755 http cache https://registry.npmjs.org/express 10ms (cache hit)
756 silly packumentCache full:https://registry.npmjs.org/express set size:801278 disposed:false
757 silly fetch manifest parse-json@^5.2.0
758 silly packumentCache full:https://registry.npmjs.org/parse-json cache-miss
759 http cache https://registry.npmjs.org/express-rate-limit 12ms (cache hit)
760 silly packumentCache full:https://registry.npmjs.org/express-rate-limit set size:439430 disposed:false
761 silly fetch manifest @sindresorhus/merge-streams@^4.0.0
762 silly packumentCache full:https://registry.npmjs.org/@sindresorhus%2fmerge-streams cache-miss
763 http cache https://registry.npmjs.org/hono 14ms (cache hit)
764 silly packumentCache full:https://registry.npmjs.org/hono set size:5698400 disposed:false
765 silly fetch manifest figures@^6.1.0
766 silly packumentCache full:https://registry.npmjs.org/figures cache-miss
767 http cache https://registry.npmjs.org/jose 25ms (cache hit)
768 silly packumentCache full:https://registry.npmjs.org/jose set size:1413195 disposed:false
769 silly fetch manifest get-stream@^9.0.0
770 silly packumentCache full:https://registry.npmjs.org/get-stream cache-miss
771 http cache https://registry.npmjs.org/eventsource-parser 35ms (cache hit)
772 silly packumentCache full:https://registry.npmjs.org/eventsource-parser set size:72949 disposed:false
773 silly fetch manifest human-signals@^8.0.1
774 silly packumentCache full:https://registry.npmjs.org/human-signals cache-miss
775 http cache https://registry.npmjs.org/json-schema-typed 29ms (cache hit)
776 silly packumentCache full:https://registry.npmjs.org/json-schema-typed set size:26165 disposed:false
777 silly fetch manifest is-plain-obj@^4.1.0
778 silly packumentCache full:https://registry.npmjs.org/is-plain-obj cache-miss
779 http cache https://registry.npmjs.org/parse-json 23ms (cache hit)
780 silly packumentCache full:https://registry.npmjs.org/parse-json set size:48198 disposed:false
781 silly fetch manifest is-stream@^4.0.1
782 silly packumentCache full:https://registry.npmjs.org/is-stream cache-miss
783 http cache https://registry.npmjs.org/@sindresorhus%2fmerge-streams 22ms (cache hit)
784 silly packumentCache full:https://registry.npmjs.org/@sindresorhus%2fmerge-streams set size:23303 disposed:false
785 silly fetch manifest npm-run-path@^6.0.0
786 silly packumentCache full:https://registry.npmjs.org/npm-run-path cache-miss
787 http cache https://registry.npmjs.org/raw-body 28ms (cache hit)
788 silly packumentCache full:https://registry.npmjs.org/raw-body set size:117822 disposed:false
789 silly fetch manifest pretty-ms@^9.2.0
790 silly packumentCache full:https://registry.npmjs.org/pretty-ms cache-miss
791 http cache https://registry.npmjs.org/pkce-challenge 29ms (cache hit)
792 silly packumentCache full:https://registry.npmjs.org/pkce-challenge set size:37734 disposed:false
793 silly fetch manifest signal-exit@^4.1.0
794 silly packumentCache full:https://registry.npmjs.org/signal-exit cache-miss
795 http cache https://registry.npmjs.org/figures 9ms (cache hit)
796 silly packumentCache full:https://registry.npmjs.org/figures set size:64597 disposed:false
797 silly fetch manifest strip-final-newline@^4.0.0
798 silly packumentCache full:https://registry.npmjs.org/strip-final-newline cache-miss
799 http cache https://registry.npmjs.org/env-paths 28ms (cache hit)
800 silly packumentCache full:https://registry.npmjs.org/env-paths set size:26913 disposed:false
801 silly fetch manifest yoctocolors@^2.1.1
802 silly packumentCache full:https://registry.npmjs.org/yoctocolors cache-miss
803 http cache https://registry.npmjs.org/get-stream 5ms (cache hit)
804 silly packumentCache full:https://registry.npmjs.org/get-stream set size:57536 disposed:false
805 silly fetch manifest glob-parent@^5.1.2
806 silly packumentCache full:https://registry.npmjs.org/glob-parent cache-miss
807 http cache https://registry.npmjs.org/human-signals 6ms (cache hit)
808 silly packumentCache full:https://registry.npmjs.org/human-signals set size:47322 disposed:false
809 silly fetch manifest jsonfile@^6.0.1
810 silly packumentCache full:https://registry.npmjs.org/jsonfile cache-miss
811 http cache https://registry.npmjs.org/is-plain-obj 5ms (cache hit)
812 silly packumentCache full:https://registry.npmjs.org/is-plain-obj set size:17899 disposed:false
813 silly fetch manifest universalify@^2.0.0
814 silly packumentCache full:https://registry.npmjs.org/universalify cache-miss
815 http cache https://registry.npmjs.org/strip-final-newline 3ms (cache hit)
816 silly packumentCache full:https://registry.npmjs.org/strip-final-newline set size:9328 disposed:false
817 silly fetch manifest agent-base@^7.1.2
818 silly packumentCache full:https://registry.npmjs.org/agent-base cache-miss
819 http cache https://registry.npmjs.org/is-stream 6ms (cache hit)
820 silly packumentCache full:https://registry.npmjs.org/is-stream set size:18582 disposed:false
821 silly fetch manifest @inquirer/confirm@^6.0.11
822 silly packumentCache full:https://registry.npmjs.org/@inquirer%2fconfirm cache-miss
823 http cache https://registry.npmjs.org/npm-run-path 5ms (cache hit)
824 silly packumentCache full:https://registry.npmjs.org/npm-run-path set size:33596 disposed:false
825 silly fetch manifest @mswjs/interceptors@^0.41.3
826 silly packumentCache full:https://registry.npmjs.org/@mswjs%2finterceptors cache-miss
827 http cache https://registry.npmjs.org/pretty-ms 6ms (cache hit)
828 silly packumentCache full:https://registry.npmjs.org/pretty-ms set size:61783 disposed:false
829 silly fetch manifest @open-draft/deferred-promise@^3.0.0
830 silly packumentCache full:https://registry.npmjs.org/@open-draft%2fdeferred-promise cache-miss
831 http cache https://registry.npmjs.org/yoctocolors 5ms (cache hit)
832 silly packumentCache full:https://registry.npmjs.org/yoctocolors set size:25767 disposed:false
833 silly fetch manifest @types/statuses@^2.0.6
834 silly packumentCache full:https://registry.npmjs.org/@types%2fstatuses cache-miss
835 http cache https://registry.npmjs.org/signal-exit 5ms (cache hit)
836 silly packumentCache full:https://registry.npmjs.org/signal-exit set size:53489 disposed:false
837 silly fetch manifest graphql@^16.13.2
838 silly packumentCache full:https://registry.npmjs.org/graphql cache-miss
839 http cache https://registry.npmjs.org/glob-parent 5ms (cache hit)
840 silly packumentCache full:https://registry.npmjs.org/glob-parent set size:42445 disposed:false
841 silly fetch manifest headers-polyfill@^5.0.1
842 silly packumentCache full:https://registry.npmjs.org/headers-polyfill cache-miss
843 http cache https://registry.npmjs.org/jsonfile 5ms (cache hit)
844 silly packumentCache full:https://registry.npmjs.org/jsonfile set size:53210 disposed:false
845 silly fetch manifest is-node-process@^1.2.0
846 silly packumentCache full:https://registry.npmjs.org/is-node-process cache-miss
847 http cache https://registry.npmjs.org/universalify 6ms (cache hit)
848 silly packumentCache full:https://registry.npmjs.org/universalify set size:19431 disposed:false
849 silly fetch manifest outvariant@^1.4.3
850 silly packumentCache full:https://registry.npmjs.org/outvariant cache-miss
851 http cache https://registry.npmjs.org/agent-base 4ms (cache hit)
852 silly packumentCache full:https://registry.npmjs.org/agent-base set size:72085 disposed:false
853 silly fetch manifest path-to-regexp@^6.3.0
854 silly packumentCache full:https://registry.npmjs.org/path-to-regexp cache-miss
855 http cache https://registry.npmjs.org/@open-draft%2fdeferred-promise 4ms (cache hit)
856 silly packumentCache full:https://registry.npmjs.org/@open-draft%2fdeferred-promise set size:31728 disposed:false
857 silly fetch manifest rettime@^0.11.11
858 silly packumentCache full:https://registry.npmjs.org/rettime cache-miss
859 http cache https://registry.npmjs.org/@types%2fstatuses 4ms (cache hit)
860 silly packumentCache full:https://registry.npmjs.org/@types%2fstatuses set size:39603 disposed:false
861 silly fetch manifest statuses@^2.0.2
862 silly packumentCache full:https://registry.npmjs.org/statuses cache-miss
863 http cache https://registry.npmjs.org/@inquirer%2fconfirm 6ms (cache hit)
864 silly packumentCache full:https://registry.npmjs.org/@inquirer%2fconfirm set size:313542 disposed:false
865 silly fetch manifest strict-event-emitter@^0.5.1
866 silly packumentCache full:https://registry.npmjs.org/strict-event-emitter cache-miss
867 http cache https://registry.npmjs.org/@mswjs%2finterceptors 7ms (cache hit)
868 silly packumentCache full:https://registry.npmjs.org/@mswjs%2finterceptors set size:1127330 disposed:false
869 silly fetch manifest tough-cookie@^6.0.1
870 silly packumentCache full:https://registry.npmjs.org/tough-cookie cache-miss
871 http cache https://registry.npmjs.org/headers-polyfill 9ms (cache hit)
872 silly packumentCache full:https://registry.npmjs.org/headers-polyfill set size:74536 disposed:false
873 silly fetch manifest type-fest@^5.5.0
874 silly packumentCache full:https://registry.npmjs.org/type-fest cache-miss
875 http cache https://registry.npmjs.org/graphql 10ms (cache hit)
876 silly packumentCache full:https://registry.npmjs.org/graphql set size:838242 disposed:false
877 silly fetch manifest until-async@^3.0.2
878 silly packumentCache full:https://registry.npmjs.org/until-async cache-miss
879 http cache https://registry.npmjs.org/is-node-process 11ms (cache hit)
880 silly packumentCache full:https://registry.npmjs.org/is-node-process set size:12779 disposed:false
881 silly fetch manifest yargs@^17.7.2
882 silly packumentCache full:https://registry.npmjs.org/yargs cache-miss
883 http cache https://registry.npmjs.org/outvariant 11ms (cache hit)
884 silly packumentCache full:https://registry.npmjs.org/outvariant set size:39905 disposed:false
885 silly fetch manifest data-uri-to-buffer@^4.0.0
886 silly packumentCache full:https://registry.npmjs.org/data-uri-to-buffer cache-miss
887 http cache https://registry.npmjs.org/rettime 11ms (cache hit)
888 silly packumentCache full:https://registry.npmjs.org/rettime set size:84690 disposed:false
889 silly fetch manifest fetch-blob@^3.1.4
890 silly packumentCache full:https://registry.npmjs.org/fetch-blob cache-miss
891 http cache https://registry.npmjs.org/path-to-regexp 12ms (cache hit)
892 silly packumentCache full:https://registry.npmjs.org/path-to-regexp set size:216334 disposed:false
893 silly fetch manifest formdata-polyfill@^4.0.10
894 silly packumentCache full:https://registry.npmjs.org/formdata-polyfill cache-miss
895 http cache https://registry.npmjs.org/tough-cookie 7ms (cache hit)
896 silly packumentCache full:https://registry.npmjs.org/tough-cookie set size:149007 disposed:false
897 silly fetch manifest default-browser@^5.4.0
898 silly packumentCache full:https://registry.npmjs.org/default-browser cache-miss
899 http cache https://registry.npmjs.org/strict-event-emitter 12ms (cache hit)
900 silly packumentCache full:https://registry.npmjs.org/strict-event-emitter set size:59367 disposed:false
901 silly fetch manifest define-lazy-prop@^3.0.0
902 silly packumentCache full:https://registry.npmjs.org/define-lazy-prop cache-miss
903 http cache https://registry.npmjs.org/statuses 13ms (cache hit)
904 silly packumentCache full:https://registry.npmjs.org/statuses set size:37117 disposed:false
905 silly fetch manifest is-in-ssh@^1.0.0
906 silly packumentCache full:https://registry.npmjs.org/is-in-ssh cache-miss
907 http cache https://registry.npmjs.org/until-async 6ms (cache hit)
908 silly packumentCache full:https://registry.npmjs.org/until-async set size:5797 disposed:false
909 silly fetch manifest is-inside-container@^1.0.0
910 silly packumentCache full:https://registry.npmjs.org/is-inside-container cache-miss
911 http cache https://registry.npmjs.org/type-fest 9ms (cache hit)
912 silly packumentCache full:https://registry.npmjs.org/type-fest set size:560517 disposed:false
913 silly fetch manifest powershell-utils@^0.1.0
914 silly packumentCache full:https://registry.npmjs.org/powershell-utils cache-miss
915 http cache https://registry.npmjs.org/yargs 8ms (cache hit)
916 silly packumentCache full:https://registry.npmjs.org/yargs set size:743056 disposed:false
917 silly fetch manifest wsl-utils@^0.3.0
918 silly packumentCache full:https://registry.npmjs.org/wsl-utils cache-miss
919 http cache https://registry.npmjs.org/data-uri-to-buffer 10ms (cache hit)
920 silly packumentCache full:https://registry.npmjs.org/data-uri-to-buffer set size:48018 disposed:false
921 silly fetch manifest chalk@^5.3.0
922 silly packumentCache full:https://registry.npmjs.org/chalk cache-miss
923 http cache https://registry.npmjs.org/fetch-blob 11ms (cache hit)
924 silly packumentCache full:https://registry.npmjs.org/fetch-blob set size:73704 disposed:false
925 silly fetch manifest cli-cursor@^5.0.0
926 silly packumentCache full:https://registry.npmjs.org/cli-cursor cache-miss
927 http cache https://registry.npmjs.org/formdata-polyfill 10ms (cache hit)
928 silly packumentCache full:https://registry.npmjs.org/formdata-polyfill set size:94446 disposed:false
929 silly fetch manifest strip-ansi@^7.1.0
930 silly packumentCache full:https://registry.npmjs.org/strip-ansi cache-miss
931 http cache https://registry.npmjs.org/is-in-ssh 8ms (cache hit)
932 silly packumentCache full:https://registry.npmjs.org/is-in-ssh set size:3973 disposed:false
933 silly fetch manifest log-symbols@^6.0.0
934 silly packumentCache full:https://registry.npmjs.org/log-symbols cache-miss
935 http cache https://registry.npmjs.org/define-lazy-prop 10ms (cache hit)
936 silly packumentCache full:https://registry.npmjs.org/define-lazy-prop set size:9337 disposed:false
937 silly fetch manifest cli-spinners@^2.9.2
938 silly packumentCache full:https://registry.npmjs.org/cli-spinners cache-miss
939 http cache https://registry.npmjs.org/default-browser 10ms (cache hit)
940 silly packumentCache full:https://registry.npmjs.org/default-browser set size:31475 disposed:false
941 silly fetch manifest string-width@^7.2.0
942 silly packumentCache full:https://registry.npmjs.org/string-width cache-miss
943 http cache https://registry.npmjs.org/is-inside-container 9ms (cache hit)
944 silly packumentCache full:https://registry.npmjs.org/is-inside-container set size:4403 disposed:false
945 silly fetch manifest is-interactive@^2.0.0
946 silly packumentCache full:https://registry.npmjs.org/is-interactive cache-miss
947 http cache https://registry.npmjs.org/powershell-utils 7ms (cache hit)
948 silly packumentCache full:https://registry.npmjs.org/powershell-utils set size:9284 disposed:false
949 silly fetch manifest stdin-discarder@^0.2.2
950 silly packumentCache full:https://registry.npmjs.org/stdin-discarder cache-miss
951 http cache https://registry.npmjs.org/wsl-utils 7ms (cache hit)
952 silly packumentCache full:https://registry.npmjs.org/wsl-utils set size:15127 disposed:false
953 silly fetch manifest is-unicode-supported@^2.0.0
954 silly packumentCache full:https://registry.npmjs.org/is-unicode-supported cache-miss
955 http cache https://registry.npmjs.org/cli-cursor 7ms (cache hit)
956 silly packumentCache full:https://registry.npmjs.org/cli-cursor set size:18913 disposed:false
957 silly fetch manifest cssesc@^3.0.0
958 silly packumentCache full:https://registry.npmjs.org/cssesc cache-miss
959 http cache https://registry.npmjs.org/chalk 8ms (cache hit)
960 silly packumentCache full:https://registry.npmjs.org/chalk set size:117861 disposed:false
961 silly fetch manifest util-deprecate@^1.0.2
962 silly packumentCache full:https://registry.npmjs.org/util-deprecate cache-miss
963 http cache https://registry.npmjs.org/strip-ansi 8ms (cache hit)
964 silly packumentCache full:https://registry.npmjs.org/strip-ansi set size:44998 disposed:false
965 silly fetch manifest kleur@^3.0.3
966 silly packumentCache full:https://registry.npmjs.org/kleur cache-hit
967 silly fetch manifest sisteransi@^1.0.5
968 silly packumentCache full:https://registry.npmjs.org/sisteransi cache-miss
969 http cache https://registry.npmjs.org/log-symbols 8ms (cache hit)
970 silly packumentCache full:https://registry.npmjs.org/log-symbols set size:31977 disposed:false
971 silly fetch manifest ast-types@^0.16.1
972 silly packumentCache full:https://registry.npmjs.org/ast-types cache-miss
973 http cache https://registry.npmjs.org/is-interactive 7ms (cache hit)
974 silly packumentCache full:https://registry.npmjs.org/is-interactive set size:10692 disposed:false
975 silly fetch manifest esprima@~4.0.0
976 silly packumentCache full:https://registry.npmjs.org/esprima cache-miss
977 http cache https://registry.npmjs.org/cli-spinners 8ms (cache hit)
978 silly packumentCache full:https://registry.npmjs.org/cli-spinners set size:67473 disposed:false
979 silly fetch manifest source-map@~0.6.1
980 silly packumentCache full:https://registry.npmjs.org/source-map cache-miss
981 http cache https://registry.npmjs.org/stdin-discarder 8ms (cache hit)
982 silly packumentCache full:https://registry.npmjs.org/stdin-discarder set size:15211 disposed:false
983 silly fetch manifest is-obj@^3.0.0
984 silly packumentCache full:https://registry.npmjs.org/is-obj cache-miss
985 http cache https://registry.npmjs.org/string-width 9ms (cache hit)
986 silly packumentCache full:https://registry.npmjs.org/string-width set size:70381 disposed:false
987 silly fetch manifest is-regexp@^3.1.0
988 silly packumentCache full:https://registry.npmjs.org/is-regexp cache-miss
989 http cache https://registry.npmjs.org/is-unicode-supported 5ms (cache hit)
990 silly packumentCache full:https://registry.npmjs.org/is-unicode-supported set size:19461 disposed:false
991 silly fetch manifest get-own-enumerable-keys@^1.0.0
992 silly packumentCache full:https://registry.npmjs.org/get-own-enumerable-keys cache-miss
993 http cache https://registry.npmjs.org/sisteransi 4ms (cache hit)
994 silly packumentCache full:https://registry.npmjs.org/sisteransi set size:23215 disposed:false
995 silly fetch manifest @ts-morph/common@~0.27.0
996 silly packumentCache full:https://registry.npmjs.org/@ts-morph%2fcommon cache-miss
997 http cache https://registry.npmjs.org/util-deprecate 4ms (cache hit)
998 silly packumentCache full:https://registry.npmjs.org/util-deprecate set size:6674 disposed:false
999 silly fetch manifest code-block-writer@^13.0.3
1000 silly packumentCache full:https://registry.npmjs.org/code-block-writer cache-miss
1001 http cache https://registry.npmjs.org/cssesc 5ms (cache hit)
1002 silly packumentCache full:https://registry.npmjs.org/cssesc set size:18815 disposed:false
1003 http cache https://registry.npmjs.org/esprima 4ms (cache hit)
1004 silly packumentCache full:https://registry.npmjs.org/esprima set size:118410 disposed:false
1005 http cache https://registry.npmjs.org/ast-types 5ms (cache hit)
1006 silly packumentCache full:https://registry.npmjs.org/ast-types set size:443020 disposed:false
1007 http cache https://registry.npmjs.org/source-map 6ms (cache hit)
1008 silly packumentCache full:https://registry.npmjs.org/source-map set size:226212 disposed:false
1009 http cache https://registry.npmjs.org/is-obj 6ms (cache hit)
1010 silly packumentCache full:https://registry.npmjs.org/is-obj set size:9560 disposed:false
1011 http cache https://registry.npmjs.org/is-regexp 6ms (cache hit)
1012 silly packumentCache full:https://registry.npmjs.org/is-regexp set size:12459 disposed:false
1013 http cache https://registry.npmjs.org/get-own-enumerable-keys 6ms (cache hit)
1014 silly packumentCache full:https://registry.npmjs.org/get-own-enumerable-keys set size:7316 disposed:false
1015 http cache https://registry.npmjs.org/code-block-writer 5ms (cache hit)
1016 silly packumentCache full:https://registry.npmjs.org/code-block-writer set size:203952 disposed:false
1017 http cache https://registry.npmjs.org/@ts-morph%2fcommon 6ms (cache hit)
1018 silly packumentCache full:https://registry.npmjs.org/@ts-morph%2fcommon set size:164227 disposed:false
1019 silly fetch manifest @babel/core@^7.0.0-0
1020 silly packumentCache full:https://registry.npmjs.org/@babel%2fcore cache-hit
1021 silly placeDep ROOT @babel/helper-annotate-as-pure@7.27.3 OK for: @babel/plugin-transform-typescript@7.28.6 want: ^7.27.3
1022 silly placeDep ROOT @babel/helper-create-class-features-plugin@7.29.3 OK for: @babel/plugin-transform-typescript@7.28.6 want: ^7.28.6
1023 silly placeDep ROOT @babel/helper-plugin-utils@7.28.6 OK for: @babel/plugin-transform-typescript@7.28.6 want: ^7.28.6
1024 silly placeDep ROOT @babel/helper-skip-transparent-expression-wrappers@7.27.1 OK for: @babel/plugin-transform-typescript@7.28.6 want: ^7.27.1
1025 silly placeDep ROOT @babel/plugin-syntax-typescript@7.28.6 OK for: @babel/plugin-transform-typescript@7.28.6 want: ^7.28.6
1026 silly fetch manifest @babel/helper-member-expression-to-functions@^7.28.5
1027 silly packumentCache full:https://registry.npmjs.org/@babel%2fhelper-member-expression-to-functions cache-miss
1028 silly fetch manifest @babel/helper-optimise-call-expression@^7.27.1
1029 silly packumentCache full:https://registry.npmjs.org/@babel%2fhelper-optimise-call-expression cache-miss
1030 silly fetch manifest @babel/helper-replace-supers@^7.28.6
1031 silly packumentCache full:https://registry.npmjs.org/@babel%2fhelper-replace-supers cache-miss
1032 http cache https://registry.npmjs.org/@babel%2fhelper-optimise-call-expression 1ms (cache hit)
1033 silly packumentCache full:https://registry.npmjs.org/@babel%2fhelper-optimise-call-expression set size:184696 disposed:false
1034 http cache https://registry.npmjs.org/@babel%2fhelper-member-expression-to-functions 2ms (cache hit)
1035 silly packumentCache full:https://registry.npmjs.org/@babel%2fhelper-member-expression-to-functions set size:220806 disposed:false
1036 http cache https://registry.npmjs.org/@babel%2fhelper-replace-supers 2ms (cache hit)
1037 silly packumentCache full:https://registry.npmjs.org/@babel%2fhelper-replace-supers set size:259595 disposed:false
1038 silly fetch manifest @babel/core@^7.0.0
1039 silly packumentCache full:https://registry.npmjs.org/@babel%2fcore cache-hit
1040 silly placeDep ROOT @babel/helper-member-expression-to-functions@7.28.5 OK for: @babel/helper-create-class-features-plugin@7.29.3 want: ^7.28.5
1041 silly placeDep ROOT @babel/helper-optimise-call-expression@7.27.1 OK for: @babel/helper-create-class-features-plugin@7.29.3 want: ^7.27.1
1042 silly placeDep ROOT @babel/helper-replace-supers@7.28.6 OK for: @babel/helper-create-class-features-plugin@7.29.3 want: ^7.28.6
1043 silly placeDep ROOT @babel/plugin-syntax-jsx@7.28.6 OK for: @babel/preset-typescript@7.28.5 want: ^7.27.1
1044 silly placeDep ROOT @babel/plugin-transform-modules-commonjs@7.28.6 OK for: @babel/preset-typescript@7.28.5 want: ^7.27.1
1045 silly placeDep node_modules/@dotenvx/dotenvx commander@11.1.0 OK for: @dotenvx/dotenvx@1.65.0 want: ^11.1.0
1046 silly placeDep ROOT dotenv@17.4.2 OK for: @dotenvx/dotenvx@1.65.0 want: ^17.2.1
1047 silly placeDep ROOT eciesjs@0.4.18 OK for: @dotenvx/dotenvx@1.65.0 want: ^0.4.10
1048 silly placeDep node_modules/@dotenvx/dotenvx execa@5.1.1 OK for: @dotenvx/dotenvx@1.65.0 want: ^5.1.1
1049 silly placeDep node_modules/@dotenvx/dotenvx fdir@6.5.0 OK for: @dotenvx/dotenvx@1.65.0 want: ^6.2.0
1050 silly placeDep node_modules/@dotenvx/dotenvx picomatch@4.0.4 OK for: fdir@6.5.0 want: ^3 || ^4
1051 silly placeDep ROOT object-treeify@1.1.33 OK for: @dotenvx/dotenvx@1.65.0 want: 1.1.33
1052 silly placeDep node_modules/@dotenvx/dotenvx which@4.0.0 OK for: @dotenvx/dotenvx@1.65.0 want: ^4.0.0
1053 silly placeDep ROOT yocto-spinner@1.2.0 OK for: @dotenvx/dotenvx@1.65.0 want: ^1.1.0
1054 silly fetch manifest @noble/curves@^1.9.7
1055 silly packumentCache full:https://registry.npmjs.org/@noble%2fcurves cache-miss
1056 silly fetch manifest @noble/hashes@^1.8.0
1057 silly packumentCache full:https://registry.npmjs.org/@noble%2fhashes cache-miss
1058 silly fetch manifest @ecies/ciphers@^0.2.5
1059 silly packumentCache full:https://registry.npmjs.org/@ecies%2fciphers cache-miss
1060 silly fetch manifest @noble/ciphers@^1.3.0
1061 silly packumentCache full:https://registry.npmjs.org/@noble%2fciphers cache-miss
1062 silly fetch manifest onetime@^5.1.2
1063 silly packumentCache full:https://registry.npmjs.org/onetime cache-miss
1064 silly fetch manifest is-stream@^2.0.0
1065 silly packumentCache full:https://registry.npmjs.org/is-stream cache-hit
1066 silly fetch manifest get-stream@^6.0.0
1067 silly packumentCache full:https://registry.npmjs.org/get-stream cache-hit
1068 silly fetch manifest signal-exit@^3.0.3
1069 silly packumentCache full:https://registry.npmjs.org/signal-exit cache-hit
1070 silly fetch manifest merge-stream@^2.0.0
1071 silly packumentCache full:https://registry.npmjs.org/merge-stream cache-miss
1072 silly fetch manifest npm-run-path@^4.0.1
1073 silly packumentCache full:https://registry.npmjs.org/npm-run-path cache-hit
1074 silly fetch manifest human-signals@^2.1.0
1075 silly packumentCache full:https://registry.npmjs.org/human-signals cache-hit
1076 silly fetch manifest strip-final-newline@^2.0.0
1077 silly packumentCache full:https://registry.npmjs.org/strip-final-newline cache-hit
1078 silly fetch manifest isexe@^3.1.1
1079 silly packumentCache full:https://registry.npmjs.org/isexe cache-miss
1080 http cache https://registry.npmjs.org/onetime 2ms (cache hit)
1081 silly packumentCache full:https://registry.npmjs.org/onetime set size:32314 disposed:false
1082 http cache https://registry.npmjs.org/@noble%2fhashes 3ms (cache hit)
1083 silly packumentCache full:https://registry.npmjs.org/@noble%2fhashes set size:217737 disposed:false
1084 http cache https://registry.npmjs.org/merge-stream 4ms (cache hit)
1085 silly packumentCache full:https://registry.npmjs.org/merge-stream set size:22168 disposed:false
1086 http cache https://registry.npmjs.org/@noble%2fcurves 4ms (cache hit)
1087 silly packumentCache full:https://registry.npmjs.org/@noble%2fcurves set size:314007 disposed:false
1088 http cache https://registry.npmjs.org/@noble%2fciphers 5ms (cache hit)
1089 silly packumentCache full:https://registry.npmjs.org/@noble%2fciphers set size:126062 disposed:false
1090 http cache https://registry.npmjs.org/@ecies%2fciphers 5ms (cache hit)
1091 silly packumentCache full:https://registry.npmjs.org/@ecies%2fciphers set size:25349 disposed:false
1092 http cache https://registry.npmjs.org/isexe 5ms (cache hit)
1093 silly packumentCache full:https://registry.npmjs.org/isexe set size:31756 disposed:false
1094 silly placeDep ROOT @hono/node-server@1.19.14 OK for: @modelcontextprotocol/sdk@1.29.0 want: ^1.19.9
1095 silly placeDep ROOT hono@4.12.18 OK for: @hono/node-server@1.19.14 want: ^4
1096 silly placeDep node_modules/@modelcontextprotocol/sdk ajv@8.20.0 OK for: @modelcontextprotocol/sdk@1.29.0 want: ^8.17.1
1097 silly placeDep ROOT ajv-formats@3.0.1 OK for: @modelcontextprotocol/sdk@1.29.0 want: ^3.0.1
1098 silly placeDep ROOT content-type@1.0.5 OK for: @modelcontextprotocol/sdk@1.29.0 want: ^1.0.5
1099 silly placeDep ROOT cors@2.8.6 OK for: @modelcontextprotocol/sdk@1.29.0 want: ^2.8.5
1100 silly placeDep ROOT eventsource@3.0.7 OK for: @modelcontextprotocol/sdk@1.29.0 want: ^3.0.2
1101 silly placeDep ROOT eventsource-parser@3.0.8 OK for: @modelcontextprotocol/sdk@1.29.0 want: ^3.0.0
1102 silly placeDep ROOT express@5.2.1 OK for: @modelcontextprotocol/sdk@1.29.0 want: ^5.2.1
1103 silly placeDep ROOT express-rate-limit@8.5.1 OK for: @modelcontextprotocol/sdk@1.29.0 want: ^8.2.1
1104 silly placeDep ROOT jose@6.2.3 OK for: @modelcontextprotocol/sdk@1.29.0 want: ^6.1.3
1105 silly placeDep ROOT json-schema-typed@8.0.2 OK for: @modelcontextprotocol/sdk@1.29.0 want: ^8.0.2
1106 silly placeDep ROOT pkce-challenge@5.0.1 OK for: @modelcontextprotocol/sdk@1.29.0 want: ^5.0.0
1107 silly placeDep ROOT raw-body@3.0.2 OK for: @modelcontextprotocol/sdk@1.29.0 want: ^3.0.0
1108 silly fetch manifest fast-uri@^3.0.1
1109 silly packumentCache full:https://registry.npmjs.org/fast-uri cache-miss
1110 silly fetch manifest json-schema-traverse@^1.0.0
1111 silly packumentCache full:https://registry.npmjs.org/json-schema-traverse cache-miss
1112 silly fetch manifest require-from-string@^2.0.2
1113 silly packumentCache full:https://registry.npmjs.org/require-from-string cache-miss
1114 silly fetch manifest ajv@^8.0.0
1115 silly packumentCache full:https://registry.npmjs.org/ajv cache-miss
1116 silly fetch manifest vary@^1
1117 silly packumentCache full:https://registry.npmjs.org/vary cache-miss
1118 silly fetch manifest eventsource-parser@^3.0.1
1119 silly packumentCache full:https://registry.npmjs.org/eventsource-parser cache-hit
1120 silly fetch manifest qs@^6.14.0
1121 silly packumentCache full:https://registry.npmjs.org/qs cache-miss
1122 silly fetch manifest depd@^2.0.0
1123 silly packumentCache full:https://registry.npmjs.org/depd cache-miss
1124 silly fetch manifest etag@^1.8.1
1125 silly packumentCache full:https://registry.npmjs.org/etag cache-miss
1126 silly fetch manifest once@^1.4.0
1127 silly packumentCache full:https://registry.npmjs.org/once cache-miss
1128 http cache https://registry.npmjs.org/json-schema-traverse 4ms (cache hit)
1129 silly packumentCache full:https://registry.npmjs.org/json-schema-traverse set size:23537 disposed:false
1130 silly fetch manifest send@^1.1.0
1131 silly packumentCache full:https://registry.npmjs.org/send cache-miss
1132 http cache https://registry.npmjs.org/etag 3ms (cache hit)
1133 silly packumentCache full:https://registry.npmjs.org/etag set size:30032 disposed:false
1134 silly fetch manifest vary@^1.1.2
1135 silly packumentCache full:https://registry.npmjs.org/vary cache-miss
1136 http cache https://registry.npmjs.org/require-from-string 5ms (cache hit)
1137 silly packumentCache full:https://registry.npmjs.org/require-from-string set size:15128 disposed:false
1138 silly fetch manifest fresh@^2.0.0
1139 silly packumentCache full:https://registry.npmjs.org/fresh cache-miss
1140 http cache https://registry.npmjs.org/ajv 6ms (cache hit)
1141 silly packumentCache full:https://registry.npmjs.org/ajv set size:1142658 disposed:false
1142 silly fetch manifest cookie@^0.7.1
1143 silly packumentCache full:https://registry.npmjs.org/cookie cache-miss
1144 http cache https://registry.npmjs.org/vary 7ms (cache hit)
1145 silly packumentCache full:https://registry.npmjs.org/vary set size:15994 disposed:false
1146 silly fetch manifest router@^2.2.0
1147 silly packumentCache full:https://registry.npmjs.org/router cache-miss
1148 http cache https://registry.npmjs.org/qs 7ms (cache hit)
1149 silly packumentCache full:https://registry.npmjs.org/qs set size:353582 disposed:false
1150 silly fetch manifest accepts@^2.0.0
1151 silly packumentCache full:https://registry.npmjs.org/accepts cache-miss
1152 http cache https://registry.npmjs.org/depd 9ms (cache hit)
1153 silly packumentCache full:https://registry.npmjs.org/depd set size:40182 disposed:false
1154 silly fetch manifest type-is@^2.0.1
1155 silly packumentCache full:https://registry.npmjs.org/type-is cache-miss
1156 http cache https://registry.npmjs.org/fast-uri 10ms (cache hit)
1157 silly packumentCache full:https://registry.npmjs.org/fast-uri set size:68147 disposed:false
1158 silly fetch manifest parseurl@^1.3.3
1159 silly packumentCache full:https://registry.npmjs.org/parseurl cache-miss
1160 http cache https://registry.npmjs.org/once 10ms (cache hit)
1161 silly packumentCache full:https://registry.npmjs.org/once set size:11752 disposed:false
1162 silly fetch manifest statuses@^2.0.1
1163 silly packumentCache full:https://registry.npmjs.org/statuses cache-hit
1164 silly fetch manifest encodeurl@^2.0.0
1165 silly packumentCache full:https://registry.npmjs.org/encodeurl cache-miss
1166 http cache https://registry.npmjs.org/vary 7ms (cache hit)
1167 silly packumentCache full:https://registry.npmjs.org/vary set size:15994 disposed:false
1168 silly packumentCache full:https://registry.npmjs.org/vary dispose
1169 silly fetch manifest mime-types@^3.0.0
1170 silly packumentCache full:https://registry.npmjs.org/mime-types cache-miss
1171 http cache https://registry.npmjs.org/fresh 8ms (cache hit)
1172 silly packumentCache full:https://registry.npmjs.org/fresh set size:25427 disposed:false
1173 silly fetch manifest proxy-addr@^2.0.7
1174 silly packumentCache full:https://registry.npmjs.org/proxy-addr cache-miss
1175 http cache https://registry.npmjs.org/cookie 5ms (cache hit)
1176 silly packumentCache full:https://registry.npmjs.org/cookie set size:72891 disposed:false
1177 silly fetch manifest body-parser@^2.2.1
1178 silly packumentCache full:https://registry.npmjs.org/body-parser cache-miss
1179 http cache https://registry.npmjs.org/send 10ms (cache hit)
1180 silly packumentCache full:https://registry.npmjs.org/send set size:152810 disposed:false
1181 silly fetch manifest escape-html@^1.0.3
1182 silly packumentCache full:https://registry.npmjs.org/escape-html cache-miss
1183 http cache https://registry.npmjs.org/router 7ms (cache hit)
1184 silly packumentCache full:https://registry.npmjs.org/router set size:116499 disposed:false
1185 silly fetch manifest http-errors@^2.0.0
1186 silly packumentCache full:https://registry.npmjs.org/http-errors cache-miss
1187 http cache https://registry.npmjs.org/accepts 5ms (cache hit)
1188 silly packumentCache full:https://registry.npmjs.org/accepts set size:77054 disposed:false
1189 silly fetch manifest on-finished@^2.4.1
1190 silly packumentCache full:https://registry.npmjs.org/on-finished cache-miss
1191 http cache https://registry.npmjs.org/parseurl 5ms (cache hit)
1192 silly packumentCache full:https://registry.npmjs.org/parseurl set size:24148 disposed:false
1193 silly fetch manifest finalhandler@^2.1.0
1194 silly packumentCache full:https://registry.npmjs.org/finalhandler cache-miss
1195 http cache https://registry.npmjs.org/type-is 6ms (cache hit)
1196 silly packumentCache full:https://registry.npmjs.org/type-is set size:86196 disposed:false
1197 silly fetch manifest range-parser@^1.2.1
1198 silly packumentCache full:https://registry.npmjs.org/range-parser cache-miss
1199 http cache https://registry.npmjs.org/encodeurl 5ms (cache hit)
1200 silly packumentCache full:https://registry.npmjs.org/encodeurl set size:12296 disposed:false
1201 silly fetch manifest serve-static@^2.2.0
1202 silly packumentCache full:https://registry.npmjs.org/serve-static cache-miss
1203 http cache https://registry.npmjs.org/http-errors 3ms (cache hit)
1204 silly packumentCache full:https://registry.npmjs.org/http-errors set size:71987 disposed:false
1205 silly fetch manifest cookie-signature@^1.2.1
1206 silly packumentCache full:https://registry.npmjs.org/cookie-signature cache-miss
1207 http cache https://registry.npmjs.org/proxy-addr 6ms (cache hit)
1208 silly packumentCache full:https://registry.npmjs.org/proxy-addr set size:61619 disposed:false
1209 silly fetch manifest merge-descriptors@^2.0.0
1210 silly packumentCache full:https://registry.npmjs.org/merge-descriptors cache-miss
1211 http cache https://registry.npmjs.org/escape-html 5ms (cache hit)
1212 silly packumentCache full:https://registry.npmjs.org/escape-html set size:7345 disposed:false
1213 silly fetch manifest content-disposition@^1.0.0
1214 silly packumentCache full:https://registry.npmjs.org/content-disposition cache-miss
1215 http cache https://registry.npmjs.org/mime-types 7ms (cache hit)
1216 silly packumentCache full:https://registry.npmjs.org/mime-types set size:139110 disposed:false
1217 silly fetch manifest ip-address@^10.2.0
1218 silly packumentCache full:https://registry.npmjs.org/ip-address cache-miss
1219 http cache https://registry.npmjs.org/on-finished 5ms (cache hit)
1220 silly packumentCache full:https://registry.npmjs.org/on-finished set size:23212 disposed:false
1221 silly fetch manifest bytes@~3.1.2
1222 silly packumentCache full:https://registry.npmjs.org/bytes cache-miss
1223 http cache https://registry.npmjs.org/range-parser 4ms (cache hit)
1224 silly packumentCache full:https://registry.npmjs.org/range-parser set size:22228 disposed:false
1225 silly fetch manifest unpipe@~1.0.0
1226 silly packumentCache full:https://registry.npmjs.org/unpipe cache-miss
1227 http cache https://registry.npmjs.org/body-parser 7ms (cache hit)
1228 silly packumentCache full:https://registry.npmjs.org/body-parser set size:199299 disposed:false
1229 silly fetch manifest iconv-lite@~0.7.0
1230 silly packumentCache full:https://registry.npmjs.org/iconv-lite cache-miss
1231 http cache https://registry.npmjs.org/serve-static 6ms (cache hit)
1232 silly packumentCache full:https://registry.npmjs.org/serve-static set size:150391 disposed:false
1233 silly fetch manifest http-errors@~2.0.1
1234 silly packumentCache full:https://registry.npmjs.org/http-errors cache-hit
1235 http cache https://registry.npmjs.org/finalhandler 7ms (cache hit)
1236 silly packumentCache full:https://registry.npmjs.org/finalhandler set size:79291 disposed:false
1237 http cache https://registry.npmjs.org/cookie-signature 5ms (cache hit)
1238 silly packumentCache full:https://registry.npmjs.org/cookie-signature set size:21777 disposed:false
1239 http cache https://registry.npmjs.org/content-disposition 5ms (cache hit)
1240 silly packumentCache full:https://registry.npmjs.org/content-disposition set size:36665 disposed:false
1241 http cache https://registry.npmjs.org/ip-address 5ms (cache hit)
1242 silly packumentCache full:https://registry.npmjs.org/ip-address set size:171530 disposed:false
1243 http cache https://registry.npmjs.org/merge-descriptors 6ms (cache hit)
1244 silly packumentCache full:https://registry.npmjs.org/merge-descriptors set size:16527 disposed:false
1245 http cache https://registry.npmjs.org/unpipe 5ms (cache hit)
1246 silly packumentCache full:https://registry.npmjs.org/unpipe set size:3609 disposed:false
1247 http cache https://registry.npmjs.org/bytes 6ms (cache hit)
1248 silly packumentCache full:https://registry.npmjs.org/bytes set size:37018 disposed:false
1249 http cache https://registry.npmjs.org/iconv-lite 5ms (cache hit)
1250 silly packumentCache full:https://registry.npmjs.org/iconv-lite set size:120557 disposed:false
1251 silly placeDep node_modules/ajv-formats ajv@8.20.0 OK for: ajv-formats@3.0.1 want: ^8.0.0
1252 silly placeDep ROOT vary@1.1.2 OK for: cors@2.8.6 want: ^1
1253 silly placeDep ROOT env-paths@2.2.1 OK for: cosmiconfig@9.0.1 want: ^2.2.1
1254 silly placeDep ROOT parse-json@5.2.0 OK for: cosmiconfig@9.0.1 want: ^5.2.0
1255 silly fetch manifest error-ex@^1.3.1
1256 silly packumentCache full:https://registry.npmjs.org/error-ex cache-miss
1257 silly fetch manifest lines-and-columns@^1.1.6
1258 silly packumentCache full:https://registry.npmjs.org/lines-and-columns cache-miss
1259 silly fetch manifest json-parse-even-better-errors@^2.3.0
1260 silly packumentCache full:https://registry.npmjs.org/json-parse-even-better-errors cache-miss
1261 http cache https://registry.npmjs.org/json-parse-even-better-errors 6ms (cache hit)
1262 silly packumentCache full:https://registry.npmjs.org/json-parse-even-better-errors set size:34465 disposed:false
1263 http cache https://registry.npmjs.org/lines-and-columns 6ms (cache hit)
1264 silly packumentCache full:https://registry.npmjs.org/lines-and-columns set size:73796 disposed:false
1265 http cache https://registry.npmjs.org/error-ex 7ms (cache hit)
1266 silly packumentCache full:https://registry.npmjs.org/error-ex set size:31684 disposed:false
1267 silly placeDep ROOT @ecies/ciphers@0.2.6 OK for: eciesjs@0.4.18 want: ^0.2.5
1268 silly placeDep ROOT @noble/ciphers@1.3.0 OK for: @ecies/ciphers@0.2.6 want: ^1.0.0
1269 silly placeDep ROOT @noble/curves@1.9.7 OK for: eciesjs@0.4.18 want: ^1.9.7
1270 silly placeDep ROOT @noble/hashes@1.8.0 OK for: eciesjs@0.4.18 want: ^1.8.0
1271 silly fetch manifest @noble/hashes@1.8.0
1272 silly packumentCache full:https://registry.npmjs.org/@noble%2fhashes cache-hit
1273 silly placeDep ROOT @sindresorhus/merge-streams@4.0.0 OK for: execa@9.6.1 want: ^4.0.0
1274 silly placeDep ROOT figures@6.1.0 OK for: execa@9.6.1 want: ^6.1.0
1275 silly placeDep ROOT get-stream@9.0.1 OK for: execa@9.6.1 want: ^9.0.0
1276 silly placeDep ROOT human-signals@8.0.1 OK for: execa@9.6.1 want: ^8.0.1
1277 silly placeDep ROOT is-plain-obj@4.1.0 OK for: execa@9.6.1 want: ^4.1.0
1278 silly placeDep ROOT is-stream@4.0.1 OK for: execa@9.6.1 want: ^4.0.1
1279 silly placeDep ROOT npm-run-path@6.0.0 OK for: execa@9.6.1 want: ^6.0.0
1280 silly placeDep ROOT pretty-ms@9.3.0 OK for: execa@9.6.1 want: ^9.2.0
1281 silly placeDep ROOT signal-exit@4.1.0 OK for: execa@9.6.1 want: ^4.1.0
1282 silly placeDep ROOT strip-final-newline@4.0.0 OK for: execa@9.6.1 want: ^4.0.0
1283 silly placeDep ROOT yoctocolors@2.1.2 OK for: execa@9.6.1 want: ^2.1.1
1284 silly fetch manifest @sec-ant/readable-stream@^0.4.1
1285 silly packumentCache full:https://registry.npmjs.org/@sec-ant%2freadable-stream cache-miss
1286 silly fetch manifest path-key@^4.0.0
1287 silly packumentCache full:https://registry.npmjs.org/path-key cache-miss
1288 silly fetch manifest unicorn-magic@^0.3.0
1289 silly packumentCache full:https://registry.npmjs.org/unicorn-magic cache-miss
1290 silly fetch manifest parse-ms@^4.0.0
1291 silly packumentCache full:https://registry.npmjs.org/parse-ms cache-miss
1292 http cache https://registry.npmjs.org/path-key 1ms (cache hit)
1293 silly packumentCache full:https://registry.npmjs.org/path-key set size:16975 disposed:false
1294 http cache https://registry.npmjs.org/parse-ms 2ms (cache hit)
1295 silly packumentCache full:https://registry.npmjs.org/parse-ms set size:18020 disposed:false
1296 http cache https://registry.npmjs.org/unicorn-magic 2ms (cache hit)
1297 silly packumentCache full:https://registry.npmjs.org/unicorn-magic set size:9139 disposed:false
1298 http cache https://registry.npmjs.org/@sec-ant%2freadable-stream 2ms (cache hit)
1299 silly packumentCache full:https://registry.npmjs.org/@sec-ant%2freadable-stream set size:41612 disposed:false
1300 silly placeDep ROOT accepts@2.0.0 OK for: express@5.2.1 want: ^2.0.0
1301 silly placeDep ROOT body-parser@2.2.2 OK for: express@5.2.1 want: ^2.2.1
1302 silly placeDep ROOT content-disposition@1.1.0 OK for: express@5.2.1 want: ^1.0.0
1303 silly placeDep node_modules/express cookie@0.7.2 OK for: express@5.2.1 want: ^0.7.1
1304 silly placeDep ROOT cookie-signature@1.2.2 OK for: express@5.2.1 want: ^1.2.1
1305 silly placeDep ROOT depd@2.0.0 OK for: express@5.2.1 want: ^2.0.0
1306 silly placeDep ROOT encodeurl@2.0.0 OK for: express@5.2.1 want: ^2.0.0
1307 silly placeDep ROOT escape-html@1.0.3 OK for: express@5.2.1 want: ^1.0.3
1308 silly placeDep ROOT etag@1.8.1 OK for: express@5.2.1 want: ^1.8.1
1309 silly placeDep ROOT finalhandler@2.1.1 OK for: express@5.2.1 want: ^2.1.0
1310 silly placeDep ROOT fresh@2.0.0 OK for: express@5.2.1 want: ^2.0.0
1311 silly placeDep ROOT http-errors@2.0.1 OK for: express@5.2.1 want: ^2.0.0
1312 silly placeDep ROOT merge-descriptors@2.0.0 OK for: express@5.2.1 want: ^2.0.0
1313 silly placeDep ROOT mime-types@3.0.2 OK for: express@5.2.1 want: ^3.0.0
1314 silly placeDep ROOT on-finished@2.4.1 OK for: express@5.2.1 want: ^2.4.1
1315 silly placeDep ROOT once@1.4.0 OK for: express@5.2.1 want: ^1.4.0
1316 silly placeDep ROOT parseurl@1.3.3 OK for: express@5.2.1 want: ^1.3.3
1317 silly placeDep ROOT proxy-addr@2.0.7 OK for: express@5.2.1 want: ^2.0.7
1318 silly placeDep ROOT qs@6.15.1 OK for: express@5.2.1 want: ^6.14.0
1319 silly placeDep ROOT range-parser@1.2.1 OK for: express@5.2.1 want: ^1.2.1
1320 silly placeDep ROOT router@2.2.0 OK for: express@5.2.1 want: ^2.2.0
1321 silly placeDep ROOT send@1.2.1 OK for: express@5.2.1 want: ^1.1.0
1322 silly placeDep ROOT serve-static@2.2.1 OK for: express@5.2.1 want: ^2.2.0
1323 silly placeDep ROOT statuses@2.0.2 OK for: express@5.2.1 want: ^2.0.1
1324 silly placeDep ROOT type-is@2.0.1 OK for: express@5.2.1 want: ^2.0.1
1325 silly fetch manifest negotiator@^1.0.0
1326 silly packumentCache full:https://registry.npmjs.org/negotiator cache-miss
1327 silly fetch manifest qs@^6.14.1
1328 silly packumentCache full:https://registry.npmjs.org/qs cache-hit
1329 silly fetch manifest bytes@^3.1.2
1330 silly packumentCache full:https://registry.npmjs.org/bytes cache-hit
1331 silly fetch manifest iconv-lite@^0.7.0
1332 silly packumentCache full:https://registry.npmjs.org/iconv-lite cache-hit
1333 silly fetch manifest inherits@~2.0.4
1334 silly packumentCache full:https://registry.npmjs.org/inherits cache-miss
1335 silly fetch manifest setprototypeof@~1.2.0
1336 silly packumentCache full:https://registry.npmjs.org/setprototypeof cache-miss
1337 silly fetch manifest statuses@~2.0.2
1338 silly packumentCache full:https://registry.npmjs.org/statuses cache-hit
1339 silly fetch manifest toidentifier@~1.0.1
1340 silly packumentCache full:https://registry.npmjs.org/toidentifier cache-miss
1341 silly fetch manifest mime-db@^1.54.0
1342 silly packumentCache full:https://registry.npmjs.org/mime-db cache-miss
1343 silly fetch manifest ee-first@1.1.1
1344 silly packumentCache full:https://registry.npmjs.org/ee-first cache-miss
1345 silly fetch manifest wrappy@1
1346 silly packumentCache full:https://registry.npmjs.org/wrappy cache-miss
1347 silly fetch manifest forwarded@0.2.0
1348 silly packumentCache full:https://registry.npmjs.org/forwarded cache-miss
1349 silly fetch manifest ipaddr.js@1.9.1
1350 silly packumentCache full:https://registry.npmjs.org/ipaddr.js cache-miss
1351 http cache https://registry.npmjs.org/negotiator 3ms (cache hit)
1352 silly packumentCache full:https://registry.npmjs.org/negotiator set size:48046 disposed:false
1353 silly fetch manifest is-promise@^4.0.0
1354 silly packumentCache full:https://registry.npmjs.org/is-promise cache-miss
1355 http cache https://registry.npmjs.org/inherits 3ms (cache hit)
1356 silly packumentCache full:https://registry.npmjs.org/inherits set size:12925 disposed:false
1357 silly fetch manifest path-to-regexp@^8.0.0
1358 silly packumentCache full:https://registry.npmjs.org/path-to-regexp cache-hit
1359 silly fetch manifest media-typer@^1.1.0
1360 silly packumentCache full:https://registry.npmjs.org/media-typer cache-miss
1361 http cache https://registry.npmjs.org/toidentifier 3ms (cache hit)
1362 silly packumentCache full:https://registry.npmjs.org/toidentifier set size:12006 disposed:false
1363 http cache https://registry.npmjs.org/mime-db 3ms (cache hit)
1364 silly packumentCache full:https://registry.npmjs.org/mime-db set size:164953 disposed:false
1365 http cache https://registry.npmjs.org/wrappy 4ms (cache hit)
1366 silly packumentCache full:https://registry.npmjs.org/wrappy set size:7682 disposed:false
1367 http cache https://registry.npmjs.org/setprototypeof 4ms (cache hit)
1368 silly packumentCache full:https://registry.npmjs.org/setprototypeof set size:14532 disposed:false
1369 http cache https://registry.npmjs.org/ee-first 4ms (cache hit)
1370 silly packumentCache full:https://registry.npmjs.org/ee-first set size:15327 disposed:false
1371 http cache https://registry.npmjs.org/ipaddr.js 5ms (cache hit)
1372 silly packumentCache full:https://registry.npmjs.org/ipaddr.js set size:69563 disposed:false
1373 http cache https://registry.npmjs.org/forwarded 5ms (cache hit)
1374 silly packumentCache full:https://registry.npmjs.org/forwarded set size:11229 disposed:false
1375 http cache https://registry.npmjs.org/is-promise 3ms (cache hit)
1376 silly packumentCache full:https://registry.npmjs.org/is-promise set size:18599 disposed:false
1377 http cache https://registry.npmjs.org/media-typer 3ms (cache hit)
1378 silly packumentCache full:https://registry.npmjs.org/media-typer set size:20873 disposed:false
1379 silly placeDep ROOT negotiator@1.0.0 OK for: accepts@2.0.0 want: ^1.0.0
1380 silly placeDep ROOT bytes@3.1.2 OK for: body-parser@2.2.2 want: ^3.1.2
1381 silly placeDep ROOT iconv-lite@0.7.2 OK for: body-parser@2.2.2 want: ^0.7.0
1382 silly fetch manifest safer-buffer@>= 2.1.2 < 3.0.0
1383 silly packumentCache full:https://registry.npmjs.org/safer-buffer cache-miss
1384 http cache https://registry.npmjs.org/safer-buffer 1ms (cache hit)
1385 silly packumentCache full:https://registry.npmjs.org/safer-buffer set size:18521 disposed:false
1386 silly placeDep ROOT ip-address@10.2.0 OK for: express-rate-limit@8.5.1 want: ^10.2.0
1387 silly placeDep ROOT is-unicode-supported@2.1.0 OK for: figures@6.1.0 want: ^2.0.0
1388 silly placeDep ROOT jsonfile@6.2.1 OK for: fs-extra@11.3.5 want: ^6.0.1
1389 silly placeDep ROOT universalify@2.0.1 OK for: fs-extra@11.3.5 want: ^2.0.0
1390 silly placeDep ROOT @sec-ant/readable-stream@0.4.1 OK for: get-stream@9.0.1 want: ^0.4.1
1391 silly placeDep ROOT inherits@2.0.4 OK for: http-errors@2.0.1 want: ~2.0.4
1392 silly placeDep ROOT setprototypeof@1.2.0 OK for: http-errors@2.0.1 want: ~1.2.0
1393 silly placeDep ROOT toidentifier@1.0.1 OK for: http-errors@2.0.1 want: ~1.0.1
1394 silly placeDep ROOT agent-base@7.1.4 OK for: https-proxy-agent@7.0.6 want: ^7.1.2
1395 silly placeDep ROOT safer-buffer@2.1.2 OK for: iconv-lite@0.7.2 want: >= 2.1.2 < 3.0.0
1396 silly placeDep ROOT mime-db@1.54.0 OK for: mime-types@3.0.2 want: ^1.54.0
1397 silly fetch manifest @types/node@>=18
1398 silly packumentCache full:https://registry.npmjs.org/@types%2fnode cache-miss
1399 http cache https://registry.npmjs.org/@types%2fnode 11ms (cache hit)
1400 silly packumentCache full:https://registry.npmjs.org/@types%2fnode set size:10990115 disposed:false
1401 silly placeDep ROOT @inquirer/confirm@6.0.12 OK for: msw@2.14.5 want: ^6.0.11
1402 silly placeDep ROOT @mswjs/interceptors@0.41.8 OK for: msw@2.14.5 want: ^0.41.3
1403 silly placeDep ROOT @open-draft/deferred-promise@3.0.0 OK for: msw@2.14.5 want: ^3.0.0
1404 silly placeDep ROOT @types/statuses@2.0.6 OK for: msw@2.14.5 want: ^2.0.6
1405 silly placeDep ROOT graphql@16.14.0 OK for: msw@2.14.5 want: ^16.13.2
1406 silly placeDep ROOT headers-polyfill@5.0.1 OK for: msw@2.14.5 want: ^5.0.1
1407 silly placeDep ROOT is-node-process@1.2.0 OK for: msw@2.14.5 want: ^1.2.0
1408 silly placeDep ROOT outvariant@1.4.3 OK for: msw@2.14.5 want: ^1.4.3
1409 silly placeDep ROOT path-to-regexp@6.3.0 OK for: msw@2.14.5 want: ^6.3.0
1410 silly placeDep ROOT rettime@0.11.11 OK for: msw@2.14.5 want: ^0.11.11
1411 silly placeDep ROOT strict-event-emitter@0.5.1 OK for: msw@2.14.5 want: ^0.5.1
1412 silly placeDep ROOT tough-cookie@6.0.1 OK for: msw@2.14.5 want: ^6.0.1
1413 silly placeDep ROOT type-fest@5.6.0 OK for: msw@2.14.5 want: ^5.5.0
1414 silly placeDep ROOT until-async@3.0.2 OK for: msw@2.14.5 want: ^3.0.2
1415 silly placeDep ROOT yargs@17.7.2 OK for: msw@2.14.5 want: ^17.7.2
1416 silly fetch manifest @inquirer/core@^11.1.9
1417 silly packumentCache full:https://registry.npmjs.org/@inquirer%2fcore cache-miss
1418 silly fetch manifest @inquirer/type@^4.0.5
1419 silly packumentCache full:https://registry.npmjs.org/@inquirer%2ftype cache-miss
1420 silly fetch manifest @open-draft/deferred-promise@^2.2.0
1421 silly packumentCache full:https://registry.npmjs.org/@open-draft%2fdeferred-promise cache-hit
1422 silly fetch manifest @open-draft/logger@^0.3.0
1423 silly packumentCache full:https://registry.npmjs.org/@open-draft%2flogger cache-miss
1424 silly fetch manifest @open-draft/until@^2.0.0
1425 silly packumentCache full:https://registry.npmjs.org/@open-draft%2funtil cache-miss
1426 silly fetch manifest @types/set-cookie-parser@^2.4.10
1427 silly packumentCache full:https://registry.npmjs.org/@types%2fset-cookie-parser cache-miss
1428 silly fetch manifest set-cookie-parser@^3.0.1
1429 silly packumentCache full:https://registry.npmjs.org/set-cookie-parser cache-miss
1430 silly fetch manifest tldts@^7.0.5
1431 silly packumentCache full:https://registry.npmjs.org/tldts cache-miss
1432 silly fetch manifest tagged-tag@^1.0.0
1433 silly packumentCache full:https://registry.npmjs.org/tagged-tag cache-miss
1434 silly fetch manifest y18n@^5.0.5
1435 silly packumentCache full:https://registry.npmjs.org/y18n cache-miss
1436 http cache https://registry.npmjs.org/@types%2fset-cookie-parser 9ms (cache hit)
1437 silly packumentCache full:https://registry.npmjs.org/@types%2fset-cookie-parser set size:38276 disposed:false
1438 silly fetch manifest cliui@^8.0.1
1439 silly packumentCache full:https://registry.npmjs.org/cliui cache-miss
1440 http cache https://registry.npmjs.org/@open-draft%2funtil 9ms (cache hit)
1441 silly packumentCache full:https://registry.npmjs.org/@open-draft%2funtil set size:23338 disposed:false
1442 silly fetch manifest string-width@^4.2.3
1443 silly packumentCache full:https://registry.npmjs.org/string-width cache-hit
1444 silly fetch manifest yargs-parser@^21.1.1
1445 silly packumentCache full:https://registry.npmjs.org/yargs-parser cache-miss
1446 http cache https://registry.npmjs.org/@inquirer%2fcore 10ms (cache hit)
1447 silly packumentCache full:https://registry.npmjs.org/@inquirer%2fcore set size:345246 disposed:false
1448 silly fetch manifest get-caller-file@^2.0.5
1449 silly packumentCache full:https://registry.npmjs.org/get-caller-file cache-miss
1450 http cache https://registry.npmjs.org/@open-draft%2flogger 11ms (cache hit)
1451 silly packumentCache full:https://registry.npmjs.org/@open-draft%2flogger set size:25586 disposed:false
1452 silly fetch manifest require-directory@^2.1.1
1453 silly packumentCache full:https://registry.npmjs.org/require-directory cache-miss
1454 http cache https://registry.npmjs.org/tagged-tag 10ms (cache hit)
1455 silly packumentCache full:https://registry.npmjs.org/tagged-tag set size:4660 disposed:false
1456 http cache https://registry.npmjs.org/set-cookie-parser 10ms (cache hit)
1457 silly packumentCache full:https://registry.npmjs.org/set-cookie-parser set size:73160 disposed:false
1458 http cache https://registry.npmjs.org/y18n 11ms (cache hit)
1459 silly packumentCache full:https://registry.npmjs.org/y18n set size:76155 disposed:false
1460 http cache https://registry.npmjs.org/@inquirer%2ftype 12ms (cache hit)
1461 silly packumentCache full:https://registry.npmjs.org/@inquirer%2ftype set size:115206 disposed:false
1462 http cache https://registry.npmjs.org/tldts 13ms (cache hit)
1463 silly packumentCache full:https://registry.npmjs.org/tldts set size:3401976 disposed:false
1464 http cache https://registry.npmjs.org/require-directory 11ms (cache hit)
1465 silly packumentCache full:https://registry.npmjs.org/require-directory set size:26866 disposed:false
1466 http cache https://registry.npmjs.org/get-caller-file 11ms (cache hit)
1467 silly packumentCache full:https://registry.npmjs.org/get-caller-file set size:26456 disposed:false
1468 http cache https://registry.npmjs.org/cliui 13ms (cache hit)
1469 silly packumentCache full:https://registry.npmjs.org/cliui set size:69089 disposed:false
1470 http cache https://registry.npmjs.org/yargs-parser 13ms (cache hit)
1471 silly packumentCache full:https://registry.npmjs.org/yargs-parser set size:238630 disposed:false
1472 silly placeDep ROOT @inquirer/core@11.1.9 OK for: @inquirer/confirm@6.0.12 want: ^11.1.9
1473 silly placeDep ROOT @inquirer/type@4.0.5 OK for: @inquirer/confirm@6.0.12 want: ^4.0.5
1474 silly fetch manifest @inquirer/ansi@^2.0.5
1475 silly packumentCache full:https://registry.npmjs.org/@inquirer%2fansi cache-miss
1476 silly fetch manifest @inquirer/figures@^2.0.5
1477 silly packumentCache full:https://registry.npmjs.org/@inquirer%2ffigures cache-miss
1478 silly fetch manifest cli-width@^4.1.0
1479 silly packumentCache full:https://registry.npmjs.org/cli-width cache-miss
1480 silly fetch manifest fast-wrap-ansi@^0.2.0
1481 silly packumentCache full:https://registry.npmjs.org/fast-wrap-ansi cache-miss
1482 silly fetch manifest mute-stream@^3.0.0
1483 silly packumentCache full:https://registry.npmjs.org/mute-stream cache-miss
1484 http cache https://registry.npmjs.org/@inquirer%2fansi 1ms (cache hit)
1485 silly packumentCache full:https://registry.npmjs.org/@inquirer%2fansi set size:24508 disposed:false
1486 http cache https://registry.npmjs.org/@inquirer%2ffigures 2ms (cache hit)
1487 silly packumentCache full:https://registry.npmjs.org/@inquirer%2ffigures set size:52687 disposed:false
1488 http cache https://registry.npmjs.org/cli-width 2ms (cache hit)
1489 silly packumentCache full:https://registry.npmjs.org/cli-width set size:24976 disposed:false
1490 http cache https://registry.npmjs.org/fast-wrap-ansi 3ms (cache hit)
1491 silly packumentCache full:https://registry.npmjs.org/fast-wrap-ansi set size:16102 disposed:false
1492 http cache https://registry.npmjs.org/mute-stream 3ms (cache hit)
1493 silly packumentCache full:https://registry.npmjs.org/mute-stream set size:21811 disposed:false
1494 silly placeDep ROOT @inquirer/ansi@2.0.5 OK for: @inquirer/core@11.1.9 want: ^2.0.5
1495 silly placeDep ROOT @inquirer/figures@2.0.5 OK for: @inquirer/core@11.1.9 want: ^2.0.5
1496 silly placeDep ROOT cli-width@4.1.0 OK for: @inquirer/core@11.1.9 want: ^4.1.0
1497 silly placeDep ROOT fast-wrap-ansi@0.2.0 OK for: @inquirer/core@11.1.9 want: ^0.2.0
1498 silly placeDep ROOT mute-stream@3.0.0 OK for: @inquirer/core@11.1.9 want: ^3.0.0
1499 silly fetch manifest fast-string-width@^3.0.2
1500 silly packumentCache full:https://registry.npmjs.org/fast-string-width cache-miss
1501 http cache https://registry.npmjs.org/fast-string-width 1ms (cache hit)
1502 silly packumentCache full:https://registry.npmjs.org/fast-string-width set size:22460 disposed:false
1503 silly placeDep node_modules/@mswjs/interceptors @open-draft/deferred-promise@2.2.0 OK for: @mswjs/interceptors@0.41.8 want: ^2.2.0
1504 silly placeDep ROOT @open-draft/logger@0.3.0 OK for: @mswjs/interceptors@0.41.8 want: ^0.3.0
1505 silly placeDep ROOT @open-draft/until@2.1.0 OK for: @mswjs/interceptors@0.41.8 want: ^2.0.0
1506 silly placeDep ROOT fast-string-width@3.0.2 OK for: fast-wrap-ansi@0.2.0 want: ^3.0.2
1507 silly fetch manifest fast-string-truncated-width@^3.0.2
1508 silly packumentCache full:https://registry.npmjs.org/fast-string-truncated-width cache-miss
1509 http cache https://registry.npmjs.org/fast-string-truncated-width 1ms (cache hit)
1510 silly packumentCache full:https://registry.npmjs.org/fast-string-truncated-width set size:23965 disposed:false
1511 silly placeDep ROOT fast-string-truncated-width@3.0.3 OK for: fast-string-width@3.0.2 want: ^3.0.2
1512 silly placeDep ROOT @types/set-cookie-parser@2.4.10 OK for: headers-polyfill@5.0.1 want: ^2.4.10
1513 silly placeDep ROOT set-cookie-parser@3.1.0 OK for: headers-polyfill@5.0.1 want: ^3.0.1
1514 silly placeDep ROOT data-uri-to-buffer@4.0.1 OK for: node-fetch@3.3.2 want: ^4.0.0
1515 silly placeDep ROOT fetch-blob@3.2.0 OK for: node-fetch@3.3.2 want: ^3.1.4
1516 silly placeDep ROOT formdata-polyfill@4.0.10 OK for: node-fetch@3.3.2 want: ^4.0.10
1517 silly fetch manifest node-domexception@^1.0.0
1518 silly packumentCache full:https://registry.npmjs.org/node-domexception cache-miss
1519 silly fetch manifest web-streams-polyfill@^3.0.3
1520 silly packumentCache full:https://registry.npmjs.org/web-streams-polyfill cache-miss
1521 http cache https://registry.npmjs.org/node-domexception 1ms (cache hit)
1522 silly packumentCache full:https://registry.npmjs.org/node-domexception set size:11516 disposed:false
1523 http cache https://registry.npmjs.org/web-streams-polyfill 1ms (cache hit)
1524 silly packumentCache full:https://registry.npmjs.org/web-streams-polyfill set size:136634 disposed:false
1525 silly placeDep ROOT node-domexception@1.0.0 OK for: fetch-blob@3.2.0 want: ^1.0.0
1526 silly placeDep ROOT web-streams-polyfill@3.3.3 OK for: fetch-blob@3.2.0 want: ^3.0.3
1527 silly placeDep node_modules/npm-run-path path-key@4.0.0 OK for: npm-run-path@6.0.0 want: ^4.0.0
1528 silly placeDep ROOT unicorn-magic@0.3.0 OK for: npm-run-path@6.0.0 want: ^0.3.0
1529 silly placeDep ROOT ee-first@1.1.1 OK for: on-finished@2.4.1 want: 1.1.1
1530 silly placeDep ROOT wrappy@1.0.2 OK for: once@1.4.0 want: 1
1531 silly placeDep ROOT default-browser@5.5.0 OK for: open@11.0.0 want: ^5.4.0
1532 silly placeDep ROOT define-lazy-prop@3.0.0 OK for: open@11.0.0 want: ^3.0.0
1533 silly placeDep ROOT is-in-ssh@1.0.0 OK for: open@11.0.0 want: ^1.0.0
1534 silly placeDep ROOT is-inside-container@1.0.0 OK for: open@11.0.0 want: ^1.0.0
1535 silly placeDep ROOT powershell-utils@0.1.0 OK for: open@11.0.0 want: ^0.1.0
1536 silly placeDep ROOT wsl-utils@0.3.1 OK for: open@11.0.0 want: ^0.3.0
1537 silly fetch manifest bundle-name@^4.1.0
1538 silly packumentCache full:https://registry.npmjs.org/bundle-name cache-miss
1539 silly fetch manifest default-browser-id@^5.0.0
1540 silly packumentCache full:https://registry.npmjs.org/default-browser-id cache-miss
1541 silly fetch manifest is-docker@^3.0.0
1542 silly packumentCache full:https://registry.npmjs.org/is-docker cache-miss
1543 silly fetch manifest is-wsl@^3.1.0
1544 silly packumentCache full:https://registry.npmjs.org/is-wsl cache-miss
1545 http cache https://registry.npmjs.org/bundle-name 2ms (cache hit)
1546 silly packumentCache full:https://registry.npmjs.org/bundle-name set size:17344 disposed:false
1547 http cache https://registry.npmjs.org/default-browser-id 2ms (cache hit)
1548 silly packumentCache full:https://registry.npmjs.org/default-browser-id set size:24398 disposed:false
1549 http cache https://registry.npmjs.org/is-docker 2ms (cache hit)
1550 silly packumentCache full:https://registry.npmjs.org/is-docker set size:23690 disposed:false
1551 http cache https://registry.npmjs.org/is-wsl 2ms (cache hit)
1552 silly packumentCache full:https://registry.npmjs.org/is-wsl set size:20683 disposed:false
1553 silly placeDep ROOT bundle-name@4.1.0 OK for: default-browser@5.5.0 want: ^4.1.0
1554 silly placeDep ROOT default-browser-id@5.0.1 OK for: default-browser@5.5.0 want: ^5.0.0
1555 silly fetch manifest run-applescript@^7.0.0
1556 silly packumentCache full:https://registry.npmjs.org/run-applescript cache-miss
1557 http cache https://registry.npmjs.org/run-applescript 1ms (cache hit)
1558 silly packumentCache full:https://registry.npmjs.org/run-applescript set size:27897 disposed:false
1559 silly placeDep ROOT run-applescript@7.1.0 OK for: bundle-name@4.1.0 want: ^7.0.0
1560 silly placeDep ROOT is-docker@3.0.0 OK for: is-inside-container@1.0.0 want: ^3.0.0
1561 silly placeDep node_modules/ora chalk@5.6.2 OK for: ora@8.2.0 want: ^5.3.0
1562 silly placeDep ROOT cli-cursor@5.0.0 OK for: ora@8.2.0 want: ^5.0.0
1563 silly placeDep ROOT cli-spinners@2.9.2 OK for: ora@8.2.0 want: ^2.9.2
1564 silly placeDep ROOT is-interactive@2.0.0 OK for: ora@8.2.0 want: ^2.0.0
1565 silly placeDep ROOT log-symbols@6.0.0 OK for: ora@8.2.0 want: ^6.0.0
1566 silly placeDep ROOT stdin-discarder@0.2.2 OK for: ora@8.2.0 want: ^0.2.2
1567 silly placeDep ROOT string-width@7.2.0 OK for: ora@8.2.0 want: ^7.2.0
1568 silly placeDep ROOT strip-ansi@7.2.0 OK for: ora@8.2.0 want: ^7.1.0
1569 silly fetch manifest restore-cursor@^5.0.0
1570 silly packumentCache full:https://registry.npmjs.org/restore-cursor cache-miss
1571 silly fetch manifest is-unicode-supported@^1.3.0
1572 silly packumentCache full:https://registry.npmjs.org/is-unicode-supported cache-hit
1573 silly fetch manifest emoji-regex@^10.3.0
1574 silly packumentCache full:https://registry.npmjs.org/emoji-regex cache-miss
1575 silly fetch manifest get-east-asian-width@^1.0.0
1576 silly packumentCache full:https://registry.npmjs.org/get-east-asian-width cache-miss
1577 silly fetch manifest ansi-regex@^6.2.2
1578 silly packumentCache full:https://registry.npmjs.org/ansi-regex cache-miss
1579 http cache https://registry.npmjs.org/restore-cursor 1ms (cache hit)
1580 silly packumentCache full:https://registry.npmjs.org/restore-cursor set size:17895 disposed:false
1581 http cache https://registry.npmjs.org/emoji-regex 1ms (cache hit)
1582 silly packumentCache full:https://registry.npmjs.org/emoji-regex set size:89064 disposed:false
1583 http cache https://registry.npmjs.org/get-east-asian-width 1ms (cache hit)
1584 silly packumentCache full:https://registry.npmjs.org/get-east-asian-width set size:20538 disposed:false
1585 http cache https://registry.npmjs.org/ansi-regex 2ms (cache hit)
1586 silly packumentCache full:https://registry.npmjs.org/ansi-regex set size:43572 disposed:false
1587 silly placeDep ROOT restore-cursor@5.1.0 OK for: cli-cursor@5.0.0 want: ^5.0.0
1588 silly fetch manifest onetime@^7.0.0
1589 silly packumentCache full:https://registry.npmjs.org/onetime cache-hit
1590 silly placeDep node_modules/log-symbols chalk@5.6.2 OK for: log-symbols@6.0.0 want: ^5.3.0
1591 silly placeDep node_modules/log-symbols is-unicode-supported@1.3.0 OK for: log-symbols@6.0.0 want: ^1.3.0
1592 silly placeDep ROOT error-ex@1.3.4 OK for: parse-json@5.2.0 want: ^1.3.1
1593 silly placeDep ROOT json-parse-even-better-errors@2.3.1 OK for: parse-json@5.2.0 want: ^2.3.0
1594 silly placeDep ROOT lines-and-columns@1.2.4 OK for: parse-json@5.2.0 want: ^1.1.6
1595 silly fetch manifest is-arrayish@^0.2.1
1596 silly packumentCache full:https://registry.npmjs.org/is-arrayish cache-miss
1597 http cache https://registry.npmjs.org/is-arrayish 0ms (cache hit)
1598 silly packumentCache full:https://registry.npmjs.org/is-arrayish set size:15371 disposed:false
1599 silly placeDep ROOT is-arrayish@0.2.1 OK for: error-ex@1.3.4 want: ^0.2.1
1600 silly placeDep ROOT cssesc@3.0.0 OK for: postcss-selector-parser@7.1.1 want: ^3.0.0
1601 silly placeDep ROOT util-deprecate@1.0.2 OK for: postcss-selector-parser@7.1.1 want: ^1.0.2
1602 silly placeDep ROOT parse-ms@4.0.0 OK for: pretty-ms@9.3.0 want: ^4.0.0
1603 silly placeDep node_modules/prompts kleur@3.0.3 OK for: prompts@2.4.2 want: ^3.0.3
1604 silly placeDep ROOT sisteransi@1.0.5 OK for: prompts@2.4.2 want: ^1.0.5
1605 silly placeDep ROOT forwarded@0.2.0 OK for: proxy-addr@2.0.7 want: 0.2.0
1606 silly placeDep ROOT ipaddr.js@1.9.1 OK for: proxy-addr@2.0.7 want: 1.9.1
1607 silly placeDep ROOT unpipe@1.0.0 OK for: raw-body@3.0.2 want: ~1.0.0
1608 silly placeDep ROOT ast-types@0.16.1 OK for: recast@0.23.11 want: ^0.16.1
1609 silly placeDep ROOT esprima@4.0.1 OK for: recast@0.23.11 want: ~4.0.0
1610 silly placeDep ROOT source-map@0.6.1 OK for: recast@0.23.11 want: ~0.6.1
1611 silly placeDep ROOT onetime@7.0.0 OK for: restore-cursor@5.1.0 want: ^7.0.0
1612 silly fetch manifest mimic-function@^5.0.0
1613 silly packumentCache full:https://registry.npmjs.org/mimic-function cache-miss
1614 http cache https://registry.npmjs.org/mimic-function 0ms (cache hit)
1615 silly packumentCache full:https://registry.npmjs.org/mimic-function set size:6356 disposed:false
1616 silly placeDep ROOT mimic-function@5.0.1 OK for: onetime@7.0.0 want: ^5.0.0
1617 silly placeDep ROOT is-promise@4.0.0 OK for: router@2.2.0 want: ^4.0.0
1618 silly placeDep node_modules/router path-to-regexp@8.4.2 OK for: router@2.2.0 want: ^8.0.0
1619 silly placeDep node_modules/string-width emoji-regex@10.6.0 OK for: string-width@7.2.0 want: ^10.3.0
1620 silly placeDep ROOT get-east-asian-width@1.6.0 OK for: string-width@7.2.0 want: ^1.0.0
1621 silly placeDep ROOT get-own-enumerable-keys@1.0.0 OK for: stringify-object@5.0.0 want: ^1.0.0
1622 silly placeDep ROOT is-obj@3.0.0 OK for: stringify-object@5.0.0 want: ^3.0.0
1623 silly placeDep ROOT is-regexp@3.1.0 OK for: stringify-object@5.0.0 want: ^3.1.0
1624 silly placeDep ROOT ansi-regex@6.2.2 OK for: strip-ansi@7.2.0 want: ^6.2.2
1625 silly placeDep ROOT tldts@7.0.30 OK for: tough-cookie@6.0.1 want: ^7.0.5
1626 silly fetch manifest tldts-core@^7.0.30
1627 silly packumentCache full:https://registry.npmjs.org/tldts-core cache-miss
1628 http cache https://registry.npmjs.org/tldts-core 4ms (cache hit)
1629 silly packumentCache full:https://registry.npmjs.org/tldts-core set size:3044074 disposed:false
1630 silly placeDep ROOT tldts-core@7.0.30 OK for: tldts@7.0.30 want: ^7.0.30
1631 silly placeDep ROOT @ts-morph/common@0.27.0 OK for: ts-morph@26.0.0 want: ~0.27.0
1632 silly placeDep ROOT code-block-writer@13.0.3 OK for: ts-morph@26.0.0 want: ^13.0.3
1633 silly fetch manifest minimatch@^10.0.1
1634 silly packumentCache full:https://registry.npmjs.org/minimatch cache-miss
1635 silly fetch manifest path-browserify@^1.0.1
1636 silly packumentCache full:https://registry.npmjs.org/path-browserify cache-miss
1637 http cache https://registry.npmjs.org/path-browserify 1ms (cache hit)
1638 silly packumentCache full:https://registry.npmjs.org/path-browserify set size:17399 disposed:false
1639 http cache https://registry.npmjs.org/minimatch 2ms (cache hit)
1640 silly packumentCache full:https://registry.npmjs.org/minimatch set size:375282 disposed:false
1641 silly placeDep node_modules/@ts-morph/common fast-glob@3.3.3 OK for: @ts-morph/common@0.27.0 want: ^3.3.3
1642 silly placeDep node_modules/@ts-morph/common minimatch@10.2.5 OK for: @ts-morph/common@0.27.0 want: ^10.0.1
1643 silly placeDep ROOT path-browserify@1.0.1 OK for: @ts-morph/common@0.27.0 want: ^1.0.1
1644 silly fetch manifest brace-expansion@^5.0.5
1645 silly packumentCache full:https://registry.npmjs.org/brace-expansion cache-miss
1646 http cache https://registry.npmjs.org/brace-expansion 1ms (cache hit)
1647 silly packumentCache full:https://registry.npmjs.org/brace-expansion set size:70654 disposed:false
1648 silly placeDep ROOT tagged-tag@1.0.0 OK for: type-fest@5.6.0 want: ^1.0.0
1649 silly placeDep ROOT media-typer@1.1.0 OK for: type-is@2.0.1 want: ^1.1.0
1650 silly placeDep ROOT detect-node-es@1.1.0 OK for: use-sidecar@1.1.3 want: ^1.1.0
1651 silly placeDep ROOT is-wsl@3.1.1 OK for: wsl-utils@0.3.1 want: ^3.1.0
1652 silly placeDep ROOT cliui@8.0.1 OK for: yargs@17.7.2 want: ^8.0.1
1653 silly placeDep ROOT get-caller-file@2.0.5 OK for: yargs@17.7.2 want: ^2.0.5
1654 silly placeDep ROOT require-directory@2.1.1 OK for: yargs@17.7.2 want: ^2.1.1
1655 silly placeDep node_modules/yargs string-width@4.2.3 OK for: yargs@17.7.2 want: ^4.2.3
1656 silly placeDep ROOT y18n@5.0.8 OK for: yargs@17.7.2 want: ^5.0.5
1657 silly placeDep ROOT yargs-parser@21.1.1 OK for: yargs@17.7.2 want: ^21.1.1
1658 silly fetch manifest wrap-ansi@^7.0.0
1659 silly packumentCache full:https://registry.npmjs.org/wrap-ansi cache-miss
1660 silly fetch manifest strip-ansi@^6.0.1
1661 silly packumentCache full:https://registry.npmjs.org/strip-ansi cache-hit
1662 silly fetch manifest string-width@^4.2.0
1663 silly packumentCache full:https://registry.npmjs.org/string-width cache-hit
1664 silly fetch manifest strip-ansi@^6.0.1
1665 silly packumentCache full:https://registry.npmjs.org/strip-ansi cache-hit
1666 silly fetch manifest emoji-regex@^8.0.0
1667 silly packumentCache full:https://registry.npmjs.org/emoji-regex cache-hit
1668 silly fetch manifest is-fullwidth-code-point@^3.0.0
1669 silly packumentCache full:https://registry.npmjs.org/is-fullwidth-code-point cache-miss
1670 http cache https://registry.npmjs.org/is-fullwidth-code-point 1ms (cache hit)
1671 silly packumentCache full:https://registry.npmjs.org/is-fullwidth-code-point set size:14578 disposed:false
1672 http cache https://registry.npmjs.org/wrap-ansi 2ms (cache hit)
1673 silly packumentCache full:https://registry.npmjs.org/wrap-ansi set size:55299 disposed:false
1674 silly placeDep node_modules/cliui string-width@4.2.3 OK for: cliui@8.0.1 want: ^4.2.0
1675 silly placeDep node_modules/cliui strip-ansi@6.0.1 OK for: cliui@8.0.1 want: ^6.0.1
1676 silly placeDep ROOT wrap-ansi@7.0.0 OK for: cliui@8.0.1 want: ^7.0.0
1677 silly fetch manifest ansi-regex@^5.0.1
1678 silly packumentCache full:https://registry.npmjs.org/ansi-regex cache-hit
1679 silly fetch manifest strip-ansi@^6.0.0
1680 silly packumentCache full:https://registry.npmjs.org/strip-ansi cache-hit
1681 silly fetch manifest string-width@^4.1.0
1682 silly packumentCache full:https://registry.npmjs.org/string-width cache-hit
1683 silly placeDep node_modules/wrap-ansi string-width@4.2.3 OK for: wrap-ansi@7.0.0 want: ^4.1.0
1684 silly placeDep node_modules/wrap-ansi strip-ansi@6.0.1 OK for: wrap-ansi@7.0.0 want: ^6.0.0
1685 silly placeDep node_modules/@dotenvx/dotenvx get-stream@6.0.1 OK for: execa@5.1.1 want: ^6.0.0
1686 silly placeDep node_modules/@dotenvx/dotenvx human-signals@2.1.0 OK for: execa@5.1.1 want: ^2.1.0
1687 silly placeDep node_modules/@dotenvx/dotenvx is-stream@2.0.1 OK for: execa@5.1.1 want: ^2.0.0
1688 silly placeDep ROOT merge-stream@2.0.0 OK for: execa@5.1.1 want: ^2.0.0
1689 silly placeDep node_modules/@dotenvx/dotenvx npm-run-path@4.0.1 OK for: execa@5.1.1 want: ^4.0.1
1690 silly placeDep node_modules/@dotenvx/dotenvx onetime@5.1.2 OK for: execa@5.1.1 want: ^5.1.2
1691 silly placeDep node_modules/@dotenvx/dotenvx signal-exit@3.0.7 OK for: execa@5.1.1 want: ^3.0.3
1692 silly placeDep node_modules/@dotenvx/dotenvx strip-final-newline@2.0.0 OK for: execa@5.1.1 want: ^2.0.0
1693 silly fetch manifest mimic-fn@^2.1.0
1694 silly packumentCache full:https://registry.npmjs.org/mimic-fn cache-miss
1695 http cache https://registry.npmjs.org/mimic-fn 1ms (cache hit)
1696 silly packumentCache full:https://registry.npmjs.org/mimic-fn set size:22257 disposed:false
1697 silly placeDep ROOT mimic-fn@2.1.0 OK for: onetime@5.1.2 want: ^2.1.0
1698 silly placeDep node_modules/@dotenvx/dotenvx isexe@3.1.5 OK for: which@4.0.0 want: ^3.1.1
1699 silly placeDep ROOT fast-uri@3.1.2 OK for: ajv@8.20.0 want: ^3.0.1
1700 silly placeDep node_modules/@modelcontextprotocol/sdk json-schema-traverse@1.0.0 OK for: ajv@8.20.0 want: ^1.0.0
1701 silly placeDep ROOT require-from-string@2.0.2 OK for: ajv@8.20.0 want: ^2.0.2
1702 silly placeDep node_modules/@ts-morph/common glob-parent@5.1.2 OK for: fast-glob@3.3.3 want: ^5.1.2
1703 silly placeDep node_modules/@ts-morph/common brace-expansion@5.0.6 OK for: minimatch@10.2.5 want: ^5.0.5
1704 silly fetch manifest balanced-match@^4.0.2
1705 silly packumentCache full:https://registry.npmjs.org/balanced-match cache-miss
1706 http cache https://registry.npmjs.org/balanced-match 1ms (cache hit)
1707 silly packumentCache full:https://registry.npmjs.org/balanced-match set size:39082 disposed:false
1708 silly placeDep node_modules/@ts-morph/common balanced-match@4.0.4 OK for: brace-expansion@5.0.6 want: ^4.0.2
1709 silly placeDep node_modules/ajv-formats json-schema-traverse@1.0.0 OK for: ajv@8.20.0 want: ^1.0.0
1710 silly placeDep node_modules/cliui emoji-regex@8.0.0 OK for: string-width@4.2.3 want: ^8.0.0
1711 silly placeDep ROOT is-fullwidth-code-point@3.0.0 OK for: string-width@4.2.3 want: ^3.0.0
1712 silly placeDep node_modules/cliui ansi-regex@5.0.1 OK for: strip-ansi@6.0.1 want: ^5.0.1
1713 silly placeDep node_modules/shadcn glob-parent@5.1.2 OK for: fast-glob@3.3.3 want: ^5.1.2
1714 silly placeDep node_modules/wrap-ansi emoji-regex@8.0.0 OK for: string-width@4.2.3 want: ^8.0.0
1715 silly placeDep node_modules/wrap-ansi ansi-regex@5.0.1 OK for: strip-ansi@6.0.1 want: ^5.0.1
1716 silly placeDep node_modules/yargs emoji-regex@8.0.0 OK for: string-width@4.2.3 want: ^8.0.0
1717 silly placeDep node_modules/yargs strip-ansi@6.0.1 OK for: string-width@4.2.3 want: ^6.0.1
1718 silly placeDep node_modules/yargs ansi-regex@5.0.1 OK for: strip-ansi@6.0.1 want: ^5.0.1
1719 silly reify moves {}
1720 silly audit bulk request {
1720 silly audit   '@alloc/quick-lru': [ '5.2.0' ],
1720 silly audit   '@babel/code-frame': [ '7.29.0' ],
1720 silly audit   '@babel/compat-data': [ '7.29.3' ],
1720 silly audit   '@babel/core': [ '7.29.0' ],
1720 silly audit   '@babel/generator': [ '7.29.1' ],
1720 silly audit   '@babel/helper-compilation-targets': [ '7.28.6' ],
1720 silly audit   '@babel/helper-globals': [ '7.28.0' ],
1720 silly audit   '@babel/helper-module-imports': [ '7.28.6' ],
1720 silly audit   '@babel/helper-module-transforms': [ '7.28.6' ],
1720 silly audit   '@babel/helper-string-parser': [ '7.27.1' ],
1720 silly audit   '@babel/helper-validator-identifier': [ '7.28.5' ],
1720 silly audit   '@babel/helper-validator-option': [ '7.27.1' ],
1720 silly audit   '@babel/helpers': [ '7.29.2' ],
1720 silly audit   '@babel/parser': [ '7.29.3' ],
1720 silly audit   '@babel/template': [ '7.28.6' ],
1720 silly audit   '@babel/traverse': [ '7.29.0' ],
1720 silly audit   '@babel/types': [ '7.29.0' ],
1720 silly audit   '@emnapi/core': [ '1.10.0' ],
1720 silly audit   '@emnapi/runtime': [ '1.10.0' ],
1720 silly audit   '@emnapi/wasi-threads': [ '1.2.1' ],
1720 silly audit   '@eslint-community/eslint-utils': [ '4.9.1' ],
1720 silly audit   'eslint-visitor-keys': [ '3.4.3', '5.0.1', '4.2.1' ],
1720 silly audit   '@eslint-community/regexpp': [ '4.12.2' ],
1720 silly audit   '@eslint/config-array': [ '0.21.2' ],
1720 silly audit   '@eslint/config-helpers': [ '0.4.2' ],
1720 silly audit   '@eslint/core': [ '0.17.0' ],
1720 silly audit   '@eslint/eslintrc': [ '3.3.5' ],
1720 silly audit   '@eslint/js': [ '9.39.4' ],
1720 silly audit   '@eslint/object-schema': [ '2.1.7' ],
1720 silly audit   '@eslint/plugin-kit': [ '0.4.1' ],
1720 silly audit   '@humanfs/core': [ '0.19.2' ],
1720 silly audit   '@humanfs/node': [ '0.16.8' ],
1720 silly audit   '@humanfs/types': [ '0.15.0' ],
1720 silly audit   '@humanwhocodes/module-importer': [ '1.0.1' ],
1720 silly audit   '@humanwhocodes/retry': [ '0.4.3' ],
1720 silly audit   '@img/colour': [ '1.1.0' ],
1720 silly audit   '@img/sharp-darwin-arm64': [ '0.34.5' ],
1720 silly audit   '@img/sharp-darwin-x64': [ '0.34.5' ],
1720 silly audit   '@img/sharp-libvips-darwin-arm64': [ '1.2.4' ],
1720 silly audit   '@img/sharp-libvips-darwin-x64': [ '1.2.4' ],
1720 silly audit   '@img/sharp-libvips-linux-arm': [ '1.2.4' ],
1720 silly audit   '@img/sharp-libvips-linux-arm64': [ '1.2.4' ],
1720 silly audit   '@img/sharp-libvips-linux-ppc64': [ '1.2.4' ],
1720 silly audit   '@img/sharp-libvips-linux-riscv64': [ '1.2.4' ],
1720 silly audit   '@img/sharp-libvips-linux-s390x': [ '1.2.4' ],
1720 silly audit   '@img/sharp-libvips-linux-x64': [ '1.2.4' ],
1720 silly audit   '@img/sharp-libvips-linuxmusl-arm64': [ '1.2.4' ],
1720 silly audit   '@img/sharp-libvips-linuxmusl-x64': [ '1.2.4' ],
1720 silly audit   '@img/sharp-linux-arm': [ '0.34.5' ],
1720 silly audit   '@img/sharp-linux-arm64': [ '0.34.5' ],
1720 silly audit   '@img/sharp-linux-ppc64': [ '0.34.5' ],
1720 silly audit   '@img/sharp-linux-riscv64': [ '0.34.5' ],
1720 silly audit   '@img/sharp-linux-s390x': [ '0.34.5' ],
1720 silly audit   '@img/sharp-linux-x64': [ '0.34.5' ],
1720 silly audit   '@img/sharp-linuxmusl-arm64': [ '0.34.5' ],
1720 silly audit   '@img/sharp-linuxmusl-x64': [ '0.34.5' ],
1720 silly audit   '@img/sharp-wasm32': [ '0.34.5' ],
1720 silly audit   '@img/sharp-win32-arm64': [ '0.34.5' ],
1720 silly audit   '@img/sharp-win32-ia32': [ '0.34.5' ],
1720 silly audit   '@img/sharp-win32-x64': [ '0.34.5' ],
1720 silly audit   '@jridgewell/gen-mapping': [ '0.3.13' ],
1720 silly audit   '@jridgewell/remapping': [ '2.3.5' ],
1720 silly audit   '@jridgewell/resolve-uri': [ '3.1.2' ],
1720 silly audit   '@jridgewell/sourcemap-codec': [ '1.5.5' ],
1720 silly audit   '@jridgewell/trace-mapping': [ '0.3.31' ],
1720 silly audit   '@napi-rs/wasm-runtime': [ '0.2.12' ],
1720 silly audit   '@next/env': [ '16.2.6' ],
1720 silly audit   '@next/eslint-plugin-next': [ '16.2.6' ],
1720 silly audit   '@next/swc-darwin-arm64': [ '16.2.6' ],
1720 silly audit   '@next/swc-darwin-x64': [ '16.2.6' ],
1720 silly audit   '@next/swc-linux-arm64-gnu': [ '16.2.6' ],
1720 silly audit   '@next/swc-linux-arm64-musl': [ '16.2.6' ],
1720 silly audit   '@next/swc-linux-x64-gnu': [ '16.2.6' ],
1720 silly audit   '@next/swc-linux-x64-musl': [ '16.2.6' ],
1720 silly audit   '@next/swc-win32-arm64-msvc': [ '16.2.6' ],
1720 silly audit   '@next/swc-win32-x64-msvc': [ '16.2.6' ],
1720 silly audit   '@nodelib/fs.scandir': [ '2.1.5' ],
1720 silly audit   '@nodelib/fs.stat': [ '2.0.5' ],
1720 silly audit   '@nodelib/fs.walk': [ '1.2.8' ],
1720 silly audit   '@nolyfill/is-core-module': [ '1.0.39' ],
1720 silly audit   '@reduxjs/toolkit': [ '2.11.2' ],
1720 silly audit   immer: [ '11.1.7', '10.2.0' ],
1720 silly audit   '@rtsao/scc': [ '1.1.0' ],
1720 silly audit   '@standard-schema/spec': [ '1.1.0' ],
1720 silly audit   '@standard-schema/utils': [ '0.3.0' ],
1720 silly audit   '@supabase/auth-js': [ '2.105.3' ],
1720 silly audit   '@supabase/functions-js': [ '2.105.3' ],
1720 silly audit   '@supabase/phoenix': [ '0.4.1' ],
1720 silly audit   '@supabase/postgrest-js': [ '2.105.3' ],
1720 silly audit   '@supabase/realtime-js': [ '2.105.3' ],
1720 silly audit   '@supabase/ssr': [ '0.10.3' ],
1720 silly audit   '@supabase/storage-js': [ '2.105.3' ],
1720 silly audit   '@supabase/supabase-js': [ '2.105.3' ],
1720 silly audit   '@swc/helpers': [ '0.5.15' ],
1720 silly audit   '@tailwindcss/node': [ '4.2.4' ],
1720 silly audit   '@tailwindcss/oxide': [ '4.2.4' ],
1720 silly audit   '@tailwindcss/oxide-android-arm64': [ '4.2.4' ],
1720 silly audit   '@tailwindcss/oxide-darwin-arm64': [ '4.2.4' ],
1720 silly audit   '@tailwindcss/oxide-darwin-x64': [ '4.2.4' ],
1720 silly audit   '@tailwindcss/oxide-freebsd-x64': [ '4.2.4' ],
1720 silly audit   '@tailwindcss/oxide-linux-arm-gnueabihf': [ '4.2.4' ],
1720 silly audit   '@tailwindcss/oxide-linux-arm64-gnu': [ '4.2.4' ],
1720 silly audit   '@tailwindcss/oxide-linux-arm64-musl': [ '4.2.4' ],
1720 silly audit   '@tailwindcss/oxide-linux-x64-gnu': [ '4.2.4' ],
1720 silly audit   '@tailwindcss/oxide-linux-x64-musl': [ '4.2.4' ],
1720 silly audit   '@tailwindcss/oxide-wasm32-wasi': [ '4.2.4' ],
1720 silly audit   '@tailwindcss/oxide-win32-arm64-msvc': [ '4.2.4' ],
1720 silly audit   '@tailwindcss/oxide-win32-x64-msvc': [ '4.2.4' ],
1720 silly audit   '@tailwindcss/postcss': [ '4.2.4' ],
1720 silly audit   '@tybys/wasm-util': [ '0.10.2' ],
1720 silly audit   '@types/d3-array': [ '3.2.2' ],
1720 silly audit   '@types/d3-color': [ '3.1.3' ],
1720 silly audit   '@types/d3-ease': [ '3.0.2' ],
1720 silly audit   '@types/d3-interpolate': [ '3.0.4' ],
1720 silly audit   '@types/d3-path': [ '3.1.1' ],
1720 silly audit   '@types/d3-scale': [ '4.0.9' ],
1720 silly audit   '@types/d3-shape': [ '3.1.8' ],
1720 silly audit   '@types/d3-time': [ '3.0.4' ],
1720 silly audit   '@types/d3-timer': [ '3.0.2' ],
1720 silly audit   '@types/estree': [ '1.0.9' ],
1720 silly audit   '@types/json-schema': [ '7.0.15' ],
1720 silly audit   '@types/json5': [ '0.0.29' ],
1720 silly audit   '@types/node': [ '20.19.40' ],
1720 silly audit   '@types/react': [ '19.2.14' ],
1720 silly audit   '@types/react-dom': [ '19.2.3' ],
1720 silly audit   '@types/use-sync-external-store': [ '0.0.6' ],
1720 silly audit   '@types/ws': [ '8.18.1' ],
1720 silly audit   '@typescript-eslint/eslint-plugin': [ '8.59.2' ],
1720 silly audit   ignore: [ '7.0.5', '5.3.2' ],
1720 silly audit   '@typescript-eslint/parser': [ '8.59.2' ],
1720 silly audit   '@typescript-eslint/project-service': [ '8.59.2' ],
1720 silly audit   '@typescript-eslint/scope-manager': [ '8.59.2' ],
1720 silly audit   '@typescript-eslint/tsconfig-utils': [ '8.59.2' ],
1720 silly audit   '@typescript-eslint/type-utils': [ '8.59.2' ],
1720 silly audit   '@typescript-eslint/types': [ '8.59.2' ],
1720 silly audit   '@typescript-eslint/typescript-estree': [ '8.59.2' ],
1720 silly audit   'balanced-match': [ '4.0.4', '1.0.2' ],
1720 silly audit   'brace-expansion': [ '5.0.6', '1.1.14' ],
1720 silly audit   minimatch: [ '10.2.5', '3.1.5' ],
1720 silly audit   semver: [ '7.7.4', '6.3.1' ],
1720 silly audit   '@typescript-eslint/utils': [ '8.59.2' ],
1720 silly audit   '@typescript-eslint/visitor-keys': [ '8.59.2' ],
1720 silly audit   '@unrs/resolver-binding-android-arm-eabi': [ '1.11.1' ],
1720 silly audit   '@unrs/resolver-binding-android-arm64': [ '1.11.1' ],
1720 silly audit   '@unrs/resolver-binding-darwin-arm64': [ '1.11.1' ],
1720 silly audit   '@unrs/resolver-binding-darwin-x64': [ '1.11.1' ],
1720 silly audit   '@unrs/resolver-binding-freebsd-x64': [ '1.11.1' ],
1720 silly audit   '@unrs/resolver-binding-linux-arm-gnueabihf': [ '1.11.1' ],
1720 silly audit   '@unrs/resolver-binding-linux-arm-musleabihf': [ '1.11.1' ],
1720 silly audit   '@unrs/resolver-binding-linux-arm64-gnu': [ '1.11.1' ],
1720 silly audit   '@unrs/resolver-binding-linux-arm64-musl': [ '1.11.1' ],
1720 silly audit   '@unrs/resolver-binding-linux-ppc64-gnu': [ '1.11.1' ],
1720 silly audit   '@unrs/resolver-binding-linux-riscv64-gnu': [ '1.11.1' ],
1720 silly audit   '@unrs/resolver-binding-linux-riscv64-musl': [ '1.11.1' ],
1720 silly audit   '@unrs/resolver-binding-linux-s390x-gnu': [ '1.11.1' ],
1720 silly audit   '@unrs/resolver-binding-linux-x64-gnu': [ '1.11.1' ],
1720 silly audit   '@unrs/resolver-binding-linux-x64-musl': [ '1.11.1' ],
1720 silly audit   '@unrs/resolver-binding-wasm32-wasi': [ '1.11.1' ],
1720 silly audit   '@unrs/resolver-binding-win32-arm64-msvc': [ '1.11.1' ],
1720 silly audit   '@unrs/resolver-binding-win32-ia32-msvc': [ '1.11.1' ],
1720 silly audit   '@unrs/resolver-binding-win32-x64-msvc': [ '1.11.1' ],
1720 silly audit   acorn: [ '8.16.0' ],
1720 silly audit   'acorn-jsx': [ '5.3.2' ],
1720 silly audit   ajv: [ '6.15.0', '8.20.0' ],
1720 silly audit   'ansi-styles': [ '4.3.0' ],
1720 silly audit   argparse: [ '2.0.1' ],
1720 silly audit   'aria-query': [ '5.3.2' ],
1720 silly audit   'array-buffer-byte-length': [ '1.0.2' ],
1720 silly audit   'array-includes': [ '3.1.9' ],
1720 silly audit   'array.prototype.findlast': [ '1.2.5' ],
1720 silly audit   'array.prototype.findlastindex': [ '1.2.6' ],
1720 silly audit   'array.prototype.flat': [ '1.3.3' ],
1720 silly audit   'array.prototype.flatmap': [ '1.3.3' ],
1720 silly audit   'array.prototype.tosorted': [ '1.1.4' ],
1720 silly audit   'arraybuffer.prototype.slice': [ '1.0.4' ],
1720 silly audit   'ast-types-flow': [ '0.0.8' ],
1720 silly audit   'async-function': [ '1.0.0' ],
1720 silly audit   'available-typed-arrays': [ '1.0.7' ],
1720 silly audit   'axe-core': [ '4.11.4' ],
1720 silly audit   'axobject-query': [ '4.1.0' ],
1720 silly audit   'baseline-browser-mapping': [ '2.10.27' ],
1720 silly audit   braces: [ '3.0.3' ],
1720 silly audit   browserslist: [ '4.28.2' ],
1720 silly audit   'call-bind': [ '1.0.9' ],
1720 silly audit   'call-bind-apply-helpers': [ '1.0.2' ],
1720 silly audit   'call-bound': [ '1.0.4' ],
1720 silly audit   callsites: [ '3.1.0' ],
1720 silly audit   'caniuse-lite': [ '1.0.30001792' ],
1720 silly audit   chalk: [ '4.1.2', '5.6.2' ],
1720 silly audit   'client-only': [ '0.0.1' ],
1720 silly audit   'color-convert': [ '2.0.1' ],
1720 silly audit   'color-name': [ '1.1.4' ],
1720 silly audit   'concat-map': [ '0.0.1' ],
1720 silly audit   'convert-source-map': [ '2.0.0' ],
1720 silly audit   cookie: [ '1.1.1', '0.7.2' ],
1720 silly audit   'cross-spawn': [ '7.0.6' ],
1720 silly audit   csstype: [ '3.2.3' ],
1720 silly audit   'd3-array': [ '3.2.4' ],
1720 silly audit   'd3-color': [ '3.1.0' ],
1720 silly audit   'd3-ease': [ '3.0.1' ],
1720 silly audit   'd3-format': [ '3.1.2' ],
1720 silly audit   'd3-interpolate': [ '3.0.1' ],
1720 silly audit   'd3-path': [ '3.1.0' ],
1720 silly audit   'd3-scale': [ '4.0.2' ],
1720 silly audit   'd3-shape': [ '3.2.0' ],
1720 silly audit   'd3-time': [ '3.1.0' ],
1720 silly audit   'd3-time-format': [ '4.1.0' ],
1720 silly audit   'd3-timer': [ '3.0.1' ],
1720 silly audit   'damerau-levenshtein': [ '1.0.8' ],
1720 silly audit   'data-view-buffer': [ '1.0.2' ],
1720 silly audit   'data-view-byte-length': [ '1.0.2' ],
1720 silly audit   'data-view-byte-offset': [ '1.0.1' ],
1720 silly audit   debug: [ '4.4.3', '3.2.7' ],
1720 silly audit   'decimal.js-light': [ '2.5.1' ],
1720 silly audit   'deep-is': [ '0.1.4' ],
1720 silly audit   'define-data-property': [ '1.1.4' ],
1720 silly audit   'define-properties': [ '1.2.1' ],
1720 silly audit   'detect-libc': [ '2.1.2' ],
1720 silly audit   doctrine: [ '2.1.0' ],
1720 silly audit   'dunder-proto': [ '1.0.1' ],
1720 silly audit   'electron-to-chromium': [ '1.5.352' ],
1720 silly audit   'emoji-regex': [ '9.2.2', '10.6.0', '8.0.0' ],
1720 silly audit   'enhanced-resolve': [ '5.21.1' ],
1720 silly audit   'es-abstract': [ '1.24.2' ],
1720 silly audit   'es-define-property': [ '1.0.1' ],
1720 silly audit   'es-errors': [ '1.3.0' ],
1720 silly audit   'es-iterator-helpers': [ '1.3.2' ],
1720 silly audit   'es-object-atoms': [ '1.1.1' ],
1720 silly audit   'es-set-tostringtag': [ '2.1.0' ],
1720 silly audit   'es-shim-unscopables': [ '1.1.0' ],
1720 silly audit   'es-to-primitive': [ '1.3.0' ],
1720 silly audit   'es-toolkit': [ '1.46.1' ],
1720 silly audit   escalade: [ '3.2.0' ],
1720 silly audit   'escape-string-regexp': [ '4.0.0' ],
1720 silly audit   eslint: [ '9.39.4' ],
1720 silly audit   'eslint-config-next': [ '16.2.6' ],
1720 silly audit   globals: [ '16.4.0', '14.0.0' ],
1720 silly audit   'eslint-import-resolver-node': [ '0.3.10' ],
1720 silly audit   'eslint-import-resolver-typescript': [ '3.10.1' ],
1720 silly audit   'eslint-module-utils': [ '2.12.1' ],
1720 silly audit   'eslint-plugin-import': [ '2.32.0' ],
1720 silly audit   'eslint-plugin-jsx-a11y': [ '6.10.2' ],
1720 silly audit   'eslint-plugin-react': [ '7.37.5' ],
1720 silly audit   'eslint-plugin-react-hooks': [ '7.1.1' ],
1720 silly audit   'eslint-scope': [ '8.4.0' ],
1720 silly audit   espree: [ '10.4.0' ],
1720 silly audit   esquery: [ '1.7.0' ],
1720 silly audit   esrecurse: [ '4.3.0' ],
1720 silly audit   estraverse: [ '5.3.0' ],
1720 silly audit   esutils: [ '2.0.3' ],
1720 silly audit   eventemitter3: [ '5.0.4' ],
1720 silly audit   'fast-deep-equal': [ '3.1.3' ],
1720 silly audit   'fast-glob': [ '3.3.1', '3.3.3' ],
1720 silly audit   'glob-parent': [ '5.1.2', '6.0.2' ],
1720 silly audit   'fast-json-stable-stringify': [ '2.1.0' ],
1720 silly audit   'fast-levenshtein': [ '2.0.6' ],
1720 silly audit   fastq: [ '1.20.1' ],
1720 silly audit   'file-entry-cache': [ '8.0.0' ],
1720 silly audit   'fill-range': [ '7.1.1' ],
1720 silly audit   'find-up': [ '5.0.0' ],
1720 silly audit   'flat-cache': [ '4.0.1' ],
1720 silly audit   flatted: [ '3.4.2' ],
1720 silly audit   'for-each': [ '0.3.5' ],
1720 silly audit   'framer-motion': [ '12.38.0' ],
1720 silly audit   'function-bind': [ '1.1.2' ],
1720 silly audit   'function.prototype.name': [ '1.1.8' ],
1720 silly audit   'functions-have-names': [ '1.2.3' ],
1720 silly audit   'generator-function': [ '2.0.1' ],
1720 silly audit   gensync: [ '1.0.0-beta.2' ],
1720 silly audit   'get-intrinsic': [ '1.3.0' ],
1720 silly audit   'get-proto': [ '1.0.1' ],
1720 silly audit   'get-symbol-description': [ '1.1.0' ],
1720 silly audit   'get-tsconfig': [ '4.14.0' ],
1720 silly audit   globalthis: [ '1.0.4' ],
1720 silly audit   gopd: [ '1.2.0' ],
1720 silly audit   'graceful-fs': [ '4.2.11' ],
1720 silly audit   'has-bigints': [ '1.1.0' ],
1720 silly audit   'has-flag': [ '4.0.0' ],
1720 silly audit   'has-property-descriptors': [ '1.0.2' ],
1720 silly audit   'has-proto': [ '1.2.0' ],
1720 silly audit   'has-symbols': [ '1.1.0' ],
1720 silly audit   'has-tostringtag': [ '1.0.2' ],
1720 silly audit   hasown: [ '2.0.3' ],
1720 silly audit   'hermes-estree': [ '0.25.1' ],
1720 silly audit   'hermes-parser': [ '0.25.1' ],
1720 silly audit   'iceberg-js': [ '0.8.1' ],
1720 silly audit   'import-fresh': [ '3.3.1' ],
1720 silly audit   imurmurhash: [ '0.1.4' ],
1720 silly audit   'internal-slot': [ '1.1.0' ],
1720 silly audit   internmap: [ '2.0.3' ],
1720 silly audit   'is-array-buffer': [ '3.0.5' ],
1720 silly audit   'is-async-function': [ '2.1.1' ],
1720 silly audit   'is-bigint': [ '1.1.0' ],
1720 silly audit   'is-boolean-object': [ '1.2.2' ],
1720 silly audit   'is-bun-module': [ '2.0.0' ],
1720 silly audit   'is-callable': [ '1.2.7' ],
1720 silly audit   'is-core-module': [ '2.16.2' ],
1720 silly audit   'is-data-view': [ '1.0.2' ],
1720 silly audit   'is-date-object': [ '1.1.0' ],
1720 silly audit   'is-extglob': [ '2.1.1' ],
1720 silly audit   'is-finalizationregistry': [ '1.1.1' ],
1720 silly audit   'is-generator-function': [ '1.1.2' ],
1720 silly audit   'is-glob': [ '4.0.3' ],
1720 silly audit   'is-map': [ '2.0.3' ],
1720 silly audit   'is-negative-zero': [ '2.0.3' ],
1720 silly audit   'is-number': [ '7.0.0' ],
1720 silly audit   'is-number-object': [ '1.1.1' ],
1720 silly audit   'is-regex': [ '1.2.1' ],
1720 silly audit   'is-set': [ '2.0.3' ],
1720 silly audit   'is-shared-array-buffer': [ '1.0.4' ],
1720 silly audit   'is-string': [ '1.1.1' ],
1720 silly audit   'is-symbol': [ '1.1.1' ],
1720 silly audit   'is-typed-array': [ '1.1.15' ],
1720 silly audit   'is-weakmap': [ '2.0.2' ],
1720 silly audit   'is-weakref': [ '1.1.1' ],
1720 silly audit   'is-weakset': [ '2.0.4' ],
1720 silly audit   isarray: [ '2.0.5' ],
1720 silly audit   isexe: [ '2.0.0', '3.1.5' ],
1720 silly audit   'iterator.prototype': [ '1.1.5' ],
1720 silly audit   jiti: [ '2.7.0' ],
1720 silly audit   'js-tokens': [ '4.0.0' ],
1720 silly audit   'js-yaml': [ '4.1.1' ],
1720 silly audit   jsesc: [ '3.1.0' ],
1720 silly audit   'json-buffer': [ '3.0.1' ],
1720 silly audit   'json-schema-traverse': [ '0.4.1', '1.0.0' ],
1720 silly audit   'json-stable-stringify-without-jsonify': [ '1.0.1' ],
1720 silly audit   json5: [ '2.2.3', '1.0.2' ],
1720 silly audit   'jsx-ast-utils': [ '3.3.5' ],
1720 silly audit   keyv: [ '4.5.4' ],
1720 silly audit   'language-subtag-registry': [ '0.3.23' ],
1720 silly audit   'language-tags': [ '1.0.9' ],
1720 silly audit   levn: [ '0.4.1' ],
1720 silly audit   lightningcss: [ '1.32.0' ],
1720 silly audit   'lightningcss-android-arm64': [ '1.32.0' ],
1720 silly audit   'lightningcss-darwin-arm64': [ '1.32.0' ],
1720 silly audit   'lightningcss-darwin-x64': [ '1.32.0' ],
1720 silly audit   'lightningcss-freebsd-x64': [ '1.32.0' ],
1720 silly audit   'lightningcss-linux-arm-gnueabihf': [ '1.32.0' ],
1720 silly audit   'lightningcss-linux-arm64-gnu': [ '1.32.0' ],
1720 silly audit   'lightningcss-linux-arm64-musl': [ '1.32.0' ],
1720 silly audit   'lightningcss-linux-x64-gnu': [ '1.32.0' ],
1720 silly audit   'lightningcss-linux-x64-musl': [ '1.32.0' ],
1720 silly audit   'lightningcss-win32-arm64-msvc': [ '1.32.0' ],
1720 silly audit   'lightningcss-win32-x64-msvc': [ '1.32.0' ],
1720 silly audit   'locate-path': [ '6.0.0' ],
1720 silly audit   'lodash.merge': [ '4.6.2' ],
1720 silly audit   'loose-envify': [ '1.4.0' ],
1720 silly audit   'lru-cache': [ '5.1.1' ],
1720 silly audit   'magic-string': [ '0.30.21' ],
1720 silly audit   'math-intrinsics': [ '1.1.0' ],
1720 silly audit   merge2: [ '1.4.1' ],
1720 silly audit   micromatch: [ '4.0.8' ],
1720 silly audit   minimist: [ '1.2.8' ],
1720 silly audit   'motion-dom': [ '12.38.0' ],
1720 silly audit   'motion-utils': [ '12.36.0' ],
1720 silly audit   ms: [ '2.1.3' ],
1720 silly audit   nanoid: [ '3.3.12' ],
1720 silly audit   'napi-postinstall': [ '0.3.4' ],
1720 silly audit   'natural-compare': [ '1.4.0' ],
1720 silly audit   next: [ '16.2.6' ],
1720 silly audit   postcss: [ '8.4.31', '8.5.14' ],
1720 silly audit   'node-exports-info': [ '1.6.0' ],
1720 silly audit   'node-releases': [ '2.0.38' ],
1720 silly audit   'object-assign': [ '4.1.1' ],
1720 silly audit   'object-inspect': [ '1.13.4' ],
1720 silly audit   'object-keys': [ '1.1.1' ],
1720 silly audit   'object.assign': [ '4.1.7' ],
1720 silly audit   'object.entries': [ '1.1.9' ],
1720 silly audit   'object.fromentries': [ '2.0.8' ],
1720 silly audit   'object.groupby': [ '1.0.3' ],
1720 silly audit   'object.values': [ '1.2.1' ],
1720 silly audit   optionator: [ '0.9.4' ],
1720 silly audit   'own-keys': [ '1.0.1' ],
1720 silly audit   'p-limit': [ '3.1.0' ],
1720 silly audit   'p-locate': [ '5.0.0' ],
1720 silly audit   'parent-module': [ '1.0.1' ],
1720 silly audit   'path-exists': [ '4.0.0' ],
1720 silly audit   'path-key': [ '3.1.1', '4.0.0' ],
1720 silly audit   'path-parse': [ '1.0.7' ],
1720 silly audit   picocolors: [ '1.1.1' ],
1720 silly audit   picomatch: [ '2.3.2', '4.0.4' ],
1720 silly audit   'possible-typed-array-names': [ '1.1.0' ],
1720 silly audit   'prelude-ls': [ '1.2.1' ],
1720 silly audit   'prop-types': [ '15.8.1' ],
1720 silly audit   punycode: [ '2.3.1' ],
1720 silly audit   'queue-microtask': [ '1.2.3' ],
1720 silly audit   react: [ '19.2.4' ],
1720 silly audit   'react-dom': [ '19.2.4' ],
1720 silly audit   'react-is': [ '16.13.1' ],
1720 silly audit   'react-redux': [ '9.2.0' ],
1720 silly audit   recharts: [ '3.8.1' ],
1720 silly audit   redux: [ '5.0.1' ],
1720 silly audit   'redux-thunk': [ '3.1.0' ],
1720 silly audit   'reflect.getprototypeof': [ '1.0.10' ],
1720 silly audit   'regexp.prototype.flags': [ '1.5.4' ],
1720 silly audit   reselect: [ '5.1.1' ],
1720 silly audit   resolve: [ '2.0.0-next.6' ],
1720 silly audit   'resolve-from': [ '4.0.0' ],
1720 silly audit   'resolve-pkg-maps': [ '1.0.0' ],
1720 silly audit   reusify: [ '1.1.0' ],
1720 silly audit   'run-parallel': [ '1.2.0' ],
1720 silly audit   'safe-array-concat': [ '1.1.4' ],
1720 silly audit   'safe-push-apply': [ '1.0.0' ],
1720 silly audit   'safe-regex-test': [ '1.1.0' ],
1720 silly audit   scheduler: [ '0.27.0' ],
1720 silly audit   'set-function-length': [ '1.2.2' ],
1720 silly audit   'set-function-name': [ '2.0.2' ],
1720 silly audit   'set-proto': [ '1.0.0' ],
1720 silly audit   sharp: [ '0.34.5' ],
1720 silly audit   'shebang-command': [ '2.0.0' ],
1720 silly audit   'shebang-regex': [ '3.0.0' ],
1720 silly audit   'side-channel': [ '1.1.0' ],
1720 silly audit   'side-channel-list': [ '1.0.1' ],
1720 silly audit   'side-channel-map': [ '1.0.1' ],
1720 silly audit   'side-channel-weakmap': [ '1.0.2' ],
1720 silly audit   'source-map-js': [ '1.2.1' ],
1720 silly audit   'stable-hash': [ '0.0.5' ],
1720 silly audit   'stop-iteration-iterator': [ '1.1.0' ],
1720 silly audit   'string.prototype.includes': [ '2.0.1' ],
1720 silly audit   'string.prototype.matchall': [ '4.0.12' ],
1720 silly audit   'string.prototype.repeat': [ '1.0.0' ],
1720 silly audit   'string.prototype.trim': [ '1.2.10' ],
1720 silly audit   'string.prototype.trimend': [ '1.0.9' ],
1720 silly audit   'string.prototype.trimstart': [ '1.0.8' ],
1720 silly audit   'strip-bom': [ '3.0.0' ],
1720 silly audit   'strip-json-comments': [ '3.1.1' ],
1720 silly audit   'styled-jsx': [ '5.1.6' ],
1720 silly audit   'supports-color': [ '7.2.0' ],
1720 silly audit   'supports-preserve-symlinks-flag': [ '1.0.0' ],
1720 silly audit   tailwindcss: [ '4.2.4' ],
1720 silly audit   tapable: [ '2.3.3' ],
1720 silly audit   'tiny-invariant': [ '1.3.3' ],
1720 silly audit   tinyglobby: [ '0.2.16' ],
1720 silly audit   fdir: [ '6.5.0' ],
1720 silly audit   'to-regex-range': [ '5.0.1' ],
1720 silly audit   'ts-api-utils': [ '2.5.0' ],
1720 silly audit   'tsconfig-paths': [ '3.15.0', '4.2.0' ],
1720 silly audit   tslib: [ '2.8.1' ],
1720 silly audit   'type-check': [ '0.4.0' ],
1720 silly audit   'typed-array-buffer': [ '1.0.3' ],
1720 silly audit   'typed-array-byte-length': [ '1.0.3' ],
1720 silly audit   'typed-array-byte-offset': [ '1.0.4' ],
1720 silly audit   'typed-array-length': [ '1.0.7' ],
1720 silly audit   typescript: [ '5.9.3' ],
1720 silly audit   'typescript-eslint': [ '8.59.2' ],
1720 silly audit   'unbox-primitive': [ '1.1.0' ],
1720 silly audit   'undici-types': [ '6.21.0' ],
1720 silly audit   'unrs-resolver': [ '1.11.1' ],
1720 silly audit   'update-browserslist-db': [ '1.2.3' ],
1720 silly audit   'uri-js': [ '4.4.1' ],
1720 silly audit   'use-sync-external-store': [ '1.6.0' ],
1720 silly audit   'victory-vendor': [ '37.3.6' ],
1720 silly audit   which: [ '2.0.2', '4.0.0' ],
1720 silly audit   'which-boxed-primitive': [ '1.1.1' ],
1720 silly audit   'which-builtin-type': [ '1.2.1' ],
1720 silly audit   'which-collection': [ '1.0.2' ],
1720 silly audit   'which-typed-array': [ '1.1.20' ],
1720 silly audit   'word-wrap': [ '1.2.5' ],
1720 silly audit   ws: [ '8.20.0' ],
1720 silly audit   yallist: [ '3.1.1' ],
1720 silly audit   'yocto-queue': [ '0.1.0' ],
1720 silly audit   zod: [ '4.4.3', '3.25.76' ],
1720 silly audit   'zod-validation-error': [ '4.0.2' ],
1720 silly audit   zustand: [ '5.0.13' ],
1720 silly audit   'class-variance-authority': [ '0.7.1' ],
1720 silly audit   clsx: [ '2.1.1' ],
1720 silly audit   'lucide-react': [ '1.14.0' ],
1720 silly audit   'radix-ui': [ '1.4.3' ],
1720 silly audit   shadcn: [ '4.7.0' ],
1720 silly audit   'tailwind-merge': [ '3.5.0' ],
1720 silly audit   'tw-animate-css': [ '1.4.0' ],
1720 silly audit   '@radix-ui/primitive': [ '1.1.3' ],
1720 silly audit   '@radix-ui/react-accessible-icon': [ '1.1.7' ],
1720 silly audit   '@radix-ui/react-accordion': [ '1.2.12' ],
1720 silly audit   '@radix-ui/react-alert-dialog': [ '1.1.15' ],
1720 silly audit   '@radix-ui/react-arrow': [ '1.1.7' ],
1720 silly audit   '@radix-ui/react-aspect-ratio': [ '1.1.7' ],
1720 silly audit   '@radix-ui/react-avatar': [ '1.1.10' ],
1720 silly audit   '@radix-ui/react-checkbox': [ '1.3.3' ],
1720 silly audit   '@radix-ui/react-collapsible': [ '1.1.12' ],
1720 silly audit   '@radix-ui/react-collection': [ '1.1.7' ],
1720 silly audit   '@radix-ui/react-compose-refs': [ '1.1.2' ],
1720 silly audit   '@radix-ui/react-context': [ '1.1.2' ],
1720 silly audit   '@radix-ui/react-context-menu': [ '2.2.16' ],
1720 silly audit   '@radix-ui/react-dialog': [ '1.1.15' ],
1720 silly audit   '@radix-ui/react-direction': [ '1.1.1' ],
1720 silly audit   '@radix-ui/react-dismissable-layer': [ '1.1.11' ],
1720 silly audit   '@radix-ui/react-dropdown-menu': [ '2.1.16' ],
1720 silly audit   '@radix-ui/react-focus-guards': [ '1.1.3' ],
1720 silly audit   '@radix-ui/react-focus-scope': [ '1.1.7' ],
1720 silly audit   '@radix-ui/react-form': [ '0.1.8' ],
1720 silly audit   '@radix-ui/react-hover-card': [ '1.1.15' ],
1720 silly audit   '@radix-ui/react-label': [ '2.1.7' ],
1720 silly audit   '@radix-ui/react-menu': [ '2.1.16' ],
1720 silly audit   '@radix-ui/react-menubar': [ '1.1.16' ],
1720 silly audit   '@radix-ui/react-navigation-menu': [ '1.2.14' ],
1720 silly audit   '@radix-ui/react-one-time-password-field': [ '0.1.8' ],
1720 silly audit   '@radix-ui/react-password-toggle-field': [ '0.1.3' ],
1720 silly audit   '@radix-ui/react-popover': [ '1.1.15' ],
1720 silly audit   '@radix-ui/react-popper': [ '1.2.8' ],
1720 silly audit   '@radix-ui/react-portal': [ '1.1.9' ],
1720 silly audit   '@radix-ui/react-presence': [ '1.1.5' ],
1720 silly audit   '@radix-ui/react-primitive': [ '2.1.3' ],
1720 silly audit   '@radix-ui/react-progress': [ '1.1.7' ],
1720 silly audit   '@radix-ui/react-radio-group': [ '1.3.8' ],
1720 silly audit   '@radix-ui/react-roving-focus': [ '1.1.11' ],
1720 silly audit   '@radix-ui/react-scroll-area': [ '1.2.10' ],
1720 silly audit   '@radix-ui/react-select': [ '2.2.6' ],
1720 silly audit   '@radix-ui/react-separator': [ '1.1.7' ],
1720 silly audit   '@radix-ui/react-slider': [ '1.3.6' ],
1720 silly audit   '@radix-ui/react-slot': [ '1.2.3' ],
1720 silly audit   '@radix-ui/react-switch': [ '1.2.6' ],
1720 silly audit   '@radix-ui/react-tabs': [ '1.1.13' ],
1720 silly audit   '@radix-ui/react-toast': [ '1.2.15' ],
1720 silly audit   '@radix-ui/react-toggle': [ '1.1.10' ],
1720 silly audit   '@radix-ui/react-toggle-group': [ '1.1.11' ],
1720 silly audit   '@radix-ui/react-toolbar': [ '1.1.11' ],
1720 silly audit   '@radix-ui/react-tooltip': [ '1.2.8' ],
1720 silly audit   '@radix-ui/react-use-callback-ref': [ '1.1.1' ],
1720 silly audit   '@radix-ui/react-use-controllable-state': [ '1.2.2' ],
1720 silly audit   '@radix-ui/react-use-effect-event': [ '0.0.2' ],
1720 silly audit   '@radix-ui/react-use-escape-keydown': [ '1.1.1' ],
1720 silly audit   '@radix-ui/react-use-is-hydrated': [ '0.1.0' ],
1720 silly audit   '@radix-ui/react-use-layout-effect': [ '1.1.1' ],
1720 silly audit   '@radix-ui/react-use-size': [ '1.1.1' ],
1720 silly audit   '@radix-ui/react-visually-hidden': [ '1.2.3' ],
1720 silly audit   '@radix-ui/react-id': [ '1.1.1' ],
1720 silly audit   '@radix-ui/react-use-previous': [ '1.1.1' ],
1720 silly audit   'aria-hidden': [ '1.2.6' ],
1720 silly audit   'react-remove-scroll': [ '2.7.2' ],
1720 silly audit   '@radix-ui/number': [ '1.1.1' ],
1720 silly audit   '@floating-ui/react-dom': [ '2.1.8' ],
1720 silly audit   '@radix-ui/react-use-rect': [ '1.1.1' ],
1720 silly audit   '@radix-ui/rect': [ '1.1.1' ],
1720 silly audit   '@floating-ui/dom': [ '1.7.6' ],
1720 silly audit   '@floating-ui/core': [ '1.7.5' ],
1720 silly audit   '@floating-ui/utils': [ '0.2.11' ],
1720 silly audit   'react-remove-scroll-bar': [ '2.3.8' ],
1720 silly audit   'react-style-singleton': [ '2.2.3' ],
1720 silly audit   'use-callback-ref': [ '1.3.3' ],
1720 silly audit   'use-sidecar': [ '1.1.3' ],
1720 silly audit   'get-nonce': [ '1.0.1' ],
1720 silly audit   '@babel/plugin-transform-typescript': [ '7.28.6' ],
1720 silly audit   '@babel/preset-typescript': [ '7.28.5' ],
1720 silly audit   '@dotenvx/dotenvx': [ '1.65.0' ],
1720 silly audit   '@modelcontextprotocol/sdk': [ '1.29.0' ],
1720 silly audit   '@types/validate-npm-package-name': [ '4.0.2' ],
1720 silly audit   commander: [ '14.0.3', '11.1.0' ],
1720 silly audit   cosmiconfig: [ '9.0.1' ],
1720 silly audit   dedent: [ '1.7.2' ],
1720 silly audit   deepmerge: [ '4.3.1' ],
1720 silly audit   diff: [ '8.0.4' ],
1720 silly audit   execa: [ '9.6.1', '5.1.1' ],
1720 silly audit   'fs-extra': [ '11.3.5' ],
1720 silly audit   fuzzysort: [ '3.1.0' ],
1720 silly audit   'https-proxy-agent': [ '7.0.6' ],
1720 silly audit   kleur: [ '4.1.5', '3.0.3' ],
1720 silly audit   msw: [ '2.14.5' ],
1720 silly audit   'node-fetch': [ '3.3.2' ],
1720 silly audit   open: [ '11.0.0' ],
1720 silly audit   ora: [ '8.2.0' ],
1720 silly audit   'postcss-selector-parser': [ '7.1.1' ],
1720 silly audit   prompts: [ '2.4.2' ],
1720 silly audit   recast: [ '0.23.11' ],
1720 silly audit   'stringify-object': [ '5.0.0' ],
1720 silly audit   'ts-morph': [ '26.0.0' ],
1720 silly audit   'validate-npm-package-name': [ '7.0.2' ],
1720 silly audit   'zod-to-json-schema': [ '3.25.2' ],
1720 silly audit   '@babel/helper-annotate-as-pure': [ '7.27.3' ],
1720 silly audit   '@babel/helper-create-class-features-plugin': [ '7.29.3' ],
1720 silly audit   '@babel/helper-plugin-utils': [ '7.28.6' ],
1720 silly audit   '@babel/helper-skip-transparent-expression-wrappers': [ '7.27.1' ],
1720 silly audit   '@babel/plugin-syntax-typescript': [ '7.28.6' ],
1720 silly audit   '@babel/helper-member-expression-to-functions': [ '7.28.5' ],
1720 silly audit   '@babel/helper-optimise-call-expression': [ '7.27.1' ],
1720 silly audit   '@babel/helper-replace-supers': [ '7.28.6' ],
1720 silly audit   '@babel/plugin-syntax-jsx': [ '7.28.6' ],
1720 silly audit   '@babel/plugin-transform-modules-commonjs': [ '7.28.6' ],
1720 silly audit   dotenv: [ '17.4.2' ],
1720 silly audit   eciesjs: [ '0.4.18' ],
1720 silly audit   'object-treeify': [ '1.1.33' ],
1720 silly audit   'yocto-spinner': [ '1.2.0' ],
1720 silly audit   '@hono/node-server': [ '1.19.14' ],
1720 silly audit   hono: [ '4.12.18' ],
1720 silly audit   'ajv-formats': [ '3.0.1' ],
1720 silly audit   'content-type': [ '1.0.5' ],
1720 silly audit   cors: [ '2.8.6' ],
1720 silly audit   eventsource: [ '3.0.7' ],
1720 silly audit   'eventsource-parser': [ '3.0.8' ],
1720 silly audit   express: [ '5.2.1' ],
1720 silly audit   'express-rate-limit': [ '8.5.1' ],
1720 silly audit   jose: [ '6.2.3' ],
1720 silly audit   'json-schema-typed': [ '8.0.2' ],
1720 silly audit   'pkce-challenge': [ '5.0.1' ],
1720 silly audit   'raw-body': [ '3.0.2' ],
1720 silly audit   vary: [ '1.1.2' ],
1720 silly audit   'env-paths': [ '2.2.1' ],
1720 silly audit   'parse-json': [ '5.2.0' ],
1720 silly audit   '@ecies/ciphers': [ '0.2.6' ],
1720 silly audit   '@noble/ciphers': [ '1.3.0' ],
1720 silly audit   '@noble/curves': [ '1.9.7' ],
1720 silly audit   '@noble/hashes': [ '1.8.0' ],
1720 silly audit   '@sindresorhus/merge-streams': [ '4.0.0' ],
1720 silly audit   figures: [ '6.1.0' ],
1720 silly audit   'get-stream': [ '9.0.1', '6.0.1' ],
1720 silly audit   'human-signals': [ '8.0.1', '2.1.0' ],
1720 silly audit   'is-plain-obj': [ '4.1.0' ],
1720 silly audit   'is-stream': [ '4.0.1', '2.0.1' ],
1720 silly audit   'npm-run-path': [ '6.0.0', '4.0.1' ],
1720 silly audit   'pretty-ms': [ '9.3.0' ],
1720 silly audit   'signal-exit': [ '4.1.0', '3.0.7' ],
1720 silly audit   'strip-final-newline': [ '4.0.0', '2.0.0' ],
1720 silly audit   yoctocolors: [ '2.1.2' ],
1720 silly audit   accepts: [ '2.0.0' ],
1720 silly audit   'body-parser': [ '2.2.2' ],
1720 silly audit   'content-disposition': [ '1.1.0' ],
1720 silly audit   'cookie-signature': [ '1.2.2' ],
1720 silly audit   depd: [ '2.0.0' ],
1720 silly audit   encodeurl: [ '2.0.0' ],
1720 silly audit   'escape-html': [ '1.0.3' ],
1720 silly audit   etag: [ '1.8.1' ],
1720 silly audit   finalhandler: [ '2.1.1' ],
1720 silly audit   fresh: [ '2.0.0' ],
1720 silly audit   'http-errors': [ '2.0.1' ],
1720 silly audit   'merge-descriptors': [ '2.0.0' ],
1720 silly audit   'mime-types': [ '3.0.2' ],
1720 silly audit   'on-finished': [ '2.4.1' ],
1720 silly audit   once: [ '1.4.0' ],
1720 silly audit   parseurl: [ '1.3.3' ],
1720 silly audit   'proxy-addr': [ '2.0.7' ],
1720 silly audit   qs: [ '6.15.1' ],
1720 silly audit   'range-parser': [ '1.2.1' ],
1720 silly audit   router: [ '2.2.0' ],
1720 silly audit   send: [ '1.2.1' ],
1720 silly audit   'serve-static': [ '2.2.1' ],
1720 silly audit   statuses: [ '2.0.2' ],
1720 silly audit   'type-is': [ '2.0.1' ],
1720 silly audit   negotiator: [ '1.0.0' ],
1720 silly audit   bytes: [ '3.1.2' ],
1720 silly audit   'iconv-lite': [ '0.7.2' ],
1720 silly audit   'ip-address': [ '10.2.0' ],
1720 silly audit   'is-unicode-supported': [ '2.1.0', '1.3.0' ],
1720 silly audit   jsonfile: [ '6.2.1' ],
1720 silly audit   universalify: [ '2.0.1' ],
1720 silly audit   '@sec-ant/readable-stream': [ '0.4.1' ],
1720 silly audit   inherits: [ '2.0.4' ],
1720 silly audit   setprototypeof: [ '1.2.0' ],
1720 silly audit   toidentifier: [ '1.0.1' ],
1720 silly audit   'agent-base': [ '7.1.4' ],
1720 silly audit   'safer-buffer': [ '2.1.2' ],
1720 silly audit   'mime-db': [ '1.54.0' ],
1720 silly audit   '@inquirer/confirm': [ '6.0.12' ],
1720 silly audit   '@mswjs/interceptors': [ '0.41.8' ],
1720 silly audit   '@open-draft/deferred-promise': [ '3.0.0', '2.2.0' ],
1720 silly audit   '@types/statuses': [ '2.0.6' ],
1720 silly audit   graphql: [ '16.14.0' ],
1720 silly audit   'headers-polyfill': [ '5.0.1' ],
1720 silly audit   'is-node-process': [ '1.2.0' ],
1720 silly audit   outvariant: [ '1.4.3' ],
1720 silly audit   'path-to-regexp': [ '6.3.0', '8.4.2' ],
1720 silly audit   rettime: [ '0.11.11' ],
1720 silly audit   'strict-event-emitter': [ '0.5.1' ],
1720 silly audit   'tough-cookie': [ '6.0.1' ],
1720 silly audit   'type-fest': [ '5.6.0' ],
1720 silly audit   'until-async': [ '3.0.2' ],
1720 silly audit   yargs: [ '17.7.2' ],
1720 silly audit   '@inquirer/core': [ '11.1.9' ],
1720 silly audit   '@inquirer/type': [ '4.0.5' ],
1720 silly audit   '@inquirer/ansi': [ '2.0.5' ],
1720 silly audit   '@inquirer/figures': [ '2.0.5' ],
1720 silly audit   'cli-width': [ '4.1.0' ],
1720 silly audit   'fast-wrap-ansi': [ '0.2.0' ],
1720 silly audit   'mute-stream': [ '3.0.0' ],
1720 silly audit   '@open-draft/logger': [ '0.3.0' ],
1720 silly audit   '@open-draft/until': [ '2.1.0' ],
1720 silly audit   'fast-string-width': [ '3.0.2' ],
1720 silly audit   'fast-string-truncated-width': [ '3.0.3' ],
1720 silly audit   '@types/set-cookie-parser': [ '2.4.10' ],
1720 silly audit   'set-cookie-parser': [ '3.1.0' ],
1720 silly audit   'data-uri-to-buffer': [ '4.0.1' ],
1720 silly audit   'fetch-blob': [ '3.2.0' ],
1720 silly audit   'formdata-polyfill': [ '4.0.10' ],
1720 silly audit   'node-domexception': [ '1.0.0' ],
1720 silly audit   'web-streams-polyfill': [ '3.3.3' ],
1720 silly audit   'unicorn-magic': [ '0.3.0' ],
1720 silly audit   'ee-first': [ '1.1.1' ],
1720 silly audit   wrappy: [ '1.0.2' ],
1720 silly audit   'default-browser': [ '5.5.0' ],
1720 silly audit   'define-lazy-prop': [ '3.0.0' ],
1720 silly audit   'is-in-ssh': [ '1.0.0' ],
1720 silly audit   'is-inside-container': [ '1.0.0' ],
1720 silly audit   'powershell-utils': [ '0.1.0' ],
1720 silly audit   'wsl-utils': [ '0.3.1' ],
1720 silly audit   'bundle-name': [ '4.1.0' ],
1720 silly audit   'default-browser-id': [ '5.0.1' ],
1720 silly audit   'run-applescript': [ '7.1.0' ],
1720 silly audit   'is-docker': [ '3.0.0' ],
1720 silly audit   'cli-cursor': [ '5.0.0' ],
1720 silly audit   'cli-spinners': [ '2.9.2' ],
1720 silly audit   'is-interactive': [ '2.0.0' ],
1720 silly audit   'log-symbols': [ '6.0.0' ],
1720 silly audit   'stdin-discarder': [ '0.2.2' ],
1720 silly audit   'string-width': [ '7.2.0', '4.2.3' ],
1720 silly audit   'strip-ansi': [ '7.2.0', '6.0.1' ],
1720 silly audit   'restore-cursor': [ '5.1.0' ],
1720 silly audit   'error-ex': [ '1.3.4' ],
1720 silly audit   'json-parse-even-better-errors': [ '2.3.1' ],
1720 silly audit   'lines-and-columns': [ '1.2.4' ],
1720 silly audit   'is-arrayish': [ '0.2.1' ],
1720 silly audit   cssesc: [ '3.0.0' ],
1720 silly audit   'util-deprecate': [ '1.0.2' ],
1720 silly audit   'parse-ms': [ '4.0.0' ],
1720 silly audit   sisteransi: [ '1.0.5' ],
1720 silly audit   forwarded: [ '0.2.0' ],
1720 silly audit   'ipaddr.js': [ '1.9.1' ],
1720 silly audit   unpipe: [ '1.0.0' ],
1720 silly audit   'ast-types': [ '0.16.1' ],
1720 silly audit   esprima: [ '4.0.1' ],
1720 silly audit   'source-map': [ '0.6.1' ],
1720 silly audit   onetime: [ '7.0.0', '5.1.2' ],
1720 silly audit   'mimic-function': [ '5.0.1' ],
1720 silly audit   'is-promise': [ '4.0.0' ],
1720 silly audit   'get-east-asian-width': [ '1.6.0' ],
1720 silly audit   'get-own-enumerable-keys': [ '1.0.0' ],
1720 silly audit   'is-obj': [ '3.0.0' ],
1720 silly audit   'is-regexp': [ '3.1.0' ],
1720 silly audit   'ansi-regex': [ '6.2.2', '5.0.1' ],
1720 silly audit   tldts: [ '7.0.30' ],
1720 silly audit   'tldts-core': [ '7.0.30' ],
1720 silly audit   '@ts-morph/common': [ '0.27.0' ],
1720 silly audit   'code-block-writer': [ '13.0.3' ],
1720 silly audit   'path-browserify': [ '1.0.1' ],
1720 silly audit   'tagged-tag': [ '1.0.0' ],
1720 silly audit   'media-typer': [ '1.1.0' ],
1720 silly audit   'detect-node-es': [ '1.1.0' ],
1720 silly audit   'is-wsl': [ '3.1.1' ],
1720 silly audit   cliui: [ '8.0.1' ],
1720 silly audit   'get-caller-file': [ '2.0.5' ],
1720 silly audit   'require-directory': [ '2.1.1' ],
1720 silly audit   y18n: [ '5.0.8' ],
1720 silly audit   'yargs-parser': [ '21.1.1' ],
1720 silly audit   'wrap-ansi': [ '7.0.0' ],
1720 silly audit   'merge-stream': [ '2.0.0' ],
1720 silly audit   'mimic-fn': [ '2.1.0' ],
1720 silly audit   'fast-uri': [ '3.1.2' ],
1720 silly audit   'require-from-string': [ '2.0.2' ],
1720 silly audit   'is-fullwidth-code-point': [ '3.0.0' ]
1720 silly audit }
1721 http cache mimic-fn@https://registry.npmjs.org/mimic-fn/-/mimic-fn-2.1.0.tgz 0ms (cache hit)
1722 http cache is-fullwidth-code-point@https://registry.npmjs.org/is-fullwidth-code-point/-/is-fullwidth-code-point-3.0.0.tgz 0ms (cache hit)
1723 http cache fast-uri@https://registry.npmjs.org/fast-uri/-/fast-uri-3.1.2.tgz 0ms (cache hit)
1724 http cache wrap-ansi@https://registry.npmjs.org/wrap-ansi/-/wrap-ansi-7.0.0.tgz 0ms (cache hit)
1725 http cache merge-stream@https://registry.npmjs.org/merge-stream/-/merge-stream-2.0.0.tgz 0ms (cache hit)
1726 http cache yargs-parser@https://registry.npmjs.org/yargs-parser/-/yargs-parser-21.1.1.tgz 0ms (cache hit)
1727 http cache require-from-string@https://registry.npmjs.org/require-from-string/-/require-from-string-2.0.2.tgz 0ms (cache hit)
1728 http cache require-directory@https://registry.npmjs.org/require-directory/-/require-directory-2.1.1.tgz 0ms (cache hit)
1729 http cache y18n@https://registry.npmjs.org/y18n/-/y18n-5.0.8.tgz 0ms (cache hit)
1730 http cache detect-node-es@https://registry.npmjs.org/detect-node-es/-/detect-node-es-1.1.0.tgz 0ms (cache hit)
1731 http cache get-caller-file@https://registry.npmjs.org/get-caller-file/-/get-caller-file-2.0.5.tgz 0ms (cache hit)
1732 http cache is-wsl@https://registry.npmjs.org/is-wsl/-/is-wsl-3.1.1.tgz 0ms (cache hit)
1733 http cache tagged-tag@https://registry.npmjs.org/tagged-tag/-/tagged-tag-1.0.0.tgz 0ms (cache hit)
1734 http cache path-browserify@https://registry.npmjs.org/path-browserify/-/path-browserify-1.0.1.tgz 0ms (cache hit)
1735 http cache cliui@https://registry.npmjs.org/cliui/-/cliui-8.0.1.tgz 0ms (cache hit)
1736 http cache code-block-writer@https://registry.npmjs.org/code-block-writer/-/code-block-writer-13.0.3.tgz 0ms (cache hit)
1737 http cache @ts-morph/common@https://registry.npmjs.org/@ts-morph/common/-/common-0.27.0.tgz 0ms (cache hit)
1738 http cache tldts-core@https://registry.npmjs.org/tldts-core/-/tldts-core-7.0.30.tgz 0ms (cache hit)
1739 http cache ansi-regex@https://registry.npmjs.org/ansi-regex/-/ansi-regex-6.2.2.tgz 0ms (cache hit)
1740 http cache is-regexp@https://registry.npmjs.org/is-regexp/-/is-regexp-3.1.0.tgz 0ms (cache hit)
1741 http cache is-obj@https://registry.npmjs.org/is-obj/-/is-obj-3.0.0.tgz 0ms (cache hit)
1742 http cache get-own-enumerable-keys@https://registry.npmjs.org/get-own-enumerable-keys/-/get-own-enumerable-keys-1.0.0.tgz 0ms (cache hit)
1743 http cache get-east-asian-width@https://registry.npmjs.org/get-east-asian-width/-/get-east-asian-width-1.6.0.tgz 0ms (cache hit)
1744 http cache is-promise@https://registry.npmjs.org/is-promise/-/is-promise-4.0.0.tgz 0ms (cache hit)
1745 http cache mimic-function@https://registry.npmjs.org/mimic-function/-/mimic-function-5.0.1.tgz 0ms (cache hit)
1746 http cache tldts@https://registry.npmjs.org/tldts/-/tldts-7.0.30.tgz 0ms (cache hit)
1747 http cache onetime@https://registry.npmjs.org/onetime/-/onetime-7.0.0.tgz 0ms (cache hit)
1748 http cache source-map@https://registry.npmjs.org/source-map/-/source-map-0.6.1.tgz 0ms (cache hit)
1749 http cache esprima@https://registry.npmjs.org/esprima/-/esprima-4.0.1.tgz 0ms (cache hit)
1750 http cache unpipe@https://registry.npmjs.org/unpipe/-/unpipe-1.0.0.tgz 0ms (cache hit)
1751 http cache ipaddr.js@https://registry.npmjs.org/ipaddr.js/-/ipaddr.js-1.9.1.tgz 0ms (cache hit)
1752 http cache forwarded@https://registry.npmjs.org/forwarded/-/forwarded-0.2.0.tgz 0ms (cache hit)
1753 http cache ast-types@https://registry.npmjs.org/ast-types/-/ast-types-0.16.1.tgz 0ms (cache hit)
1754 http cache util-deprecate@https://registry.npmjs.org/util-deprecate/-/util-deprecate-1.0.2.tgz 0ms (cache hit)
1755 http cache sisteransi@https://registry.npmjs.org/sisteransi/-/sisteransi-1.0.5.tgz 0ms (cache hit)
1756 http cache parse-ms@https://registry.npmjs.org/parse-ms/-/parse-ms-4.0.0.tgz 0ms (cache hit)
1757 http cache cssesc@https://registry.npmjs.org/cssesc/-/cssesc-3.0.0.tgz 0ms (cache hit)
1758 http cache is-arrayish@https://registry.npmjs.org/is-arrayish/-/is-arrayish-0.2.1.tgz 0ms (cache hit)
1759 http cache json-parse-even-better-errors@https://registry.npmjs.org/json-parse-even-better-errors/-/json-parse-even-better-errors-2.3.1.tgz 0ms (cache hit)
1760 http cache lines-and-columns@https://registry.npmjs.org/lines-and-columns/-/lines-and-columns-1.2.4.tgz 0ms (cache hit)
1761 http cache restore-cursor@https://registry.npmjs.org/restore-cursor/-/restore-cursor-5.1.0.tgz 0ms (cache hit)
1762 http cache media-typer@https://registry.npmjs.org/media-typer/-/media-typer-1.1.0.tgz 0ms (cache hit)
1763 http cache stdin-discarder@https://registry.npmjs.org/stdin-discarder/-/stdin-discarder-0.2.2.tgz 0ms (cache hit)
1764 http cache strip-ansi@https://registry.npmjs.org/strip-ansi/-/strip-ansi-7.2.0.tgz 0ms (cache hit)
1765 http cache is-interactive@https://registry.npmjs.org/is-interactive/-/is-interactive-2.0.0.tgz 0ms (cache hit)
1766 http cache log-symbols@https://registry.npmjs.org/log-symbols/-/log-symbols-6.0.0.tgz 0ms (cache hit)
1767 http cache string-width@https://registry.npmjs.org/string-width/-/string-width-7.2.0.tgz 0ms (cache hit)
1768 http cache error-ex@https://registry.npmjs.org/error-ex/-/error-ex-1.3.4.tgz 0ms (cache hit)
1769 http cache cli-cursor@https://registry.npmjs.org/cli-cursor/-/cli-cursor-5.0.0.tgz 0ms (cache hit)
1770 http cache default-browser-id@https://registry.npmjs.org/default-browser-id/-/default-browser-id-5.0.1.tgz 0ms (cache hit)
1771 http cache bundle-name@https://registry.npmjs.org/bundle-name/-/bundle-name-4.1.0.tgz 0ms (cache hit)
1772 http cache wsl-utils@https://registry.npmjs.org/wsl-utils/-/wsl-utils-0.3.1.tgz 0ms (cache hit)
1773 http cache is-inside-container@https://registry.npmjs.org/is-inside-container/-/is-inside-container-1.0.0.tgz 0ms (cache hit)
1774 http cache is-docker@https://registry.npmjs.org/is-docker/-/is-docker-3.0.0.tgz 0ms (cache hit)
1775 http cache powershell-utils@https://registry.npmjs.org/powershell-utils/-/powershell-utils-0.1.0.tgz 0ms (cache hit)
1776 http cache is-in-ssh@https://registry.npmjs.org/is-in-ssh/-/is-in-ssh-1.0.0.tgz 0ms (cache hit)
1777 http cache default-browser@https://registry.npmjs.org/default-browser/-/default-browser-5.5.0.tgz 0ms (cache hit)
1778 http cache define-lazy-prop@https://registry.npmjs.org/define-lazy-prop/-/define-lazy-prop-3.0.0.tgz 0ms (cache hit)
1779 http cache wrappy@https://registry.npmjs.org/wrappy/-/wrappy-1.0.2.tgz 0ms (cache hit)
1780 http cache node-domexception@https://registry.npmjs.org/node-domexception/-/node-domexception-1.0.0.tgz 0ms (cache hit)
1781 http cache unicorn-magic@https://registry.npmjs.org/unicorn-magic/-/unicorn-magic-0.3.0.tgz 0ms (cache hit)
1782 http cache web-streams-polyfill@https://registry.npmjs.org/web-streams-polyfill/-/web-streams-polyfill-3.3.3.tgz 0ms (cache hit)
1783 http cache ee-first@https://registry.npmjs.org/ee-first/-/ee-first-1.1.1.tgz 0ms (cache hit)
1784 http cache cli-spinners@https://registry.npmjs.org/cli-spinners/-/cli-spinners-2.9.2.tgz 0ms (cache hit)
1785 http cache set-cookie-parser@https://registry.npmjs.org/set-cookie-parser/-/set-cookie-parser-3.1.0.tgz 0ms (cache hit)
1786 http cache data-uri-to-buffer@https://registry.npmjs.org/data-uri-to-buffer/-/data-uri-to-buffer-4.0.1.tgz 0ms (cache hit)
1787 http cache run-applescript@https://registry.npmjs.org/run-applescript/-/run-applescript-7.1.0.tgz 0ms (cache hit)
1788 http cache @types/set-cookie-parser@https://registry.npmjs.org/@types/set-cookie-parser/-/set-cookie-parser-2.4.10.tgz 0ms (cache hit)
1789 http cache fast-string-truncated-width@https://registry.npmjs.org/fast-string-truncated-width/-/fast-string-truncated-width-3.0.3.tgz 0ms (cache hit)
1790 http cache @open-draft/until@https://registry.npmjs.org/@open-draft/until/-/until-2.1.0.tgz 0ms (cache hit)
1791 http cache fast-wrap-ansi@https://registry.npmjs.org/fast-wrap-ansi/-/fast-wrap-ansi-0.2.0.tgz 0ms (cache hit)
1792 http cache @open-draft/logger@https://registry.npmjs.org/@open-draft/logger/-/logger-0.3.0.tgz 0ms (cache hit)
1793 http cache mute-stream@https://registry.npmjs.org/mute-stream/-/mute-stream-3.0.0.tgz 0ms (cache hit)
1794 http cache cli-width@https://registry.npmjs.org/cli-width/-/cli-width-4.1.0.tgz 0ms (cache hit)
1795 http cache fetch-blob@https://registry.npmjs.org/fetch-blob/-/fetch-blob-3.2.0.tgz 0ms (cache hit)
1796 http cache @inquirer/type@https://registry.npmjs.org/@inquirer/type/-/type-4.0.5.tgz 0ms (cache hit)
1797 http cache formdata-polyfill@https://registry.npmjs.org/formdata-polyfill/-/formdata-polyfill-4.0.10.tgz 0ms (cache hit)
1798 http cache @inquirer/ansi@https://registry.npmjs.org/@inquirer/ansi/-/ansi-2.0.5.tgz 0ms (cache hit)
1799 http cache yargs@https://registry.npmjs.org/yargs/-/yargs-17.7.2.tgz 0ms (cache hit)
1800 http cache until-async@https://registry.npmjs.org/until-async/-/until-async-3.0.2.tgz 0ms (cache hit)
1801 http cache type-fest@https://registry.npmjs.org/type-fest/-/type-fest-5.6.0.tgz 0ms (cache hit)
1802 http cache fast-string-width@https://registry.npmjs.org/fast-string-width/-/fast-string-width-3.0.2.tgz 0ms (cache hit)
1803 http cache @inquirer/core@https://registry.npmjs.org/@inquirer/core/-/core-11.1.9.tgz 0ms (cache hit)
1804 http cache @inquirer/figures@https://registry.npmjs.org/@inquirer/figures/-/figures-2.0.5.tgz 0ms (cache hit)
1805 http cache tough-cookie@https://registry.npmjs.org/tough-cookie/-/tough-cookie-6.0.1.tgz 0ms (cache hit)
1806 http cache outvariant@https://registry.npmjs.org/outvariant/-/outvariant-1.4.3.tgz 0ms (cache hit)
1807 http cache is-node-process@https://registry.npmjs.org/is-node-process/-/is-node-process-1.2.0.tgz 0ms (cache hit)
1808 http cache path-to-regexp@https://registry.npmjs.org/path-to-regexp/-/path-to-regexp-6.3.0.tgz 0ms (cache hit)
1809 http cache headers-polyfill@https://registry.npmjs.org/headers-polyfill/-/headers-polyfill-5.0.1.tgz 0ms (cache hit)
1810 http cache rettime@https://registry.npmjs.org/rettime/-/rettime-0.11.11.tgz 0ms (cache hit)
1811 http cache @types/statuses@https://registry.npmjs.org/@types/statuses/-/statuses-2.0.6.tgz 0ms (cache hit)
1812 http cache graphql@https://registry.npmjs.org/graphql/-/graphql-16.14.0.tgz 0ms (cache hit)
1813 http cache strict-event-emitter@https://registry.npmjs.org/strict-event-emitter/-/strict-event-emitter-0.5.1.tgz 0ms (cache hit)
1814 http cache @mswjs/interceptors@https://registry.npmjs.org/@mswjs/interceptors/-/interceptors-0.41.8.tgz 0ms (cache hit)
1815 http cache @open-draft/deferred-promise@https://registry.npmjs.org/@open-draft/deferred-promise/-/deferred-promise-3.0.0.tgz 0ms (cache hit)
1816 http cache mime-db@https://registry.npmjs.org/mime-db/-/mime-db-1.54.0.tgz 0ms (cache hit)
1817 http cache setprototypeof@https://registry.npmjs.org/setprototypeof/-/setprototypeof-1.2.0.tgz 0ms (cache hit)
1818 http cache toidentifier@https://registry.npmjs.org/toidentifier/-/toidentifier-1.0.1.tgz 0ms (cache hit)
1819 http cache @inquirer/confirm@https://registry.npmjs.org/@inquirer/confirm/-/confirm-6.0.12.tgz 0ms (cache hit)
1820 http cache @sec-ant/readable-stream@https://registry.npmjs.org/@sec-ant/readable-stream/-/readable-stream-0.4.1.tgz 0ms (cache hit)
1821 http cache agent-base@https://registry.npmjs.org/agent-base/-/agent-base-7.1.4.tgz 0ms (cache hit)
1822 http cache inherits@https://registry.npmjs.org/inherits/-/inherits-2.0.4.tgz 0ms (cache hit)
1823 http cache safer-buffer@https://registry.npmjs.org/safer-buffer/-/safer-buffer-2.1.2.tgz 0ms (cache hit)
1824 http cache jsonfile@https://registry.npmjs.org/jsonfile/-/jsonfile-6.2.1.tgz 0ms (cache hit)
1825 http cache is-unicode-supported@https://registry.npmjs.org/is-unicode-supported/-/is-unicode-supported-2.1.0.tgz 0ms (cache hit)
1826 http cache ip-address@https://registry.npmjs.org/ip-address/-/ip-address-10.2.0.tgz 0ms (cache hit)
1827 http cache statuses@https://registry.npmjs.org/statuses/-/statuses-2.0.2.tgz 0ms (cache hit)
1828 http cache bytes@https://registry.npmjs.org/bytes/-/bytes-3.1.2.tgz 0ms (cache hit)
1829 http cache iconv-lite@https://registry.npmjs.org/iconv-lite/-/iconv-lite-0.7.2.tgz 0ms (cache hit)
1830 http cache negotiator@https://registry.npmjs.org/negotiator/-/negotiator-1.0.0.tgz 0ms (cache hit)
1831 http cache send@https://registry.npmjs.org/send/-/send-1.2.1.tgz 0ms (cache hit)
1832 http cache universalify@https://registry.npmjs.org/universalify/-/universalify-2.0.1.tgz 0ms (cache hit)
1833 http cache qs@https://registry.npmjs.org/qs/-/qs-6.15.1.tgz 0ms (cache hit)
1834 http cache proxy-addr@https://registry.npmjs.org/proxy-addr/-/proxy-addr-2.0.7.tgz 0ms (cache hit)
1835 http cache type-is@https://registry.npmjs.org/type-is/-/type-is-2.0.1.tgz 0ms (cache hit)
1836 http cache once@https://registry.npmjs.org/once/-/once-1.4.0.tgz 0ms (cache hit)
1837 http cache router@https://registry.npmjs.org/router/-/router-2.2.0.tgz 0ms (cache hit)
1838 http cache on-finished@https://registry.npmjs.org/on-finished/-/on-finished-2.4.1.tgz 0ms (cache hit)
1839 http cache range-parser@https://registry.npmjs.org/range-parser/-/range-parser-1.2.1.tgz 0ms (cache hit)
1840 http cache serve-static@https://registry.npmjs.org/serve-static/-/serve-static-2.2.1.tgz 0ms (cache hit)
1841 http cache parseurl@https://registry.npmjs.org/parseurl/-/parseurl-1.3.3.tgz 0ms (cache hit)
1842 http cache fresh@https://registry.npmjs.org/fresh/-/fresh-2.0.0.tgz 0ms (cache hit)
1843 http cache mime-types@https://registry.npmjs.org/mime-types/-/mime-types-3.0.2.tgz 0ms (cache hit)
1844 http cache finalhandler@https://registry.npmjs.org/finalhandler/-/finalhandler-2.1.1.tgz 0ms (cache hit)
1845 http cache encodeurl@https://registry.npmjs.org/encodeurl/-/encodeurl-2.0.0.tgz 0ms (cache hit)
1846 http cache http-errors@https://registry.npmjs.org/http-errors/-/http-errors-2.0.1.tgz 0ms (cache hit)
1847 http cache merge-descriptors@https://registry.npmjs.org/merge-descriptors/-/merge-descriptors-2.0.0.tgz 0ms (cache hit)
1848 http cache escape-html@https://registry.npmjs.org/escape-html/-/escape-html-1.0.3.tgz 0ms (cache hit)
1849 http cache accepts@https://registry.npmjs.org/accepts/-/accepts-2.0.0.tgz 0ms (cache hit)
1850 http cache depd@https://registry.npmjs.org/depd/-/depd-2.0.0.tgz 0ms (cache hit)
1851 http cache content-disposition@https://registry.npmjs.org/content-disposition/-/content-disposition-1.1.0.tgz 0ms (cache hit)
1852 http cache cookie-signature@https://registry.npmjs.org/cookie-signature/-/cookie-signature-1.2.2.tgz 0ms (cache hit)
1853 http cache etag@https://registry.npmjs.org/etag/-/etag-1.8.1.tgz 0ms (cache hit)
1854 http cache body-parser@https://registry.npmjs.org/body-parser/-/body-parser-2.2.2.tgz 0ms (cache hit)
1855 http cache strip-final-newline@https://registry.npmjs.org/strip-final-newline/-/strip-final-newline-4.0.0.tgz 0ms (cache hit)
1856 http cache is-plain-obj@https://registry.npmjs.org/is-plain-obj/-/is-plain-obj-4.1.0.tgz 0ms (cache hit)
1857 http cache pretty-ms@https://registry.npmjs.org/pretty-ms/-/pretty-ms-9.3.0.tgz 0ms (cache hit)
1858 http cache yoctocolors@https://registry.npmjs.org/yoctocolors/-/yoctocolors-2.1.2.tgz 0ms (cache hit)
1859 http cache human-signals@https://registry.npmjs.org/human-signals/-/human-signals-8.0.1.tgz 0ms (cache hit)
1860 http cache is-stream@https://registry.npmjs.org/is-stream/-/is-stream-4.0.1.tgz 0ms (cache hit)
1861 http cache get-stream@https://registry.npmjs.org/get-stream/-/get-stream-9.0.1.tgz 0ms (cache hit)
1862 http cache figures@https://registry.npmjs.org/figures/-/figures-6.1.0.tgz 0ms (cache hit)
1863 http cache npm-run-path@https://registry.npmjs.org/npm-run-path/-/npm-run-path-6.0.0.tgz 0ms (cache hit)
1864 http cache @sindresorhus/merge-streams@https://registry.npmjs.org/@sindresorhus/merge-streams/-/merge-streams-4.0.0.tgz 0ms (cache hit)
1865 http cache @noble/curves@https://registry.npmjs.org/@noble/curves/-/curves-1.9.7.tgz 0ms (cache hit)
1866 http cache @noble/hashes@https://registry.npmjs.org/@noble/hashes/-/hashes-1.8.0.tgz 0ms (cache hit)
1867 http cache @ecies/ciphers@https://registry.npmjs.org/@ecies/ciphers/-/ciphers-0.2.6.tgz 0ms (cache hit)
1868 http cache parse-json@https://registry.npmjs.org/parse-json/-/parse-json-5.2.0.tgz 0ms (cache hit)
1869 http cache vary@https://registry.npmjs.org/vary/-/vary-1.1.2.tgz 0ms (cache hit)
1870 http cache env-paths@https://registry.npmjs.org/env-paths/-/env-paths-2.2.1.tgz 0ms (cache hit)
1871 http cache raw-body@https://registry.npmjs.org/raw-body/-/raw-body-3.0.2.tgz 0ms (cache hit)
1872 http cache json-schema-typed@https://registry.npmjs.org/json-schema-typed/-/json-schema-typed-8.0.2.tgz 0ms (cache hit)
1873 http cache pkce-challenge@https://registry.npmjs.org/pkce-challenge/-/pkce-challenge-5.0.1.tgz 0ms (cache hit)
1874 http cache @noble/ciphers@https://registry.npmjs.org/@noble/ciphers/-/ciphers-1.3.0.tgz 0ms (cache hit)
1875 http cache express-rate-limit@https://registry.npmjs.org/express-rate-limit/-/express-rate-limit-8.5.1.tgz 0ms (cache hit)
1876 http cache jose@https://registry.npmjs.org/jose/-/jose-6.2.3.tgz 0ms (cache hit)
1877 http cache signal-exit@https://registry.npmjs.org/signal-exit/-/signal-exit-4.1.0.tgz 0ms (cache hit)
1878 http cache eventsource-parser@https://registry.npmjs.org/eventsource-parser/-/eventsource-parser-3.0.8.tgz 0ms (cache hit)
1879 http cache hono@https://registry.npmjs.org/hono/-/hono-4.12.18.tgz 0ms (cache hit)
1880 http cache express@https://registry.npmjs.org/express/-/express-5.2.1.tgz 0ms (cache hit)
1881 http cache eventsource@https://registry.npmjs.org/eventsource/-/eventsource-3.0.7.tgz 0ms (cache hit)
1882 http cache cors@https://registry.npmjs.org/cors/-/cors-2.8.6.tgz 0ms (cache hit)
1883 http cache ajv-formats@https://registry.npmjs.org/ajv-formats/-/ajv-formats-3.0.1.tgz 0ms (cache hit)
1884 http cache content-type@https://registry.npmjs.org/content-type/-/content-type-1.0.5.tgz 0ms (cache hit)
1885 http cache eciesjs@https://registry.npmjs.org/eciesjs/-/eciesjs-0.4.18.tgz 0ms (cache hit)
1886 http cache @hono/node-server@https://registry.npmjs.org/@hono/node-server/-/node-server-1.19.14.tgz 0ms (cache hit)
1887 http cache yocto-spinner@https://registry.npmjs.org/yocto-spinner/-/yocto-spinner-1.2.0.tgz 0ms (cache hit)
1888 http cache object-treeify@https://registry.npmjs.org/object-treeify/-/object-treeify-1.1.33.tgz 0ms (cache hit)
1889 http cache dotenv@https://registry.npmjs.org/dotenv/-/dotenv-17.4.2.tgz 0ms (cache hit)
1890 http cache @babel/plugin-syntax-jsx@https://registry.npmjs.org/@babel/plugin-syntax-jsx/-/plugin-syntax-jsx-7.28.6.tgz 0ms (cache hit)
1891 http cache @babel/plugin-transform-modules-commonjs@https://registry.npmjs.org/@babel/plugin-transform-modules-commonjs/-/plugin-transform-modules-commonjs-7.28.6.tgz 0ms (cache hit)
1892 http cache @babel/helper-replace-supers@https://registry.npmjs.org/@babel/helper-replace-supers/-/helper-replace-supers-7.28.6.tgz 0ms (cache hit)
1893 http cache @babel/helper-optimise-call-expression@https://registry.npmjs.org/@babel/helper-optimise-call-expression/-/helper-optimise-call-expression-7.27.1.tgz 0ms (cache hit)
1894 http cache @babel/helper-member-expression-to-functions@https://registry.npmjs.org/@babel/helper-member-expression-to-functions/-/helper-member-expression-to-functions-7.28.5.tgz 0ms (cache hit)
1895 http cache @babel/helper-skip-transparent-expression-wrappers@https://registry.npmjs.org/@babel/helper-skip-transparent-expression-wrappers/-/helper-skip-transparent-expression-wrappers-7.27.1.tgz 1ms (cache hit)
1896 http cache @babel/plugin-syntax-typescript@https://registry.npmjs.org/@babel/plugin-syntax-typescript/-/plugin-syntax-typescript-7.28.6.tgz 0ms (cache hit)
1897 http cache @babel/helper-plugin-utils@https://registry.npmjs.org/@babel/helper-plugin-utils/-/helper-plugin-utils-7.28.6.tgz 0ms (cache hit)
1898 http cache @babel/helper-create-class-features-plugin@https://registry.npmjs.org/@babel/helper-create-class-features-plugin/-/helper-create-class-features-plugin-7.29.3.tgz 0ms (cache hit)
1899 http cache zod-to-json-schema@https://registry.npmjs.org/zod-to-json-schema/-/zod-to-json-schema-3.25.2.tgz 0ms (cache hit)
1900 http cache @babel/helper-annotate-as-pure@https://registry.npmjs.org/@babel/helper-annotate-as-pure/-/helper-annotate-as-pure-7.27.3.tgz 0ms (cache hit)
1901 http cache validate-npm-package-name@https://registry.npmjs.org/validate-npm-package-name/-/validate-npm-package-name-7.0.2.tgz 0ms (cache hit)
1902 http cache recast@https://registry.npmjs.org/recast/-/recast-0.23.11.tgz 0ms (cache hit)
1903 http cache stringify-object@https://registry.npmjs.org/stringify-object/-/stringify-object-5.0.0.tgz 0ms (cache hit)
1904 http cache ts-morph@https://registry.npmjs.org/ts-morph/-/ts-morph-26.0.0.tgz 0ms (cache hit)
1905 http cache open@https://registry.npmjs.org/open/-/open-11.0.0.tgz 0ms (cache hit)
1906 http cache postcss-selector-parser@https://registry.npmjs.org/postcss-selector-parser/-/postcss-selector-parser-7.1.1.tgz 0ms (cache hit)
1907 http cache prompts@https://registry.npmjs.org/prompts/-/prompts-2.4.2.tgz 0ms (cache hit)
1908 http cache kleur@https://registry.npmjs.org/kleur/-/kleur-4.1.5.tgz 0ms (cache hit)
1909 http cache ora@https://registry.npmjs.org/ora/-/ora-8.2.0.tgz 0ms (cache hit)
1910 http cache node-fetch@https://registry.npmjs.org/node-fetch/-/node-fetch-3.3.2.tgz 0ms (cache hit)
1911 http cache https-proxy-agent@https://registry.npmjs.org/https-proxy-agent/-/https-proxy-agent-7.0.6.tgz 0ms (cache hit)
1912 http cache fs-extra@https://registry.npmjs.org/fs-extra/-/fs-extra-11.3.5.tgz 0ms (cache hit)
1913 http cache execa@https://registry.npmjs.org/execa/-/execa-9.6.1.tgz 0ms (cache hit)
1914 http cache fuzzysort@https://registry.npmjs.org/fuzzysort/-/fuzzysort-3.1.0.tgz 0ms (cache hit)
1915 http cache msw@https://registry.npmjs.org/msw/-/msw-2.14.5.tgz 0ms (cache hit)
1916 http cache deepmerge@https://registry.npmjs.org/deepmerge/-/deepmerge-4.3.1.tgz 0ms (cache hit)
1917 http cache commander@https://registry.npmjs.org/commander/-/commander-14.0.3.tgz 0ms (cache hit)
1918 http cache cosmiconfig@https://registry.npmjs.org/cosmiconfig/-/cosmiconfig-9.0.1.tgz 0ms (cache hit)
1919 http cache diff@https://registry.npmjs.org/diff/-/diff-8.0.4.tgz 0ms (cache hit)
1920 http cache @types/validate-npm-package-name@https://registry.npmjs.org/@types/validate-npm-package-name/-/validate-npm-package-name-4.0.2.tgz 0ms (cache hit)
1921 http cache @modelcontextprotocol/sdk@https://registry.npmjs.org/@modelcontextprotocol/sdk/-/sdk-1.29.0.tgz 0ms (cache hit)
1922 http cache @dotenvx/dotenvx@https://registry.npmjs.org/@dotenvx/dotenvx/-/dotenvx-1.65.0.tgz 0ms (cache hit)
1923 http cache dedent@https://registry.npmjs.org/dedent/-/dedent-1.7.2.tgz 0ms (cache hit)
1924 http cache @babel/preset-typescript@https://registry.npmjs.org/@babel/preset-typescript/-/preset-typescript-7.28.5.tgz 0ms (cache hit)
1925 http cache get-nonce@https://registry.npmjs.org/get-nonce/-/get-nonce-1.0.1.tgz 0ms (cache hit)
1926 http cache @babel/plugin-transform-typescript@https://registry.npmjs.org/@babel/plugin-transform-typescript/-/plugin-transform-typescript-7.28.6.tgz 0ms (cache hit)
1927 http cache react-style-singleton@https://registry.npmjs.org/react-style-singleton/-/react-style-singleton-2.2.3.tgz 0ms (cache hit)
1928 http cache react-remove-scroll-bar@https://registry.npmjs.org/react-remove-scroll-bar/-/react-remove-scroll-bar-2.3.8.tgz 0ms (cache hit)
1929 http cache use-callback-ref@https://registry.npmjs.org/use-callback-ref/-/use-callback-ref-1.3.3.tgz 0ms (cache hit)
1930 http cache @floating-ui/core@https://registry.npmjs.org/@floating-ui/core/-/core-1.7.5.tgz 0ms (cache hit)
1931 http cache @floating-ui/utils@https://registry.npmjs.org/@floating-ui/utils/-/utils-0.2.11.tgz 0ms (cache hit)
1932 http cache @radix-ui/rect@https://registry.npmjs.org/@radix-ui/rect/-/rect-1.1.1.tgz 0ms (cache hit)
1933 http cache use-sidecar@https://registry.npmjs.org/use-sidecar/-/use-sidecar-1.1.3.tgz 0ms (cache hit)
1934 http cache @floating-ui/dom@https://registry.npmjs.org/@floating-ui/dom/-/dom-1.7.6.tgz 0ms (cache hit)
1935 http cache @radix-ui/react-use-rect@https://registry.npmjs.org/@radix-ui/react-use-rect/-/react-use-rect-1.1.1.tgz 0ms (cache hit)
1936 http cache @radix-ui/number@https://registry.npmjs.org/@radix-ui/number/-/number-1.1.1.tgz 0ms (cache hit)
1937 http cache @floating-ui/react-dom@https://registry.npmjs.org/@floating-ui/react-dom/-/react-dom-2.1.8.tgz 0ms (cache hit)
1938 http cache @radix-ui/react-visually-hidden@https://registry.npmjs.org/@radix-ui/react-visually-hidden/-/react-visually-hidden-1.2.3.tgz 0ms (cache hit)
1939 http cache aria-hidden@https://registry.npmjs.org/aria-hidden/-/aria-hidden-1.2.6.tgz 0ms (cache hit)
1940 http cache @radix-ui/react-use-previous@https://registry.npmjs.org/@radix-ui/react-use-previous/-/react-use-previous-1.1.1.tgz 0ms (cache hit)
1941 http cache @radix-ui/react-id@https://registry.npmjs.org/@radix-ui/react-id/-/react-id-1.1.1.tgz 0ms (cache hit)
1942 http cache @radix-ui/react-use-escape-keydown@https://registry.npmjs.org/@radix-ui/react-use-escape-keydown/-/react-use-escape-keydown-1.1.1.tgz 0ms (cache hit)
1943 http cache react-remove-scroll@https://registry.npmjs.org/react-remove-scroll/-/react-remove-scroll-2.7.2.tgz 0ms (cache hit)
1944 http cache @radix-ui/react-use-layout-effect@https://registry.npmjs.org/@radix-ui/react-use-layout-effect/-/react-use-layout-effect-1.1.1.tgz 0ms (cache hit)
1945 http cache @radix-ui/react-use-is-hydrated@https://registry.npmjs.org/@radix-ui/react-use-is-hydrated/-/react-use-is-hydrated-0.1.0.tgz 0ms (cache hit)
1946 http cache @radix-ui/react-use-size@https://registry.npmjs.org/@radix-ui/react-use-size/-/react-use-size-1.1.1.tgz 0ms (cache hit)
1947 http cache @radix-ui/react-use-callback-ref@https://registry.npmjs.org/@radix-ui/react-use-callback-ref/-/react-use-callback-ref-1.1.1.tgz 0ms (cache hit)
1948 http cache @radix-ui/react-toolbar@https://registry.npmjs.org/@radix-ui/react-toolbar/-/react-toolbar-1.1.11.tgz 0ms (cache hit)
1949 http cache @radix-ui/react-use-controllable-state@https://registry.npmjs.org/@radix-ui/react-use-controllable-state/-/react-use-controllable-state-1.2.2.tgz 0ms (cache hit)
1950 http cache @radix-ui/react-toggle-group@https://registry.npmjs.org/@radix-ui/react-toggle-group/-/react-toggle-group-1.1.11.tgz 0ms (cache hit)
1951 http cache @radix-ui/react-toggle@https://registry.npmjs.org/@radix-ui/react-toggle/-/react-toggle-1.1.10.tgz 0ms (cache hit)
1952 http cache @radix-ui/react-toast@https://registry.npmjs.org/@radix-ui/react-toast/-/react-toast-1.2.15.tgz 0ms (cache hit)
1953 http cache @radix-ui/react-tooltip@https://registry.npmjs.org/@radix-ui/react-tooltip/-/react-tooltip-1.2.8.tgz 0ms (cache hit)
1954 http cache @radix-ui/react-tabs@https://registry.npmjs.org/@radix-ui/react-tabs/-/react-tabs-1.1.13.tgz 0ms (cache hit)
1955 http cache @radix-ui/react-use-effect-event@https://registry.npmjs.org/@radix-ui/react-use-effect-event/-/react-use-effect-event-0.0.2.tgz 0ms (cache hit)
1956 http cache @radix-ui/react-switch@https://registry.npmjs.org/@radix-ui/react-switch/-/react-switch-1.2.6.tgz 0ms (cache hit)
1957 http cache @radix-ui/react-slider@https://registry.npmjs.org/@radix-ui/react-slider/-/react-slider-1.3.6.tgz 0ms (cache hit)
1958 http cache @radix-ui/react-separator@https://registry.npmjs.org/@radix-ui/react-separator/-/react-separator-1.1.7.tgz 0ms (cache hit)
1959 http cache @radix-ui/react-roving-focus@https://registry.npmjs.org/@radix-ui/react-roving-focus/-/react-roving-focus-1.1.11.tgz 0ms (cache hit)
1960 http cache @radix-ui/react-radio-group@https://registry.npmjs.org/@radix-ui/react-radio-group/-/react-radio-group-1.3.8.tgz 0ms (cache hit)
1961 http cache @radix-ui/react-select@https://registry.npmjs.org/@radix-ui/react-select/-/react-select-2.2.6.tgz 0ms (cache hit)
1962 http cache @radix-ui/react-primitive@https://registry.npmjs.org/@radix-ui/react-primitive/-/react-primitive-2.1.3.tgz 0ms (cache hit)
1963 http cache @radix-ui/react-scroll-area@https://registry.npmjs.org/@radix-ui/react-scroll-area/-/react-scroll-area-1.2.10.tgz 0ms (cache hit)
1964 http cache @radix-ui/react-presence@https://registry.npmjs.org/@radix-ui/react-presence/-/react-presence-1.1.5.tgz 0ms (cache hit)
1965 http cache @radix-ui/react-slot@https://registry.npmjs.org/@radix-ui/react-slot/-/react-slot-1.2.3.tgz 0ms (cache hit)
1966 http cache @radix-ui/react-portal@https://registry.npmjs.org/@radix-ui/react-portal/-/react-portal-1.1.9.tgz 0ms (cache hit)
1967 http cache @radix-ui/react-popover@https://registry.npmjs.org/@radix-ui/react-popover/-/react-popover-1.1.15.tgz 0ms (cache hit)
1968 http cache @radix-ui/react-navigation-menu@https://registry.npmjs.org/@radix-ui/react-navigation-menu/-/react-navigation-menu-1.2.14.tgz 0ms (cache hit)
1969 http cache @radix-ui/react-popper@https://registry.npmjs.org/@radix-ui/react-popper/-/react-popper-1.2.8.tgz 0ms (cache hit)
1970 http cache @radix-ui/react-menubar@https://registry.npmjs.org/@radix-ui/react-menubar/-/react-menubar-1.1.16.tgz 0ms (cache hit)
1971 http cache @radix-ui/react-one-time-password-field@https://registry.npmjs.org/@radix-ui/react-one-time-password-field/-/react-one-time-password-field-0.1.8.tgz 0ms (cache hit)
1972 http cache @radix-ui/react-menu@https://registry.npmjs.org/@radix-ui/react-menu/-/react-menu-2.1.16.tgz 0ms (cache hit)
1973 http cache @radix-ui/react-label@https://registry.npmjs.org/@radix-ui/react-label/-/react-label-2.1.7.tgz 0ms (cache hit)
1974 http cache @radix-ui/react-hover-card@https://registry.npmjs.org/@radix-ui/react-hover-card/-/react-hover-card-1.1.15.tgz 0ms (cache hit)
1975 http cache @radix-ui/react-password-toggle-field@https://registry.npmjs.org/@radix-ui/react-password-toggle-field/-/react-password-toggle-field-0.1.3.tgz 0ms (cache hit)
1976 http cache @radix-ui/react-form@https://registry.npmjs.org/@radix-ui/react-form/-/react-form-0.1.8.tgz 0ms (cache hit)
1977 http cache @radix-ui/react-focus-scope@https://registry.npmjs.org/@radix-ui/react-focus-scope/-/react-focus-scope-1.1.7.tgz 0ms (cache hit)
1978 http cache @radix-ui/react-focus-guards@https://registry.npmjs.org/@radix-ui/react-focus-guards/-/react-focus-guards-1.1.3.tgz 0ms (cache hit)
1979 http cache @radix-ui/react-progress@https://registry.npmjs.org/@radix-ui/react-progress/-/react-progress-1.1.7.tgz 0ms (cache hit)
1980 http cache @radix-ui/react-direction@https://registry.npmjs.org/@radix-ui/react-direction/-/react-direction-1.1.1.tgz 0ms (cache hit)
1981 http cache @radix-ui/react-context-menu@https://registry.npmjs.org/@radix-ui/react-context-menu/-/react-context-menu-2.2.16.tgz 0ms (cache hit)
1982 http cache @radix-ui/react-dropdown-menu@https://registry.npmjs.org/@radix-ui/react-dropdown-menu/-/react-dropdown-menu-2.1.16.tgz 0ms (cache hit)
1983 http cache @radix-ui/react-compose-refs@https://registry.npmjs.org/@radix-ui/react-compose-refs/-/react-compose-refs-1.1.2.tgz 0ms (cache hit)
1984 http cache @radix-ui/react-collection@https://registry.npmjs.org/@radix-ui/react-collection/-/react-collection-1.1.7.tgz 0ms (cache hit)
1985 http cache @radix-ui/react-dialog@https://registry.npmjs.org/@radix-ui/react-dialog/-/react-dialog-1.1.15.tgz 0ms (cache hit)
1986 http cache @radix-ui/react-context@https://registry.npmjs.org/@radix-ui/react-context/-/react-context-1.1.2.tgz 0ms (cache hit)
1987 http cache @radix-ui/react-aspect-ratio@https://registry.npmjs.org/@radix-ui/react-aspect-ratio/-/react-aspect-ratio-1.1.7.tgz 0ms (cache hit)
1988 http cache @radix-ui/react-avatar@https://registry.npmjs.org/@radix-ui/react-avatar/-/react-avatar-1.1.10.tgz 0ms (cache hit)
1989 http cache @radix-ui/react-dismissable-layer@https://registry.npmjs.org/@radix-ui/react-dismissable-layer/-/react-dismissable-layer-1.1.11.tgz 0ms (cache hit)
1990 http cache @radix-ui/react-collapsible@https://registry.npmjs.org/@radix-ui/react-collapsible/-/react-collapsible-1.1.12.tgz 0ms (cache hit)
1991 http cache @radix-ui/react-accordion@https://registry.npmjs.org/@radix-ui/react-accordion/-/react-accordion-1.2.12.tgz 0ms (cache hit)
1992 http cache @radix-ui/react-arrow@https://registry.npmjs.org/@radix-ui/react-arrow/-/react-arrow-1.1.7.tgz 0ms (cache hit)
1993 http cache @radix-ui/react-alert-dialog@https://registry.npmjs.org/@radix-ui/react-alert-dialog/-/react-alert-dialog-1.1.15.tgz 0ms (cache hit)
1994 http cache @radix-ui/react-checkbox@https://registry.npmjs.org/@radix-ui/react-checkbox/-/react-checkbox-1.3.3.tgz 0ms (cache hit)
1995 http cache @radix-ui/primitive@https://registry.npmjs.org/@radix-ui/primitive/-/primitive-1.1.3.tgz 0ms (cache hit)
1996 http cache tw-animate-css@https://registry.npmjs.org/tw-animate-css/-/tw-animate-css-1.4.0.tgz 0ms (cache hit)
1997 http cache shadcn@https://registry.npmjs.org/shadcn/-/shadcn-4.7.0.tgz 0ms (cache hit)
1998 http cache radix-ui@https://registry.npmjs.org/radix-ui/-/radix-ui-1.4.3.tgz 0ms (cache hit)
1999 http cache strip-ansi@https://registry.npmjs.org/strip-ansi/-/strip-ansi-6.0.1.tgz 0ms (cache hit)
2000 http cache ansi-regex@https://registry.npmjs.org/ansi-regex/-/ansi-regex-5.0.1.tgz 0ms (cache hit)
2001 http cache emoji-regex@https://registry.npmjs.org/emoji-regex/-/emoji-regex-8.0.0.tgz 0ms (cache hit)
2002 http cache emoji-regex@https://registry.npmjs.org/emoji-regex/-/emoji-regex-8.0.0.tgz 0ms (cache hit)
2003 http cache @radix-ui/react-accessible-icon@https://registry.npmjs.org/@radix-ui/react-accessible-icon/-/react-accessible-icon-1.1.7.tgz 0ms (cache hit)
2004 http cache ansi-regex@https://registry.npmjs.org/ansi-regex/-/ansi-regex-5.0.1.tgz 0ms (cache hit)
2005 http cache string-width@https://registry.npmjs.org/string-width/-/string-width-4.2.3.tgz 0ms (cache hit)
2006 http cache fast-glob@https://registry.npmjs.org/fast-glob/-/fast-glob-3.3.3.tgz 0ms (cache hit)
2007 http cache balanced-match@https://registry.npmjs.org/balanced-match/-/balanced-match-4.0.4.tgz 0ms (cache hit)
2008 http cache emoji-regex@https://registry.npmjs.org/emoji-regex/-/emoji-regex-10.6.0.tgz 0ms (cache hit)
2009 http cache strip-ansi@https://registry.npmjs.org/strip-ansi/-/strip-ansi-6.0.1.tgz 0ms (cache hit)
2010 http cache minimatch@https://registry.npmjs.org/minimatch/-/minimatch-10.2.5.tgz 0ms (cache hit)
2011 http cache glob-parent@https://registry.npmjs.org/glob-parent/-/glob-parent-5.1.2.tgz 0ms (cache hit)
2012 http cache brace-expansion@https://registry.npmjs.org/brace-expansion/-/brace-expansion-5.0.6.tgz 0ms (cache hit)
2013 http cache string-width@https://registry.npmjs.org/string-width/-/string-width-4.2.3.tgz 0ms (cache hit)
2014 http cache chalk@https://registry.npmjs.org/chalk/-/chalk-5.6.2.tgz 0ms (cache hit)
2015 http cache is-unicode-supported@https://registry.npmjs.org/is-unicode-supported/-/is-unicode-supported-1.3.0.tgz 0ms (cache hit)
2016 http cache ansi-regex@https://registry.npmjs.org/ansi-regex/-/ansi-regex-5.0.1.tgz 0ms (cache hit)
2017 http cache @open-draft/deferred-promise@https://registry.npmjs.org/@open-draft/deferred-promise/-/deferred-promise-2.2.0.tgz 0ms (cache hit)
2018 http cache emoji-regex@https://registry.npmjs.org/emoji-regex/-/emoji-regex-8.0.0.tgz 0ms (cache hit)
2019 http cache string-width@https://registry.npmjs.org/string-width/-/string-width-4.2.3.tgz 0ms (cache hit)
2020 http cache path-key@https://registry.npmjs.org/path-key/-/path-key-4.0.0.tgz 0ms (cache hit)
2021 http cache cookie@https://registry.npmjs.org/cookie/-/cookie-0.7.2.tgz 0ms (cache hit)
2022 http cache ajv@https://registry.npmjs.org/ajv/-/ajv-8.20.0.tgz 0ms (cache hit)
2023 http cache path-to-regexp@https://registry.npmjs.org/path-to-regexp/-/path-to-regexp-8.4.2.tgz 0ms (cache hit)
2024 http cache strip-ansi@https://registry.npmjs.org/strip-ansi/-/strip-ansi-6.0.1.tgz 0ms (cache hit)
2025 http cache json-schema-traverse@https://registry.npmjs.org/json-schema-traverse/-/json-schema-traverse-1.0.0.tgz 0ms (cache hit)
2026 http cache kleur@https://registry.npmjs.org/kleur/-/kleur-3.0.3.tgz 0ms (cache hit)
2027 http cache isexe@https://registry.npmjs.org/isexe/-/isexe-3.1.5.tgz 0ms (cache hit)
2028 http cache json-schema-traverse@https://registry.npmjs.org/json-schema-traverse/-/json-schema-traverse-1.0.0.tgz 0ms (cache hit)
2029 http cache strip-final-newline@https://registry.npmjs.org/strip-final-newline/-/strip-final-newline-2.0.0.tgz 0ms (cache hit)
2030 http cache signal-exit@https://registry.npmjs.org/signal-exit/-/signal-exit-3.0.7.tgz 0ms (cache hit)
2031 http cache ajv@https://registry.npmjs.org/ajv/-/ajv-8.20.0.tgz 0ms (cache hit)
2032 http cache chalk@https://registry.npmjs.org/chalk/-/chalk-5.6.2.tgz 0ms (cache hit)
2033 http cache npm-run-path@https://registry.npmjs.org/npm-run-path/-/npm-run-path-4.0.1.tgz 0ms (cache hit)
2034 http cache is-stream@https://registry.npmjs.org/is-stream/-/is-stream-2.0.1.tgz 0ms (cache hit)
2035 http cache human-signals@https://registry.npmjs.org/human-signals/-/human-signals-2.1.0.tgz 0ms (cache hit)
2036 http cache get-stream@https://registry.npmjs.org/get-stream/-/get-stream-6.0.1.tgz 0ms (cache hit)
2037 http cache which@https://registry.npmjs.org/which/-/which-4.0.0.tgz 0ms (cache hit)
2038 http cache picomatch@https://registry.npmjs.org/picomatch/-/picomatch-4.0.4.tgz 0ms (cache hit)
2039 http cache fdir@https://registry.npmjs.org/fdir/-/fdir-6.5.0.tgz 0ms (cache hit)
2040 http cache onetime@https://registry.npmjs.org/onetime/-/onetime-5.1.2.tgz 0ms (cache hit)
2041 http cache execa@https://registry.npmjs.org/execa/-/execa-5.1.1.tgz 0ms (cache hit)
2042 http cache commander@https://registry.npmjs.org/commander/-/commander-11.1.0.tgz 0ms (cache hit)
2043 http cache glob-parent@https://registry.npmjs.org/glob-parent/-/glob-parent-5.1.2.tgz 0ms (cache hit)
2044 silly tarball no local data for detect-node-es@https://registry.npmjs.org/detect-node-es/-/detect-node-es-1.1.0.tgz. Extracting by manifest.
2045 http cache zod@https://registry.npmjs.org/zod/-/zod-3.25.76.tgz 0ms (cache hit)
2046 http cache fast-glob@https://registry.npmjs.org/fast-glob/-/fast-glob-3.3.3.tgz 0ms (cache hit)
2047 http cache tsconfig-paths@https://registry.npmjs.org/tsconfig-paths/-/tsconfig-paths-4.2.0.tgz 0ms (cache hit)
2048 silly tarball no local data for get-nonce@https://registry.npmjs.org/get-nonce/-/get-nonce-1.0.1.tgz. Extracting by manifest.
2049 silly tarball no local data for react-style-singleton@https://registry.npmjs.org/react-style-singleton/-/react-style-singleton-2.2.3.tgz. Extracting by manifest.
2050 silly tarball no local data for react-remove-scroll-bar@https://registry.npmjs.org/react-remove-scroll-bar/-/react-remove-scroll-bar-2.3.8.tgz. Extracting by manifest.
2051 silly tarball no local data for use-callback-ref@https://registry.npmjs.org/use-callback-ref/-/use-callback-ref-1.3.3.tgz. Extracting by manifest.
2052 silly tarball no local data for @floating-ui/core@https://registry.npmjs.org/@floating-ui/core/-/core-1.7.5.tgz. Extracting by manifest.
2053 silly tarball no local data for @floating-ui/utils@https://registry.npmjs.org/@floating-ui/utils/-/utils-0.2.11.tgz. Extracting by manifest.
2054 silly tarball no local data for @radix-ui/rect@https://registry.npmjs.org/@radix-ui/rect/-/rect-1.1.1.tgz. Extracting by manifest.
2055 silly tarball no local data for @floating-ui/dom@https://registry.npmjs.org/@floating-ui/dom/-/dom-1.7.6.tgz. Extracting by manifest.
2056 silly tarball no local data for @radix-ui/react-use-rect@https://registry.npmjs.org/@radix-ui/react-use-rect/-/react-use-rect-1.1.1.tgz. Extracting by manifest.
2057 silly tarball no local data for @radix-ui/number@https://registry.npmjs.org/@radix-ui/number/-/number-1.1.1.tgz. Extracting by manifest.
2058 silly tarball no local data for @floating-ui/react-dom@https://registry.npmjs.org/@floating-ui/react-dom/-/react-dom-2.1.8.tgz. Extracting by manifest.
2059 silly tarball no local data for use-sidecar@https://registry.npmjs.org/use-sidecar/-/use-sidecar-1.1.3.tgz. Extracting by manifest.
2060 silly tarball no local data for @radix-ui/react-visually-hidden@https://registry.npmjs.org/@radix-ui/react-visually-hidden/-/react-visually-hidden-1.2.3.tgz. Extracting by manifest.
2061 silly tarball no local data for aria-hidden@https://registry.npmjs.org/aria-hidden/-/aria-hidden-1.2.6.tgz. Extracting by manifest.
2062 silly tarball no local data for @radix-ui/react-use-previous@https://registry.npmjs.org/@radix-ui/react-use-previous/-/react-use-previous-1.1.1.tgz. Extracting by manifest.
2063 silly tarball no local data for @radix-ui/react-id@https://registry.npmjs.org/@radix-ui/react-id/-/react-id-1.1.1.tgz. Extracting by manifest.
2064 silly tarball no local data for @radix-ui/react-use-escape-keydown@https://registry.npmjs.org/@radix-ui/react-use-escape-keydown/-/react-use-escape-keydown-1.1.1.tgz. Extracting by manifest.
2065 silly tarball no local data for react-remove-scroll@https://registry.npmjs.org/react-remove-scroll/-/react-remove-scroll-2.7.2.tgz. Extracting by manifest.
2066 silly tarball no local data for @radix-ui/react-use-layout-effect@https://registry.npmjs.org/@radix-ui/react-use-layout-effect/-/react-use-layout-effect-1.1.1.tgz. Extracting by manifest.
2067 silly tarball no local data for @radix-ui/react-use-is-hydrated@https://registry.npmjs.org/@radix-ui/react-use-is-hydrated/-/react-use-is-hydrated-0.1.0.tgz. Extracting by manifest.
2068 silly tarball no local data for @radix-ui/react-use-size@https://registry.npmjs.org/@radix-ui/react-use-size/-/react-use-size-1.1.1.tgz. Extracting by manifest.
2069 silly tarball no local data for @radix-ui/react-use-callback-ref@https://registry.npmjs.org/@radix-ui/react-use-callback-ref/-/react-use-callback-ref-1.1.1.tgz. Extracting by manifest.
2070 silly tarball no local data for @radix-ui/react-use-controllable-state@https://registry.npmjs.org/@radix-ui/react-use-controllable-state/-/react-use-controllable-state-1.2.2.tgz. Extracting by manifest.
2071 silly tarball no local data for @radix-ui/react-toggle-group@https://registry.npmjs.org/@radix-ui/react-toggle-group/-/react-toggle-group-1.1.11.tgz. Extracting by manifest.
2072 silly tarball no local data for @radix-ui/react-toggle@https://registry.npmjs.org/@radix-ui/react-toggle/-/react-toggle-1.1.10.tgz. Extracting by manifest.
2073 silly tarball no local data for @radix-ui/react-toolbar@https://registry.npmjs.org/@radix-ui/react-toolbar/-/react-toolbar-1.1.11.tgz. Extracting by manifest.
2074 silly tarball no local data for @radix-ui/react-toast@https://registry.npmjs.org/@radix-ui/react-toast/-/react-toast-1.2.15.tgz. Extracting by manifest.
2075 silly tarball no local data for @radix-ui/react-tooltip@https://registry.npmjs.org/@radix-ui/react-tooltip/-/react-tooltip-1.2.8.tgz. Extracting by manifest.
2076 silly tarball no local data for @radix-ui/react-tabs@https://registry.npmjs.org/@radix-ui/react-tabs/-/react-tabs-1.1.13.tgz. Extracting by manifest.
2077 silly tarball no local data for @radix-ui/react-use-effect-event@https://registry.npmjs.org/@radix-ui/react-use-effect-event/-/react-use-effect-event-0.0.2.tgz. Extracting by manifest.
2078 silly tarball no local data for @radix-ui/react-switch@https://registry.npmjs.org/@radix-ui/react-switch/-/react-switch-1.2.6.tgz. Extracting by manifest.
2079 silly tarball no local data for @radix-ui/react-slider@https://registry.npmjs.org/@radix-ui/react-slider/-/react-slider-1.3.6.tgz. Extracting by manifest.
2080 silly tarball no local data for @radix-ui/react-separator@https://registry.npmjs.org/@radix-ui/react-separator/-/react-separator-1.1.7.tgz. Extracting by manifest.
2081 silly tarball no local data for @radix-ui/react-roving-focus@https://registry.npmjs.org/@radix-ui/react-roving-focus/-/react-roving-focus-1.1.11.tgz. Extracting by manifest.
2082 silly tarball no local data for @radix-ui/react-radio-group@https://registry.npmjs.org/@radix-ui/react-radio-group/-/react-radio-group-1.3.8.tgz. Extracting by manifest.
2083 silly tarball no local data for @radix-ui/react-select@https://registry.npmjs.org/@radix-ui/react-select/-/react-select-2.2.6.tgz. Extracting by manifest.
2084 silly tarball no local data for @radix-ui/react-primitive@https://registry.npmjs.org/@radix-ui/react-primitive/-/react-primitive-2.1.3.tgz. Extracting by manifest.
2085 silly tarball no local data for @radix-ui/react-scroll-area@https://registry.npmjs.org/@radix-ui/react-scroll-area/-/react-scroll-area-1.2.10.tgz. Extracting by manifest.
2086 silly tarball no local data for @radix-ui/react-presence@https://registry.npmjs.org/@radix-ui/react-presence/-/react-presence-1.1.5.tgz. Extracting by manifest.
2087 silly tarball no local data for @radix-ui/react-slot@https://registry.npmjs.org/@radix-ui/react-slot/-/react-slot-1.2.3.tgz. Extracting by manifest.
2088 silly tarball no local data for @radix-ui/react-portal@https://registry.npmjs.org/@radix-ui/react-portal/-/react-portal-1.1.9.tgz. Extracting by manifest.
2089 silly tarball no local data for @radix-ui/react-popover@https://registry.npmjs.org/@radix-ui/react-popover/-/react-popover-1.1.15.tgz. Extracting by manifest.
2090 silly tarball no local data for @radix-ui/react-navigation-menu@https://registry.npmjs.org/@radix-ui/react-navigation-menu/-/react-navigation-menu-1.2.14.tgz. Extracting by manifest.
2091 silly tarball no local data for @radix-ui/react-popper@https://registry.npmjs.org/@radix-ui/react-popper/-/react-popper-1.2.8.tgz. Extracting by manifest.
2092 silly tarball no local data for @radix-ui/react-menubar@https://registry.npmjs.org/@radix-ui/react-menubar/-/react-menubar-1.1.16.tgz. Extracting by manifest.
2093 silly tarball no local data for @radix-ui/react-one-time-password-field@https://registry.npmjs.org/@radix-ui/react-one-time-password-field/-/react-one-time-password-field-0.1.8.tgz. Extracting by manifest.
2094 silly tarball no local data for @radix-ui/react-menu@https://registry.npmjs.org/@radix-ui/react-menu/-/react-menu-2.1.16.tgz. Extracting by manifest.
2095 silly tarball no local data for @radix-ui/react-label@https://registry.npmjs.org/@radix-ui/react-label/-/react-label-2.1.7.tgz. Extracting by manifest.
2096 silly tarball no local data for @radix-ui/react-hover-card@https://registry.npmjs.org/@radix-ui/react-hover-card/-/react-hover-card-1.1.15.tgz. Extracting by manifest.
2097 silly tarball no local data for @radix-ui/react-password-toggle-field@https://registry.npmjs.org/@radix-ui/react-password-toggle-field/-/react-password-toggle-field-0.1.3.tgz. Extracting by manifest.
2098 silly tarball no local data for @radix-ui/react-form@https://registry.npmjs.org/@radix-ui/react-form/-/react-form-0.1.8.tgz. Extracting by manifest.
2099 silly tarball no local data for @radix-ui/react-focus-scope@https://registry.npmjs.org/@radix-ui/react-focus-scope/-/react-focus-scope-1.1.7.tgz. Extracting by manifest.
2100 silly tarball no local data for @radix-ui/react-focus-guards@https://registry.npmjs.org/@radix-ui/react-focus-guards/-/react-focus-guards-1.1.3.tgz. Extracting by manifest.
2101 silly tarball no local data for @radix-ui/react-progress@https://registry.npmjs.org/@radix-ui/react-progress/-/react-progress-1.1.7.tgz. Extracting by manifest.
2102 silly tarball no local data for @radix-ui/react-direction@https://registry.npmjs.org/@radix-ui/react-direction/-/react-direction-1.1.1.tgz. Extracting by manifest.
2103 silly tarball no local data for @radix-ui/react-context-menu@https://registry.npmjs.org/@radix-ui/react-context-menu/-/react-context-menu-2.2.16.tgz. Extracting by manifest.
2104 silly tarball no local data for @radix-ui/react-dropdown-menu@https://registry.npmjs.org/@radix-ui/react-dropdown-menu/-/react-dropdown-menu-2.1.16.tgz. Extracting by manifest.
2105 silly tarball no local data for @radix-ui/react-compose-refs@https://registry.npmjs.org/@radix-ui/react-compose-refs/-/react-compose-refs-1.1.2.tgz. Extracting by manifest.
2106 silly tarball no local data for @radix-ui/react-collection@https://registry.npmjs.org/@radix-ui/react-collection/-/react-collection-1.1.7.tgz. Extracting by manifest.
2107 silly tarball no local data for @radix-ui/react-dialog@https://registry.npmjs.org/@radix-ui/react-dialog/-/react-dialog-1.1.15.tgz. Extracting by manifest.
2108 silly tarball no local data for @radix-ui/react-context@https://registry.npmjs.org/@radix-ui/react-context/-/react-context-1.1.2.tgz. Extracting by manifest.
2109 silly tarball no local data for @radix-ui/react-aspect-ratio@https://registry.npmjs.org/@radix-ui/react-aspect-ratio/-/react-aspect-ratio-1.1.7.tgz. Extracting by manifest.
2110 silly tarball no local data for @radix-ui/react-avatar@https://registry.npmjs.org/@radix-ui/react-avatar/-/react-avatar-1.1.10.tgz. Extracting by manifest.
2111 silly tarball no local data for @radix-ui/react-dismissable-layer@https://registry.npmjs.org/@radix-ui/react-dismissable-layer/-/react-dismissable-layer-1.1.11.tgz. Extracting by manifest.
2112 silly tarball no local data for @radix-ui/react-collapsible@https://registry.npmjs.org/@radix-ui/react-collapsible/-/react-collapsible-1.1.12.tgz. Extracting by manifest.
2113 silly tarball no local data for @radix-ui/react-accordion@https://registry.npmjs.org/@radix-ui/react-accordion/-/react-accordion-1.2.12.tgz. Extracting by manifest.
2114 silly tarball no local data for @radix-ui/react-arrow@https://registry.npmjs.org/@radix-ui/react-arrow/-/react-arrow-1.1.7.tgz. Extracting by manifest.
2115 silly tarball no local data for @radix-ui/react-alert-dialog@https://registry.npmjs.org/@radix-ui/react-alert-dialog/-/react-alert-dialog-1.1.15.tgz. Extracting by manifest.
2116 silly tarball no local data for @radix-ui/react-checkbox@https://registry.npmjs.org/@radix-ui/react-checkbox/-/react-checkbox-1.3.3.tgz. Extracting by manifest.
2117 silly tarball no local data for @radix-ui/primitive@https://registry.npmjs.org/@radix-ui/primitive/-/primitive-1.1.3.tgz. Extracting by manifest.
2118 silly tarball no local data for tw-animate-css@https://registry.npmjs.org/tw-animate-css/-/tw-animate-css-1.4.0.tgz. Extracting by manifest.
2119 silly tarball no local data for radix-ui@https://registry.npmjs.org/radix-ui/-/radix-ui-1.4.3.tgz. Extracting by manifest.
2120 silly tarball no local data for @radix-ui/react-accessible-icon@https://registry.npmjs.org/@radix-ui/react-accessible-icon/-/react-accessible-icon-1.1.7.tgz. Extracting by manifest.
2121 http fetch POST 200 https://registry.npmjs.org/-/npm/v1/security/advisories/bulk 235ms
2122 silly audit report {
2122 silly audit report   postcss: [
2122 silly audit report     {
2122 silly audit report       id: 1117015,
2122 silly audit report       url: 'https://github.com/advisories/GHSA-qx2v-qp2m-jg93',
2122 silly audit report       title: 'PostCSS has XSS via Unescaped </style> in its CSS Stringify Output',
2122 silly audit report       severity: 'moderate',
2122 silly audit report       vulnerable_versions: '<8.5.10',
2122 silly audit report       cwe: [Array],
2122 silly audit report       cvss: [Object]
2122 silly audit report     }
2122 silly audit report   ]
2122 silly audit report }
2123 silly packumentCache corgi:https://registry.npmjs.org/postcss cache-miss
2124 http fetch GET 200 https://registry.npmjs.org/get-nonce/-/get-nonce-1.0.1.tgz 230ms (cache miss)
2125 http cache https://registry.npmjs.org/postcss 25ms (cache hit)
2126 silly packumentCache corgi:https://registry.npmjs.org/postcss set size:343873 disposed:false
2127 silly packumentCache corgi:https://registry.npmjs.org/next cache-miss
2128 http fetch GET 200 https://registry.npmjs.org/react-style-singleton/-/react-style-singleton-2.2.3.tgz 238ms (cache miss)
2129 http fetch GET 200 https://registry.npmjs.org/react-remove-scroll-bar/-/react-remove-scroll-bar-2.3.8.tgz 243ms (cache miss)
2130 http fetch GET 200 https://registry.npmjs.org/detect-node-es/-/detect-node-es-1.1.0.tgz 246ms (cache miss)
2131 http fetch GET 200 https://registry.npmjs.org/@floating-ui/utils/-/utils-0.2.11.tgz 252ms (cache miss)
2132 http fetch GET 200 https://registry.npmjs.org/@radix-ui/rect/-/rect-1.1.1.tgz 259ms (cache miss)
2133 http cache https://registry.npmjs.org/next 40ms (cache hit)
2134 silly packumentCache corgi:https://registry.npmjs.org/next set size:24929605 disposed:false
2135 http fetch GET 200 https://registry.npmjs.org/@floating-ui/core/-/core-1.7.5.tgz 447ms (cache miss)
2136 http fetch GET 200 https://registry.npmjs.org/aria-hidden/-/aria-hidden-1.2.6.tgz 448ms (cache miss)
2137 http fetch GET 200 https://registry.npmjs.org/@radix-ui/react-use-previous/-/react-use-previous-1.1.1.tgz 447ms (cache miss)
2138 http fetch GET 200 https://registry.npmjs.org/@radix-ui/react-id/-/react-id-1.1.1.tgz 447ms (cache miss)
2139 http fetch GET 200 https://registry.npmjs.org/@radix-ui/react-use-escape-keydown/-/react-use-escape-keydown-1.1.1.tgz 456ms (cache miss)
2140 warn deprecated node-domexception@1.0.0: Use your platform's native DOMException instead
2141 http fetch GET 200 https://registry.npmjs.org/@radix-ui/react-use-is-hydrated/-/react-use-is-hydrated-0.1.0.tgz 464ms (cache miss)
2142 http fetch GET 200 https://registry.npmjs.org/@radix-ui/react-use-callback-ref/-/react-use-callback-ref-1.1.1.tgz 481ms (cache miss)
2143 http fetch GET 200 https://registry.npmjs.org/@radix-ui/react-use-size/-/react-use-size-1.1.1.tgz 488ms (cache miss)
2144 http fetch GET 200 https://registry.npmjs.org/use-callback-ref/-/use-callback-ref-1.3.3.tgz 515ms (cache miss)
2145 http fetch GET 200 https://registry.npmjs.org/react-remove-scroll/-/react-remove-scroll-2.7.2.tgz 534ms (cache miss)
2146 http fetch GET 200 https://registry.npmjs.org/@radix-ui/react-use-layout-effect/-/react-use-layout-effect-1.1.1.tgz 542ms (cache miss)
2147 http fetch GET 200 https://registry.npmjs.org/@radix-ui/react-toggle/-/react-toggle-1.1.10.tgz 664ms (cache miss)
2148 http fetch GET 200 https://registry.npmjs.org/@radix-ui/react-use-controllable-state/-/react-use-controllable-state-1.2.2.tgz 666ms (cache miss)
2149 http fetch GET 200 https://registry.npmjs.org/@radix-ui/react-tabs/-/react-tabs-1.1.13.tgz 694ms (cache miss)
2150 http fetch GET 200 https://registry.npmjs.org/@radix-ui/react-switch/-/react-switch-1.2.6.tgz 786ms (cache miss)
2151 http fetch GET 200 https://registry.npmjs.org/@radix-ui/react-visually-hidden/-/react-visually-hidden-1.2.3.tgz 832ms (cache miss)
2152 http fetch GET 200 https://registry.npmjs.org/@radix-ui/number/-/number-1.1.1.tgz 832ms (cache miss)
2153 http fetch GET 200 https://registry.npmjs.org/@radix-ui/react-use-rect/-/react-use-rect-1.1.1.tgz 843ms (cache miss)
2154 http fetch GET 200 https://registry.npmjs.org/@floating-ui/react-dom/-/react-dom-2.1.8.tgz 851ms (cache miss)
2155 http fetch GET 200 https://registry.npmjs.org/@floating-ui/dom/-/dom-1.7.6.tgz 857ms (cache miss)
2156 http fetch GET 200 https://registry.npmjs.org/@radix-ui/react-separator/-/react-separator-1.1.7.tgz 887ms (cache miss)
2157 http fetch GET 200 https://registry.npmjs.org/@radix-ui/react-toggle-group/-/react-toggle-group-1.1.11.tgz 889ms (cache miss)
2158 http fetch GET 200 https://registry.npmjs.org/@radix-ui/react-slider/-/react-slider-1.3.6.tgz 893ms (cache miss)
2159 http fetch GET 200 https://registry.npmjs.org/@radix-ui/react-roving-focus/-/react-roving-focus-1.1.11.tgz 914ms (cache miss)
2160 http fetch GET 200 https://registry.npmjs.org/@radix-ui/react-toolbar/-/react-toolbar-1.1.11.tgz 915ms (cache miss)
2161 http fetch GET 200 https://registry.npmjs.org/@radix-ui/react-tooltip/-/react-tooltip-1.2.8.tgz 997ms (cache miss)
2162 http fetch GET 200 https://registry.npmjs.org/use-sidecar/-/use-sidecar-1.1.3.tgz 1019ms (cache miss)
2163 http fetch GET 200 https://registry.npmjs.org/@radix-ui/react-radio-group/-/react-radio-group-1.3.8.tgz 1024ms (cache miss)
2164 http fetch GET 200 https://registry.npmjs.org/@radix-ui/react-primitive/-/react-primitive-2.1.3.tgz 1041ms (cache miss)
2165 http fetch GET 200 https://registry.npmjs.org/@radix-ui/react-presence/-/react-presence-1.1.5.tgz 1071ms (cache miss)
2166 http fetch GET 200 https://registry.npmjs.org/@radix-ui/react-slot/-/react-slot-1.2.3.tgz 1081ms (cache miss)
2167 http fetch GET 200 https://registry.npmjs.org/@radix-ui/react-scroll-area/-/react-scroll-area-1.2.10.tgz 1095ms (cache miss)
2168 http fetch GET 200 https://registry.npmjs.org/@radix-ui/react-select/-/react-select-2.2.6.tgz 1103ms (cache miss)
2169 http fetch GET 200 https://registry.npmjs.org/@radix-ui/react-portal/-/react-portal-1.1.9.tgz 1119ms (cache miss)
2170 http fetch GET 200 https://registry.npmjs.org/@radix-ui/react-popover/-/react-popover-1.1.15.tgz 1129ms (cache miss)
2171 http fetch GET 200 https://registry.npmjs.org/@radix-ui/react-navigation-menu/-/react-navigation-menu-1.2.14.tgz 1131ms (cache miss)
2172 http fetch GET 200 https://registry.npmjs.org/@radix-ui/react-popper/-/react-popper-1.2.8.tgz 1134ms (cache miss)
2173 http fetch GET 200 https://registry.npmjs.org/@radix-ui/react-toast/-/react-toast-1.2.15.tgz 1210ms (cache miss)
2174 http fetch GET 200 https://registry.npmjs.org/@radix-ui/react-label/-/react-label-2.1.7.tgz 1252ms (cache miss)
2175 http fetch GET 200 https://registry.npmjs.org/@radix-ui/react-menubar/-/react-menubar-1.1.16.tgz 1269ms (cache miss)
2176 http fetch GET 200 https://registry.npmjs.org/@radix-ui/react-hover-card/-/react-hover-card-1.1.15.tgz 1269ms (cache miss)
2177 http fetch GET 200 https://registry.npmjs.org/@radix-ui/react-menu/-/react-menu-2.1.16.tgz 1270ms (cache miss)
2178 http fetch GET 200 https://registry.npmjs.org/@radix-ui/react-focus-guards/-/react-focus-guards-1.1.3.tgz 1313ms (cache miss)
2179 http fetch GET 200 https://registry.npmjs.org/@radix-ui/react-form/-/react-form-0.1.8.tgz 1314ms (cache miss)
2180 http fetch GET 200 https://registry.npmjs.org/@radix-ui/react-focus-scope/-/react-focus-scope-1.1.7.tgz 1320ms (cache miss)
2181 http fetch GET 200 https://registry.npmjs.org/@radix-ui/react-progress/-/react-progress-1.1.7.tgz 1347ms (cache miss)
2182 http fetch GET 200 https://registry.npmjs.org/@radix-ui/react-direction/-/react-direction-1.1.1.tgz 1348ms (cache miss)
2183 http fetch GET 200 https://registry.npmjs.org/@radix-ui/react-one-time-password-field/-/react-one-time-password-field-0.1.8.tgz 1352ms (cache miss)
2184 http fetch GET 200 https://registry.npmjs.org/@radix-ui/react-dropdown-menu/-/react-dropdown-menu-2.1.16.tgz 1354ms (cache miss)
2185 http fetch GET 200 https://registry.npmjs.org/@radix-ui/react-context-menu/-/react-context-menu-2.2.16.tgz 1359ms (cache miss)
2186 http fetch GET 200 https://registry.npmjs.org/@radix-ui/react-compose-refs/-/react-compose-refs-1.1.2.tgz 1446ms (cache miss)
2187 http fetch GET 200 https://registry.npmjs.org/@radix-ui/react-use-effect-event/-/react-use-effect-event-0.0.2.tgz 1483ms (cache miss)
2188 http fetch GET 200 https://registry.npmjs.org/@radix-ui/react-collection/-/react-collection-1.1.7.tgz 1494ms (cache miss)
2189 http fetch GET 200 https://registry.npmjs.org/@radix-ui/react-password-toggle-field/-/react-password-toggle-field-0.1.3.tgz 1533ms (cache miss)
2190 http fetch GET 200 https://registry.npmjs.org/@radix-ui/react-dismissable-layer/-/react-dismissable-layer-1.1.11.tgz 1538ms (cache miss)
2191 http fetch GET 200 https://registry.npmjs.org/@radix-ui/react-collapsible/-/react-collapsible-1.1.12.tgz 1557ms (cache miss)
2192 http fetch GET 200 https://registry.npmjs.org/@radix-ui/react-arrow/-/react-arrow-1.1.7.tgz 1562ms (cache miss)
2193 http fetch GET 200 https://registry.npmjs.org/@radix-ui/react-accordion/-/react-accordion-1.2.12.tgz 1568ms (cache miss)
2194 http fetch GET 200 https://registry.npmjs.org/@radix-ui/react-checkbox/-/react-checkbox-1.3.3.tgz 1571ms (cache miss)
2195 http fetch GET 200 https://registry.npmjs.org/@radix-ui/primitive/-/primitive-1.1.3.tgz 1579ms (cache miss)
2196 http fetch GET 200 https://registry.npmjs.org/@radix-ui/react-context/-/react-context-1.1.2.tgz 1714ms (cache miss)
2197 http fetch GET 200 https://registry.npmjs.org/@radix-ui/react-aspect-ratio/-/react-aspect-ratio-1.1.7.tgz 1724ms (cache miss)
2198 http fetch GET 200 https://registry.npmjs.org/@radix-ui/react-accessible-icon/-/react-accessible-icon-1.1.7.tgz 1726ms (cache miss)
2199 http fetch GET 200 https://registry.npmjs.org/tw-animate-css/-/tw-animate-css-1.4.0.tgz 1726ms (cache miss)
2200 http fetch GET 200 https://registry.npmjs.org/@radix-ui/react-avatar/-/react-avatar-1.1.10.tgz 1752ms (cache miss)
2201 http fetch GET 200 https://registry.npmjs.org/radix-ui/-/radix-ui-1.4.3.tgz 1829ms (cache miss)
2202 http fetch GET 200 https://registry.npmjs.org/@radix-ui/react-alert-dialog/-/react-alert-dialog-1.1.15.tgz 1836ms (cache miss)
2203 http fetch GET 200 https://registry.npmjs.org/@radix-ui/react-dialog/-/react-dialog-1.1.15.tgz 1947ms (cache miss)
2204 info run msw@2.14.5 postinstall node_modules/msw node -e "import('./config/scripts/postinstall.js').catch(() => void 0)"
2205 info run msw@2.14.5 postinstall { code: 0, signal: null }
2206 silly ADD node_modules/is-fullwidth-code-point
2207 silly ADD node_modules/require-from-string
2208 silly ADD node_modules/fast-uri
2209 silly ADD node_modules/mimic-fn
2210 silly ADD node_modules/merge-stream
2211 silly ADD node_modules/wrap-ansi
2212 silly ADD node_modules/wrap-ansi/node_modules/ansi-regex
2213 silly ADD node_modules/wrap-ansi/node_modules/emoji-regex
2214 silly ADD node_modules/wrap-ansi/node_modules/strip-ansi
2215 silly ADD node_modules/wrap-ansi/node_modules/string-width
2216 silly ADD node_modules/yargs-parser
2217 silly ADD node_modules/y18n
2218 silly ADD node_modules/require-directory
2219 silly ADD node_modules/get-caller-file
2220 silly ADD node_modules/cliui
2221 silly ADD node_modules/cliui/node_modules/ansi-regex
2222 silly ADD node_modules/cliui/node_modules/emoji-regex
2223 silly ADD node_modules/cliui/node_modules/strip-ansi
2224 silly ADD node_modules/cliui/node_modules/string-width
2225 silly ADD node_modules/is-wsl
2226 silly ADD node_modules/detect-node-es
2227 silly ADD node_modules/media-typer
2228 silly ADD node_modules/tagged-tag
2229 silly ADD node_modules/path-browserify
2230 silly ADD node_modules/code-block-writer
2231 silly ADD node_modules/@ts-morph/common
2232 silly ADD node_modules/@ts-morph/common/node_modules/balanced-match
2233 silly ADD node_modules/@ts-morph/common/node_modules/brace-expansion
2234 silly ADD node_modules/@ts-morph/common/node_modules/glob-parent
2235 silly ADD node_modules/@ts-morph/common/node_modules/minimatch
2236 silly ADD node_modules/@ts-morph/common/node_modules/fast-glob
2237 silly ADD node_modules/tldts-core
2238 silly ADD node_modules/tldts
2239 silly ADD node_modules/ansi-regex
2240 silly ADD node_modules/is-regexp
2241 silly ADD node_modules/is-obj
2242 silly ADD node_modules/get-own-enumerable-keys
2243 silly ADD node_modules/get-east-asian-width
2244 silly ADD node_modules/is-promise
2245 silly ADD node_modules/mimic-function
2246 silly ADD node_modules/onetime
2247 silly ADD node_modules/source-map
2248 silly ADD node_modules/esprima
2249 silly ADD node_modules/ast-types
2250 silly ADD node_modules/unpipe
2251 silly ADD node_modules/ipaddr.js
2252 silly ADD node_modules/forwarded
2253 silly ADD node_modules/sisteransi
2254 silly ADD node_modules/parse-ms
2255 silly ADD node_modules/util-deprecate
2256 silly ADD node_modules/cssesc
2257 silly ADD node_modules/is-arrayish
2258 silly ADD node_modules/lines-and-columns
2259 silly ADD node_modules/json-parse-even-better-errors
2260 silly ADD node_modules/error-ex
2261 silly ADD node_modules/restore-cursor
2262 silly ADD node_modules/strip-ansi
2263 silly ADD node_modules/string-width
2264 silly ADD node_modules/string-width/node_modules/emoji-regex
2265 silly ADD node_modules/stdin-discarder
2266 silly ADD node_modules/log-symbols
2267 silly ADD node_modules/log-symbols/node_modules/is-unicode-supported
2268 silly ADD node_modules/log-symbols/node_modules/chalk
2269 silly ADD node_modules/is-interactive
2270 silly ADD node_modules/cli-spinners
2271 silly ADD node_modules/cli-cursor
2272 silly ADD node_modules/is-docker
2273 silly ADD node_modules/run-applescript
2274 silly ADD node_modules/default-browser-id
2275 silly ADD node_modules/bundle-name
2276 silly ADD node_modules/wsl-utils
2277 silly ADD node_modules/powershell-utils
2278 silly ADD node_modules/is-inside-container
2279 silly ADD node_modules/is-in-ssh
2280 silly ADD node_modules/define-lazy-prop
2281 silly ADD node_modules/default-browser
2282 silly ADD node_modules/wrappy
2283 silly ADD node_modules/ee-first
2284 silly ADD node_modules/unicorn-magic
2285 silly ADD node_modules/web-streams-polyfill
2286 silly ADD node_modules/node-domexception
2287 silly ADD node_modules/formdata-polyfill
2288 silly ADD node_modules/fetch-blob
2289 silly ADD node_modules/data-uri-to-buffer
2290 silly ADD node_modules/set-cookie-parser
2291 silly ADD node_modules/@types/set-cookie-parser
2292 silly ADD node_modules/fast-string-truncated-width
2293 silly ADD node_modules/fast-string-width
2294 silly ADD node_modules/@open-draft/until
2295 silly ADD node_modules/@open-draft/logger
2296 silly ADD node_modules/mute-stream
2297 silly ADD node_modules/fast-wrap-ansi
2298 silly ADD node_modules/cli-width
2299 silly ADD node_modules/@inquirer/figures
2300 silly ADD node_modules/@inquirer/ansi
2301 silly ADD node_modules/@inquirer/type
2302 silly ADD node_modules/@inquirer/core
2303 silly ADD node_modules/yargs
2304 silly ADD node_modules/yargs/node_modules/ansi-regex
2305 silly ADD node_modules/yargs/node_modules/strip-ansi
2306 silly ADD node_modules/yargs/node_modules/emoji-regex
2307 silly ADD node_modules/yargs/node_modules/string-width
2308 silly ADD node_modules/until-async
2309 silly ADD node_modules/type-fest
2310 silly ADD node_modules/tough-cookie
2311 silly ADD node_modules/strict-event-emitter
2312 silly ADD node_modules/rettime
2313 silly ADD node_modules/path-to-regexp
2314 silly ADD node_modules/outvariant
2315 silly ADD node_modules/is-node-process
2316 silly ADD node_modules/headers-polyfill
2317 silly ADD node_modules/graphql
2318 silly ADD node_modules/@types/statuses
2319 silly ADD node_modules/@open-draft/deferred-promise
2320 silly ADD node_modules/@mswjs/interceptors
2321 silly ADD node_modules/@mswjs/interceptors/node_modules/@open-draft/deferred-promise
2322 silly ADD node_modules/@inquirer/confirm
2323 silly ADD node_modules/mime-db
2324 silly ADD node_modules/safer-buffer
2325 silly ADD node_modules/agent-base
2326 silly ADD node_modules/toidentifier
2327 silly ADD node_modules/setprototypeof
2328 silly ADD node_modules/inherits
2329 silly ADD node_modules/@sec-ant/readable-stream
2330 silly ADD node_modules/universalify
2331 silly ADD node_modules/jsonfile
2332 silly ADD node_modules/is-unicode-supported
2333 silly ADD node_modules/ip-address
2334 silly ADD node_modules/iconv-lite
2335 silly ADD node_modules/bytes
2336 silly ADD node_modules/negotiator
2337 silly ADD node_modules/type-is
2338 silly ADD node_modules/statuses
2339 silly ADD node_modules/serve-static
2340 silly ADD node_modules/send
2341 silly ADD node_modules/router
2342 silly ADD node_modules/router/node_modules/path-to-regexp
2343 silly ADD node_modules/range-parser
2344 silly ADD node_modules/qs
2345 silly ADD node_modules/proxy-addr
2346 silly ADD node_modules/parseurl
2347 silly ADD node_modules/once
2348 silly ADD node_modules/on-finished
2349 silly ADD node_modules/mime-types
2350 silly ADD node_modules/merge-descriptors
2351 silly ADD node_modules/http-errors
2352 silly ADD node_modules/fresh
2353 silly ADD node_modules/finalhandler
2354 silly ADD node_modules/etag
2355 silly ADD node_modules/escape-html
2356 silly ADD node_modules/encodeurl
2357 silly ADD node_modules/depd
2358 silly ADD node_modules/cookie-signature
2359 silly ADD node_modules/content-disposition
2360 silly ADD node_modules/body-parser
2361 silly ADD node_modules/accepts
2362 silly ADD node_modules/yoctocolors
2363 silly ADD node_modules/strip-final-newline
2364 silly ADD node_modules/signal-exit
2365 silly ADD node_modules/pretty-ms
2366 silly ADD node_modules/npm-run-path
2367 silly ADD node_modules/npm-run-path/node_modules/path-key
2368 silly ADD node_modules/is-stream
2369 silly ADD node_modules/is-plain-obj
2370 silly ADD node_modules/human-signals
2371 silly ADD node_modules/get-stream
2372 silly ADD node_modules/figures
2373 silly ADD node_modules/@sindresorhus/merge-streams
2374 silly ADD node_modules/@noble/hashes
2375 silly ADD node_modules/@noble/curves
2376 silly ADD node_modules/@noble/ciphers
2377 silly ADD node_modules/@ecies/ciphers
2378 silly ADD node_modules/parse-json
2379 silly ADD node_modules/env-paths
2380 silly ADD node_modules/vary
2381 silly ADD node_modules/raw-body
2382 silly ADD node_modules/pkce-challenge
2383 silly ADD node_modules/json-schema-typed
2384 silly ADD node_modules/jose
2385 silly ADD node_modules/express-rate-limit
2386 silly ADD node_modules/express
2387 silly ADD node_modules/express/node_modules/cookie
2388 silly ADD node_modules/eventsource-parser
2389 silly ADD node_modules/eventsource
2390 silly ADD node_modules/cors
2391 silly ADD node_modules/content-type
2392 silly ADD node_modules/ajv-formats
2393 silly ADD node_modules/ajv-formats/node_modules/json-schema-traverse
2394 silly ADD node_modules/ajv-formats/node_modules/ajv
2395 silly ADD node_modules/hono
2396 silly ADD node_modules/@hono/node-server
2397 silly ADD node_modules/yocto-spinner
2398 silly ADD node_modules/object-treeify
2399 silly ADD node_modules/eciesjs
2400 silly ADD node_modules/dotenv
2401 silly ADD node_modules/@babel/plugin-transform-modules-commonjs
2402 silly ADD node_modules/@babel/plugin-syntax-jsx
2403 silly ADD node_modules/@babel/helper-replace-supers
2404 silly ADD node_modules/@babel/helper-optimise-call-expression
2405 silly ADD node_modules/@babel/helper-member-expression-to-functions
2406 silly ADD node_modules/@babel/plugin-syntax-typescript
2407 silly ADD node_modules/@babel/helper-skip-transparent-expression-wrappers
2408 silly ADD node_modules/@babel/helper-plugin-utils
2409 silly ADD node_modules/@babel/helper-create-class-features-plugin
2410 silly ADD node_modules/@babel/helper-annotate-as-pure
2411 silly ADD node_modules/zod-to-json-schema
2412 silly ADD node_modules/validate-npm-package-name
2413 silly ADD node_modules/ts-morph
2414 silly ADD node_modules/stringify-object
2415 silly ADD node_modules/recast
2416 silly ADD node_modules/prompts
2417 silly ADD node_modules/prompts/node_modules/kleur
2418 silly ADD node_modules/postcss-selector-parser
2419 silly ADD node_modules/ora
2420 silly ADD node_modules/ora/node_modules/chalk
2421 silly ADD node_modules/open
2422 silly ADD node_modules/node-fetch
2423 silly ADD node_modules/msw
2424 silly ADD node_modules/kleur
2425 silly ADD node_modules/https-proxy-agent
2426 silly ADD node_modules/fuzzysort
2427 silly ADD node_modules/fs-extra
2428 silly ADD node_modules/execa
2429 silly ADD node_modules/diff
2430 silly ADD node_modules/deepmerge
2431 silly ADD node_modules/dedent
2432 silly ADD node_modules/cosmiconfig
2433 silly ADD node_modules/commander
2434 silly ADD node_modules/@types/validate-npm-package-name
2435 silly ADD node_modules/@modelcontextprotocol/sdk
2436 silly ADD node_modules/@modelcontextprotocol/sdk/node_modules/json-schema-traverse
2437 silly ADD node_modules/@modelcontextprotocol/sdk/node_modules/ajv
2438 silly ADD node_modules/@dotenvx/dotenvx
2439 silly ADD node_modules/@dotenvx/dotenvx/node_modules/isexe
2440 silly ADD node_modules/@dotenvx/dotenvx/node_modules/strip-final-newline
2441 silly ADD node_modules/@dotenvx/dotenvx/node_modules/signal-exit
2442 silly ADD node_modules/@dotenvx/dotenvx/node_modules/onetime
2443 silly ADD node_modules/@dotenvx/dotenvx/node_modules/npm-run-path
2444 silly ADD node_modules/@dotenvx/dotenvx/node_modules/is-stream
2445 silly ADD node_modules/@dotenvx/dotenvx/node_modules/human-signals
2446 silly ADD node_modules/@dotenvx/dotenvx/node_modules/get-stream
2447 silly ADD node_modules/@dotenvx/dotenvx/node_modules/which
2448 silly ADD node_modules/@dotenvx/dotenvx/node_modules/picomatch
2449 silly ADD node_modules/@dotenvx/dotenvx/node_modules/fdir
2450 silly ADD node_modules/@dotenvx/dotenvx/node_modules/execa
2451 silly ADD node_modules/@dotenvx/dotenvx/node_modules/commander
2452 silly ADD node_modules/@babel/preset-typescript
2453 silly ADD node_modules/@babel/plugin-transform-typescript
2454 silly ADD node_modules/get-nonce
2455 silly ADD node_modules/use-sidecar
2456 silly ADD node_modules/use-callback-ref
2457 silly ADD node_modules/react-style-singleton
2458 silly ADD node_modules/react-remove-scroll-bar
2459 silly ADD node_modules/@floating-ui/utils
2460 silly ADD node_modules/@floating-ui/core
2461 silly ADD node_modules/@floating-ui/dom
2462 silly ADD node_modules/@radix-ui/rect
2463 silly ADD node_modules/@radix-ui/react-use-rect
2464 silly ADD node_modules/@floating-ui/react-dom
2465 silly ADD node_modules/@radix-ui/number
2466 silly ADD node_modules/react-remove-scroll
2467 silly ADD node_modules/aria-hidden
2468 silly ADD node_modules/@radix-ui/react-use-previous
2469 silly ADD node_modules/@radix-ui/react-id
2470 silly ADD node_modules/@radix-ui/react-visually-hidden
2471 silly ADD node_modules/@radix-ui/react-use-size
2472 silly ADD node_modules/@radix-ui/react-use-layout-effect
2473 silly ADD node_modules/@radix-ui/react-use-is-hydrated
2474 silly ADD node_modules/@radix-ui/react-use-escape-keydown
2475 silly ADD node_modules/@radix-ui/react-use-effect-event
2476 silly ADD node_modules/@radix-ui/react-use-controllable-state
2477 silly ADD node_modules/@radix-ui/react-use-callback-ref
2478 silly ADD node_modules/@radix-ui/react-tooltip
2479 silly ADD node_modules/@radix-ui/react-toolbar
2480 silly ADD node_modules/@radix-ui/react-toggle-group
2481 silly ADD node_modules/@radix-ui/react-toggle
2482 silly ADD node_modules/@radix-ui/react-toast
2483 silly ADD node_modules/@radix-ui/react-tabs
2484 silly ADD node_modules/@radix-ui/react-switch
2485 silly ADD node_modules/@radix-ui/react-slot
2486 silly ADD node_modules/@radix-ui/react-slider
2487 silly ADD node_modules/@radix-ui/react-separator
2488 silly ADD node_modules/@radix-ui/react-select
2489 silly ADD node_modules/@radix-ui/react-scroll-area
2490 silly ADD node_modules/@radix-ui/react-roving-focus
2491 silly ADD node_modules/@radix-ui/react-radio-group
2492 silly ADD node_modules/@radix-ui/react-progress
2493 silly ADD node_modules/@radix-ui/react-primitive
2494 silly ADD node_modules/@radix-ui/react-presence
2495 silly ADD node_modules/@radix-ui/react-portal
2496 silly ADD node_modules/@radix-ui/react-popper
2497 silly ADD node_modules/@radix-ui/react-popover
2498 silly ADD node_modules/@radix-ui/react-password-toggle-field
2499 silly ADD node_modules/@radix-ui/react-one-time-password-field
2500 silly ADD node_modules/@radix-ui/react-navigation-menu
2501 silly ADD node_modules/@radix-ui/react-menubar
2502 silly ADD node_modules/@radix-ui/react-menu
2503 silly ADD node_modules/@radix-ui/react-label
2504 silly ADD node_modules/@radix-ui/react-hover-card
2505 silly ADD node_modules/@radix-ui/react-form
2506 silly ADD node_modules/@radix-ui/react-focus-scope
2507 silly ADD node_modules/@radix-ui/react-focus-guards
2508 silly ADD node_modules/@radix-ui/react-dropdown-menu
2509 silly ADD node_modules/@radix-ui/react-dismissable-layer
2510 silly ADD node_modules/@radix-ui/react-direction
2511 silly ADD node_modules/@radix-ui/react-dialog
2512 silly ADD node_modules/@radix-ui/react-context-menu
2513 silly ADD node_modules/@radix-ui/react-context
2514 silly ADD node_modules/@radix-ui/react-compose-refs
2515 silly ADD node_modules/@radix-ui/react-collection
2516 silly ADD node_modules/@radix-ui/react-collapsible
2517 silly ADD node_modules/@radix-ui/react-checkbox
2518 silly ADD node_modules/@radix-ui/react-avatar
2519 silly ADD node_modules/@radix-ui/react-aspect-ratio
2520 silly ADD node_modules/@radix-ui/react-arrow
2521 silly ADD node_modules/@radix-ui/react-alert-dialog
2522 silly ADD node_modules/@radix-ui/react-accordion
2523 silly ADD node_modules/@radix-ui/react-accessible-icon
2524 silly ADD node_modules/@radix-ui/primitive
2525 silly ADD node_modules/tw-animate-css
2526 silly ADD node_modules/shadcn
2527 silly ADD node_modules/shadcn/node_modules/glob-parent
2528 silly ADD node_modules/shadcn/node_modules/zod
2529 silly ADD node_modules/shadcn/node_modules/tsconfig-paths
2530 silly ADD node_modules/shadcn/node_modules/fast-glob
2531 silly ADD node_modules/radix-ui
2532 verbose cwd /Users/xxd/Desktop/today
2533 verbose os Darwin 25.3.0
2534 verbose node v24.15.0
2535 verbose npm  v11.12.1
2536 verbose exit 0
2537 info ok
