0 verbose cli /usr/local/bin/node /usr/local/lib/node_modules/npm/bin/npm-cli.js
1 info using npm@11.12.1
2 info using node@v24.15.0
3 silly config load:file:/usr/local/lib/node_modules/npm/npmrc
4 silly config load:file:/Users/xxd/Desktop/today/.npmrc
5 silly config load:file:/Users/xxd/.npmrc
6 silly config load:file:/Users/xxd/.npm-global/etc/npmrc
7 verbose title npm exec shadcn@latest init --help
8 verbose argv "exec" "--" "shadcn@latest" "init" "--help"
9 verbose logfile logs-max:10 dir:/Users/xxd/Desktop/today/.npm-cache/_logs/2026-05-08T09_52_32_164Z-
10 verbose logfile /Users/xxd/Desktop/today/.npm-cache/_logs/2026-05-08T09_52_32_164Z-debug-0.log
11 silly logfile done cleaning log files
12 silly packumentCache heap:4496293888 maxSize:1124073472 maxEntrySize:562036736
13 http fetch GET 200 https://registry.npmjs.org/shadcn 830ms (cache miss)
14 silly packumentCache heap:4496293888 maxSize:1124073472 maxEntrySize:562036736
15 silly packumentCache heap:4496293888 maxSize:1124073472 maxEntrySize:562036736
16 warn exec The following package was not found and will be installed: shadcn@4.7.0
17 silly idealTree buildDeps
18 silly fetch manifest shadcn@4.7.0
19 silly packumentCache full:https://registry.npmjs.org/shadcn cache-miss
20 http fetch GET 200 https://registry.npmjs.org/shadcn 286ms (cache miss)
21 silly packumentCache full:https://registry.npmjs.org/shadcn set size:undefined disposed:false
22 silly placeDep ROOT shadcn@4.7.0 OK for:  want: 4.7.0
23 silly fetch manifest @babel/core@^7.28.0
24 silly packumentCache full:https://registry.npmjs.org/@babel%2fcore cache-miss
25 silly fetch manifest @babel/parser@^7.28.0
26 silly packumentCache full:https://registry.npmjs.org/@babel%2fparser cache-miss
27 silly fetch manifest @babel/plugin-transform-typescript@^7.28.0
28 silly packumentCache full:https://registry.npmjs.org/@babel%2fplugin-transform-typescript cache-miss
29 silly fetch manifest @babel/preset-typescript@^7.27.1
30 silly packumentCache full:https://registry.npmjs.org/@babel%2fpreset-typescript cache-miss
31 silly fetch manifest @dotenvx/dotenvx@^1.48.4
32 silly packumentCache full:https://registry.npmjs.org/@dotenvx%2fdotenvx cache-miss
33 silly fetch manifest @modelcontextprotocol/sdk@^1.26.0
34 silly packumentCache full:https://registry.npmjs.org/@modelcontextprotocol%2fsdk cache-miss
35 silly fetch manifest @types/validate-npm-package-name@^4.0.2
36 silly packumentCache full:https://registry.npmjs.org/@types%2fvalidate-npm-package-name cache-miss
37 silly fetch manifest browserslist@^4.26.2
38 silly packumentCache full:https://registry.npmjs.org/browserslist cache-miss
39 silly fetch manifest commander@^14.0.0
40 silly packumentCache full:https://registry.npmjs.org/commander cache-miss
41 http cache https://registry.npmjs.org/@babel%2fparser 16ms (cache hit)
42 silly packumentCache full:https://registry.npmjs.org/@babel%2fparser set size:723297 disposed:false
43 silly fetch manifest cosmiconfig@^9.0.0
44 silly packumentCache full:https://registry.npmjs.org/cosmiconfig cache-miss
45 http cache https://registry.npmjs.org/browserslist 22ms (cache hit)
46 silly packumentCache full:https://registry.npmjs.org/browserslist set size:504681 disposed:false
47 silly fetch manifest dedent@^1.6.0
48 silly packumentCache full:https://registry.npmjs.org/dedent cache-miss
49 http cache https://registry.npmjs.org/@babel%2fcore 28ms (cache hit)
50 silly packumentCache full:https://registry.npmjs.org/@babel%2fcore set size:764052 disposed:false
51 silly fetch manifest deepmerge@^4.3.1
52 silly packumentCache full:https://registry.npmjs.org/deepmerge cache-miss
53 http fetch GET 200 https://registry.npmjs.org/@babel%2fpreset-typescript 285ms (cache miss)
54 silly packumentCache full:https://registry.npmjs.org/@babel%2fpreset-typescript set size:undefined disposed:false
55 silly fetch manifest diff@^8.0.2
56 silly packumentCache full:https://registry.npmjs.org/diff cache-miss
57 http fetch GET 200 https://registry.npmjs.org/diff 230ms (cache miss)
58 silly packumentCache full:https://registry.npmjs.org/diff set size:undefined disposed:false
59 silly fetch manifest execa@^9.6.0
60 silly packumentCache full:https://registry.npmjs.org/execa cache-miss
61 http fetch GET 200 https://registry.npmjs.org/execa 252ms (cache miss)
62 silly packumentCache full:https://registry.npmjs.org/execa set size:undefined disposed:false
63 silly fetch manifest fast-glob@^3.3.3
64 silly packumentCache full:https://registry.npmjs.org/fast-glob cache-miss
65 http fetch GET 200 https://registry.npmjs.org/@types%2fvalidate-npm-package-name 786ms (cache miss)
66 silly packumentCache full:https://registry.npmjs.org/@types%2fvalidate-npm-package-name set size:undefined disposed:false
67 silly fetch manifest fs-extra@^11.3.1
68 silly packumentCache full:https://registry.npmjs.org/fs-extra cache-miss
69 http cache https://registry.npmjs.org/fast-glob 14ms (cache hit)
70 silly packumentCache full:https://registry.npmjs.org/fast-glob set size:220556 disposed:false
71 silly fetch manifest fuzzysort@^3.1.0
72 silly packumentCache full:https://registry.npmjs.org/fuzzysort cache-miss
73 http fetch GET 200 https://registry.npmjs.org/dedent 772ms (cache miss)
74 silly packumentCache full:https://registry.npmjs.org/dedent set size:undefined disposed:false
75 silly fetch manifest https-proxy-agent@^7.0.6
76 silly packumentCache full:https://registry.npmjs.org/https-proxy-agent cache-miss
77 http fetch GET 200 https://registry.npmjs.org/@modelcontextprotocol%2fsdk 805ms (cache miss)
78 silly packumentCache full:https://registry.npmjs.org/@modelcontextprotocol%2fsdk set size:undefined disposed:false
79 silly fetch manifest kleur@^4.1.5
80 silly packumentCache full:https://registry.npmjs.org/kleur cache-miss
81 http fetch GET 200 https://registry.npmjs.org/commander 827ms (cache miss)
82 silly packumentCache full:https://registry.npmjs.org/commander set size:undefined disposed:false
83 silly fetch manifest msw@^2.10.4
84 silly packumentCache full:https://registry.npmjs.org/msw cache-miss
85 http fetch GET 200 https://registry.npmjs.org/@dotenvx%2fdotenvx 974ms (cache miss)
86 silly packumentCache full:https://registry.npmjs.org/@dotenvx%2fdotenvx set size:undefined disposed:false
87 silly fetch manifest node-fetch@^3.3.2
88 silly packumentCache full:https://registry.npmjs.org/node-fetch cache-miss
89 http fetch GET 200 https://registry.npmjs.org/@babel%2fplugin-transform-typescript 983ms (cache miss)
90 silly packumentCache full:https://registry.npmjs.org/@babel%2fplugin-transform-typescript set size:undefined disposed:false
91 silly fetch manifest open@^11.0.0
92 silly packumentCache full:https://registry.npmjs.org/open cache-miss
93 http fetch GET 200 https://registry.npmjs.org/cosmiconfig 979ms (cache miss)
94 silly packumentCache full:https://registry.npmjs.org/cosmiconfig set size:undefined disposed:false
95 silly fetch manifest ora@^8.2.0
96 silly packumentCache full:https://registry.npmjs.org/ora cache-miss
97 http fetch GET 200 https://registry.npmjs.org/fuzzysort 219ms (cache miss)
98 silly packumentCache full:https://registry.npmjs.org/fuzzysort set size:undefined disposed:false
99 silly fetch manifest postcss@^8.5.6
100 silly packumentCache full:https://registry.npmjs.org/postcss cache-miss
101 http cache https://registry.npmjs.org/postcss 4ms (cache hit)
102 silly packumentCache full:https://registry.npmjs.org/postcss set size:720302 disposed:false
103 silly fetch manifest postcss-selector-parser@^7.1.0
104 silly packumentCache full:https://registry.npmjs.org/postcss-selector-parser cache-miss
105 http fetch GET 200 https://registry.npmjs.org/deepmerge 994ms (cache miss)
106 silly packumentCache full:https://registry.npmjs.org/deepmerge set size:undefined disposed:false
107 silly fetch manifest prompts@^2.4.2
108 silly packumentCache full:https://registry.npmjs.org/prompts cache-miss
109 http fetch GET 200 https://registry.npmjs.org/kleur 222ms (cache miss)
110 silly packumentCache full:https://registry.npmjs.org/kleur set size:undefined disposed:false
111 silly fetch manifest recast@^0.23.11
112 silly packumentCache full:https://registry.npmjs.org/recast cache-miss
113 http fetch GET 200 https://registry.npmjs.org/fs-extra 251ms (cache miss)
114 silly packumentCache full:https://registry.npmjs.org/fs-extra set size:undefined disposed:false
115 silly fetch manifest stringify-object@^5.0.0
116 silly packumentCache full:https://registry.npmjs.org/stringify-object cache-miss
117 http fetch GET 200 https://registry.npmjs.org/open 232ms (cache miss)
118 silly packumentCache full:https://registry.npmjs.org/open set size:undefined disposed:false
119 silly fetch manifest tailwind-merge@^3.0.1
120 silly packumentCache full:https://registry.npmjs.org/tailwind-merge cache-miss
121 http cache https://registry.npmjs.org/tailwind-merge 4ms (cache hit)
122 silly packumentCache full:https://registry.npmjs.org/tailwind-merge set size:1569083 disposed:false
123 silly fetch manifest ts-morph@^26.0.0
124 silly packumentCache full:https://registry.npmjs.org/ts-morph cache-miss
125 http fetch GET 200 https://registry.npmjs.org/ora 238ms (cache miss)
126 silly packumentCache full:https://registry.npmjs.org/ora set size:undefined disposed:false
127 silly fetch manifest tsconfig-paths@^4.2.0
128 silly packumentCache full:https://registry.npmjs.org/tsconfig-paths cache-miss
129 http cache https://registry.npmjs.org/tsconfig-paths 2ms (cache hit)
130 silly packumentCache full:https://registry.npmjs.org/tsconfig-paths set size:192565 disposed:false
131 silly fetch manifest validate-npm-package-name@^7.0.1
132 silly packumentCache full:https://registry.npmjs.org/validate-npm-package-name cache-miss
133 http fetch GET 200 https://registry.npmjs.org/https-proxy-agent 447ms (cache miss)
134 silly packumentCache full:https://registry.npmjs.org/https-proxy-agent set size:undefined disposed:false
135 silly fetch manifest zod@^3.24.1
136 silly packumentCache full:https://registry.npmjs.org/zod cache-miss
137 http cache https://registry.npmjs.org/zod 5ms (cache hit)
138 silly packumentCache full:https://registry.npmjs.org/zod set size:3552562 disposed:false
139 silly fetch manifest zod-to-json-schema@^3.24.6
140 silly packumentCache full:https://registry.npmjs.org/zod-to-json-schema cache-miss
141 http fetch GET 200 https://registry.npmjs.org/postcss-selector-parser 253ms (cache miss)
142 silly packumentCache full:https://registry.npmjs.org/postcss-selector-parser set size:undefined disposed:false
143 http fetch GET 200 https://registry.npmjs.org/prompts 250ms (cache miss)
144 silly packumentCache full:https://registry.npmjs.org/prompts set size:undefined disposed:false
145 http fetch GET 200 https://registry.npmjs.org/stringify-object 236ms (cache miss)
146 silly packumentCache full:https://registry.npmjs.org/stringify-object set size:undefined disposed:false
147 http fetch GET 200 https://registry.npmjs.org/node-fetch 329ms (cache miss)
148 silly packumentCache full:https://registry.npmjs.org/node-fetch set size:undefined disposed:false
149 http fetch GET 200 https://registry.npmjs.org/msw 483ms (cache miss)
150 silly packumentCache full:https://registry.npmjs.org/msw set size:undefined disposed:false
151 http fetch GET 200 https://registry.npmjs.org/recast 405ms (cache miss)
152 silly packumentCache full:https://registry.npmjs.org/recast set size:undefined disposed:false
153 http fetch GET 200 https://registry.npmjs.org/ts-morph 267ms (cache miss)
154 silly packumentCache full:https://registry.npmjs.org/ts-morph set size:undefined disposed:false
155 http fetch GET 200 https://registry.npmjs.org/zod-to-json-schema 264ms (cache miss)
156 silly packumentCache full:https://registry.npmjs.org/zod-to-json-schema set size:undefined disposed:false
157 http fetch GET 200 https://registry.npmjs.org/validate-npm-package-name 836ms (cache miss)
158 silly packumentCache full:https://registry.npmjs.org/validate-npm-package-name set size:undefined disposed:false
159 silly fetch manifest @cfworker/json-schema@^4.1.1
160 silly packumentCache full:https://registry.npmjs.org/@cfworker%2fjson-schema cache-miss
161 http fetch GET 200 https://registry.npmjs.org/@cfworker%2fjson-schema 247ms (cache miss)
162 silly packumentCache full:https://registry.npmjs.org/@cfworker%2fjson-schema set size:undefined disposed:false
163 silly fetch manifest typescript@>=4.9.5
164 silly packumentCache full:https://registry.npmjs.org/typescript cache-miss
165 http cache https://registry.npmjs.org/typescript 30ms (cache hit)
166 silly packumentCache full:https://registry.npmjs.org/typescript set size:15409943 disposed:false
167 silly fetch manifest babel-plugin-macros@^3.1.0
168 silly packumentCache full:https://registry.npmjs.org/babel-plugin-macros cache-miss
169 http fetch GET 200 https://registry.npmjs.org/babel-plugin-macros 240ms (cache miss)
170 silly packumentCache full:https://registry.npmjs.org/babel-plugin-macros set size:undefined disposed:false
171 silly fetch manifest typescript@>= 4.8.x
172 silly packumentCache full:https://registry.npmjs.org/typescript cache-miss
173 http cache https://registry.npmjs.org/typescript 21ms (cache hit)
174 silly packumentCache full:https://registry.npmjs.org/typescript set size:15409943 disposed:false
175 silly placeDep ROOT @babel/core@7.29.0 OK for: shadcn@4.7.0 want: ^7.28.0
176 silly placeDep ROOT @babel/parser@7.29.3 OK for: shadcn@4.7.0 want: ^7.28.0
177 silly placeDep ROOT @babel/plugin-transform-typescript@7.28.6 OK for: shadcn@4.7.0 want: ^7.28.0
178 silly placeDep ROOT @babel/preset-typescript@7.28.5 OK for: shadcn@4.7.0 want: ^7.27.1
179 silly placeDep ROOT @dotenvx/dotenvx@1.65.0 OK for: shadcn@4.7.0 want: ^1.48.4
180 silly placeDep ROOT @modelcontextprotocol/sdk@1.29.0 OK for: shadcn@4.7.0 want: ^1.26.0
181 silly placeDep ROOT @types/validate-npm-package-name@4.0.2 OK for: shadcn@4.7.0 want: ^4.0.2
182 silly placeDep ROOT browserslist@4.28.2 OK for: shadcn@4.7.0 want: ^4.26.2
183 silly placeDep ROOT commander@14.0.3 OK for: shadcn@4.7.0 want: ^14.0.0
184 silly placeDep ROOT cosmiconfig@9.0.1 OK for: shadcn@4.7.0 want: ^9.0.0
185 silly placeDep ROOT dedent@1.7.2 OK for: shadcn@4.7.0 want: ^1.6.0
186 silly placeDep ROOT deepmerge@4.3.1 OK for: shadcn@4.7.0 want: ^4.3.1
187 silly placeDep ROOT diff@8.0.4 OK for: shadcn@4.7.0 want: ^8.0.2
188 silly placeDep ROOT execa@9.6.1 OK for: shadcn@4.7.0 want: ^9.6.0
189 silly placeDep ROOT fast-glob@3.3.3 OK for: shadcn@4.7.0 want: ^3.3.3
190 silly placeDep ROOT fs-extra@11.3.5 OK for: shadcn@4.7.0 want: ^11.3.1
191 silly placeDep ROOT fuzzysort@3.1.0 OK for: shadcn@4.7.0 want: ^3.1.0
192 silly placeDep ROOT https-proxy-agent@7.0.6 OK for: shadcn@4.7.0 want: ^7.0.6
193 silly placeDep ROOT kleur@4.1.5 OK for: shadcn@4.7.0 want: ^4.1.5
194 silly placeDep ROOT msw@2.14.5 OK for: shadcn@4.7.0 want: ^2.10.4
195 silly placeDep ROOT node-fetch@3.3.2 OK for: shadcn@4.7.0 want: ^3.3.2
196 silly placeDep ROOT open@11.0.0 OK for: shadcn@4.7.0 want: ^11.0.0
197 silly placeDep ROOT ora@8.2.0 OK for: shadcn@4.7.0 want: ^8.2.0
198 silly placeDep ROOT postcss@8.5.14 OK for: shadcn@4.7.0 want: ^8.5.6
199 silly placeDep ROOT postcss-selector-parser@7.1.1 OK for: shadcn@4.7.0 want: ^7.1.0
200 silly placeDep ROOT prompts@2.4.2 OK for: shadcn@4.7.0 want: ^2.4.2
201 silly placeDep ROOT recast@0.23.11 OK for: shadcn@4.7.0 want: ^0.23.11
202 silly placeDep ROOT stringify-object@5.0.0 OK for: shadcn@4.7.0 want: ^5.0.0
203 silly placeDep ROOT tailwind-merge@3.5.0 OK for: shadcn@4.7.0 want: ^3.0.1
204 silly placeDep ROOT ts-morph@26.0.0 OK for: shadcn@4.7.0 want: ^26.0.0
205 silly placeDep ROOT tsconfig-paths@4.2.0 OK for: shadcn@4.7.0 want: ^4.2.0
206 silly placeDep ROOT validate-npm-package-name@7.0.2 OK for: shadcn@4.7.0 want: ^7.0.1
207 silly placeDep ROOT zod@3.25.76 OK for: shadcn@4.7.0 want: ^3.24.1
208 silly placeDep ROOT zod-to-json-schema@3.25.2 OK for: shadcn@4.7.0 want: ^3.24.6
209 silly fetch manifest debug@^4.1.0
210 silly packumentCache full:https://registry.npmjs.org/debug cache-miss
211 silly fetch manifest json5@^2.2.3
212 silly packumentCache full:https://registry.npmjs.org/json5 cache-miss
213 silly fetch manifest semver@^6.3.1
214 silly packumentCache full:https://registry.npmjs.org/semver cache-miss
215 silly fetch manifest gensync@^1.0.0-beta.2
216 silly packumentCache full:https://registry.npmjs.org/gensync cache-miss
217 silly fetch manifest @babel/types@^7.29.0
218 silly packumentCache full:https://registry.npmjs.org/@babel%2ftypes cache-miss
219 silly fetch manifest @babel/parser@^7.29.0
220 silly packumentCache full:https://registry.npmjs.org/@babel%2fparser cache-hit
221 silly fetch manifest @babel/helpers@^7.28.6
222 silly packumentCache full:https://registry.npmjs.org/@babel%2fhelpers cache-miss
223 silly fetch manifest @babel/template@^7.28.6
224 silly packumentCache full:https://registry.npmjs.org/@babel%2ftemplate cache-miss
225 silly fetch manifest @babel/traverse@^7.29.0
226 silly packumentCache full:https://registry.npmjs.org/@babel%2ftraverse cache-miss
227 silly fetch manifest @babel/generator@^7.29.0
228 silly packumentCache full:https://registry.npmjs.org/@babel%2fgenerator cache-miss
229 http cache https://registry.npmjs.org/gensync 6ms (cache hit)
230 silly packumentCache full:https://registry.npmjs.org/gensync set size:15068 disposed:false
231 silly fetch manifest @babel/code-frame@^7.29.0
232 silly packumentCache full:https://registry.npmjs.org/@babel%2fcode-frame cache-miss
233 http cache https://registry.npmjs.org/json5 7ms (cache hit)
234 silly packumentCache full:https://registry.npmjs.org/json5 set size:86136 disposed:false
235 silly fetch manifest convert-source-map@^2.0.0
236 silly packumentCache full:https://registry.npmjs.org/convert-source-map cache-miss
237 http cache https://registry.npmjs.org/@babel%2ftypes 7ms (cache hit)
238 silly packumentCache full:https://registry.npmjs.org/@babel%2ftypes set size:489931 disposed:false
239 silly fetch manifest @jridgewell/remapping@^2.3.5
240 silly packumentCache full:https://registry.npmjs.org/@jridgewell%2fremapping cache-miss
241 http cache https://registry.npmjs.org/debug 9ms (cache hit)
242 silly packumentCache full:https://registry.npmjs.org/debug set size:195840 disposed:false
243 silly fetch manifest @babel/helper-module-transforms@^7.28.6
244 silly packumentCache full:https://registry.npmjs.org/@babel%2fhelper-module-transforms cache-miss
245 http cache https://registry.npmjs.org/semver 11ms (cache hit)
246 silly packumentCache full:https://registry.npmjs.org/semver set size:229571 disposed:false
247 silly fetch manifest @babel/helper-compilation-targets@^7.28.6
248 silly packumentCache full:https://registry.npmjs.org/@babel%2fhelper-compilation-targets cache-miss
249 http cache https://registry.npmjs.org/@babel%2fhelpers 12ms (cache hit)
250 silly packumentCache full:https://registry.npmjs.org/@babel%2fhelpers set size:390175 disposed:false
251 silly fetch manifest @babel/helper-plugin-utils@^7.28.6
252 silly packumentCache full:https://registry.npmjs.org/@babel%2fhelper-plugin-utils cache-miss
253 http cache https://registry.npmjs.org/@babel%2fgenerator 12ms (cache hit)
254 silly packumentCache full:https://registry.npmjs.org/@babel%2fgenerator set size:509303 disposed:false
255 silly fetch manifest @babel/helper-annotate-as-pure@^7.27.3
256 silly packumentCache full:https://registry.npmjs.org/@babel%2fhelper-annotate-as-pure cache-miss
257 http cache https://registry.npmjs.org/@babel%2ftraverse 15ms (cache hit)
258 silly packumentCache full:https://registry.npmjs.org/@babel%2ftraverse set size:550946 disposed:false
259 silly fetch manifest @babel/plugin-syntax-typescript@^7.28.6
260 silly packumentCache full:https://registry.npmjs.org/@babel%2fplugin-syntax-typescript cache-miss
261 http cache https://registry.npmjs.org/@babel%2ftemplate 18ms (cache hit)
262 silly packumentCache full:https://registry.npmjs.org/@babel%2ftemplate set size:229095 disposed:false
263 silly fetch manifest @babel/helper-create-class-features-plugin@^7.28.6
264 silly packumentCache full:https://registry.npmjs.org/@babel%2fhelper-create-class-features-plugin cache-miss
265 http cache https://registry.npmjs.org/@babel%2fhelper-compilation-targets 10ms (cache hit)
266 silly packumentCache full:https://registry.npmjs.org/@babel%2fhelper-compilation-targets set size:220831 disposed:false
267 silly fetch manifest @babel/helper-skip-transparent-expression-wrappers@^7.27.1
268 silly packumentCache full:https://registry.npmjs.org/@babel%2fhelper-skip-transparent-expression-wrappers cache-miss
269 http cache https://registry.npmjs.org/convert-source-map 14ms (cache hit)
270 silly packumentCache full:https://registry.npmjs.org/convert-source-map set size:66997 disposed:false
271 silly fetch manifest @babel/plugin-syntax-jsx@^7.27.1
272 silly packumentCache full:https://registry.npmjs.org/@babel%2fplugin-syntax-jsx cache-miss
273 http cache https://registry.npmjs.org/@babel%2fhelper-module-transforms 12ms (cache hit)
274 silly packumentCache full:https://registry.npmjs.org/@babel%2fhelper-module-transforms set size:335632 disposed:false
275 silly fetch manifest @babel/helper-plugin-utils@^7.27.1
276 silly packumentCache full:https://registry.npmjs.org/@babel%2fhelper-plugin-utils cache-miss
277 http cache https://registry.npmjs.org/@babel%2fcode-frame 17ms (cache hit)
278 silly packumentCache full:https://registry.npmjs.org/@babel%2fcode-frame set size:198217 disposed:false
279 silly fetch manifest @babel/helper-validator-option@^7.27.1
280 silly packumentCache full:https://registry.npmjs.org/@babel%2fhelper-validator-option cache-miss
281 http cache https://registry.npmjs.org/@jridgewell%2fremapping 16ms (cache hit)
282 silly packumentCache full:https://registry.npmjs.org/@jridgewell%2fremapping set size:23809 disposed:false
283 silly fetch manifest @babel/plugin-transform-modules-commonjs@^7.27.1
284 silly packumentCache full:https://registry.npmjs.org/@babel%2fplugin-transform-modules-commonjs cache-miss
285 http cache https://registry.npmjs.org/@babel%2fhelper-validator-option 3ms (cache hit)
286 silly packumentCache full:https://registry.npmjs.org/@babel%2fhelper-validator-option set size:93967 disposed:false
287 silly fetch manifest commander@^11.1.0
288 silly packumentCache full:https://registry.npmjs.org/commander cache-miss
289 http cache https://registry.npmjs.org/commander 1ms (cache hit)
290 silly packumentCache full:https://registry.npmjs.org/commander set size:306301 disposed:false
291 silly fetch manifest dotenv@^17.2.1
292 silly packumentCache full:https://registry.npmjs.org/dotenv cache-miss
293 http fetch GET 200 https://registry.npmjs.org/@babel%2fplugin-syntax-typescript 237ms (cache miss)
294 silly packumentCache full:https://registry.npmjs.org/@babel%2fplugin-syntax-typescript set size:undefined disposed:false
295 silly fetch manifest eciesjs@^0.4.10
296 silly packumentCache full:https://registry.npmjs.org/eciesjs cache-miss
297 http fetch GET 200 https://registry.npmjs.org/@babel%2fhelper-skip-transparent-expression-wrappers 236ms (cache miss)
298 silly packumentCache full:https://registry.npmjs.org/@babel%2fhelper-skip-transparent-expression-wrappers set size:undefined disposed:false
299 silly fetch manifest execa@^5.1.1
300 silly packumentCache full:https://registry.npmjs.org/execa cache-miss
301 http cache https://registry.npmjs.org/execa 3ms (cache hit)
302 silly packumentCache full:https://registry.npmjs.org/execa set size:181234 disposed:false
303 silly fetch manifest fdir@^6.2.0
304 silly packumentCache full:https://registry.npmjs.org/fdir cache-miss
305 http cache https://registry.npmjs.org/fdir 2ms (cache hit)
306 silly packumentCache full:https://registry.npmjs.org/fdir set size:136182 disposed:false
307 silly fetch manifest ignore@^5.3.0
308 silly packumentCache full:https://registry.npmjs.org/ignore cache-miss
309 http fetch GET 200 https://registry.npmjs.org/@babel%2fhelper-annotate-as-pure 253ms (cache miss)
310 silly packumentCache full:https://registry.npmjs.org/@babel%2fhelper-annotate-as-pure set size:undefined disposed:false
311 silly fetch manifest object-treeify@1.1.33
312 silly packumentCache full:https://registry.npmjs.org/object-treeify cache-miss
313 http cache https://registry.npmjs.org/ignore 3ms (cache hit)
314 silly packumentCache full:https://registry.npmjs.org/ignore set size:237380 disposed:false
315 silly fetch manifest picomatch@^4.0.4
316 silly packumentCache full:https://registry.npmjs.org/picomatch cache-miss
317 http fetch GET 200 https://registry.npmjs.org/@babel%2fplugin-syntax-jsx 250ms (cache miss)
318 silly packumentCache full:https://registry.npmjs.org/@babel%2fplugin-syntax-jsx set size:undefined disposed:false
319 silly fetch manifest which@^4.0.0
320 silly packumentCache full:https://registry.npmjs.org/which cache-miss
321 http cache https://registry.npmjs.org/picomatch 3ms (cache hit)
322 silly packumentCache full:https://registry.npmjs.org/picomatch set size:126376 disposed:false
323 silly fetch manifest yocto-spinner@^1.1.0
324 silly packumentCache full:https://registry.npmjs.org/yocto-spinner cache-miss
325 http cache https://registry.npmjs.org/which 3ms (cache hit)
326 silly packumentCache full:https://registry.npmjs.org/which set size:67698 disposed:false
327 silly fetch manifest @hono/node-server@^1.19.9
328 silly packumentCache full:https://registry.npmjs.org/@hono%2fnode-server cache-miss
329 http fetch GET 200 https://registry.npmjs.org/@babel%2fhelper-create-class-features-plugin 265ms (cache miss)
330 silly packumentCache full:https://registry.npmjs.org/@babel%2fhelper-create-class-features-plugin set size:undefined disposed:false
331 silly fetch manifest ajv@^8.17.1
332 silly packumentCache full:https://registry.npmjs.org/ajv cache-miss
333 http cache https://registry.npmjs.org/ajv 3ms (cache hit)
334 silly packumentCache full:https://registry.npmjs.org/ajv set size:1142658 disposed:false
335 silly fetch manifest ajv-formats@^3.0.1
336 silly packumentCache full:https://registry.npmjs.org/ajv-formats cache-miss
337 http fetch GET 200 https://registry.npmjs.org/@babel%2fplugin-transform-modules-commonjs 272ms (cache miss)
338 silly packumentCache full:https://registry.npmjs.org/@babel%2fplugin-transform-modules-commonjs set size:undefined disposed:false
339 silly fetch manifest content-type@^1.0.5
340 silly packumentCache full:https://registry.npmjs.org/content-type cache-miss
341 http fetch GET 200 https://registry.npmjs.org/dotenv 270ms (cache miss)
342 silly packumentCache full:https://registry.npmjs.org/dotenv set size:undefined disposed:false
343 silly fetch manifest cors@^2.8.5
344 silly packumentCache full:https://registry.npmjs.org/cors cache-miss
345 http fetch GET 200 https://registry.npmjs.org/yocto-spinner 206ms (cache miss)
346 silly packumentCache full:https://registry.npmjs.org/yocto-spinner set size:undefined disposed:false
347 silly fetch manifest cross-spawn@^7.0.5
348 silly packumentCache full:https://registry.npmjs.org/cross-spawn cache-miss
349 http fetch GET 200 https://registry.npmjs.org/eciesjs 228ms (cache miss)
350 silly packumentCache full:https://registry.npmjs.org/eciesjs set size:undefined disposed:false
351 silly fetch manifest eventsource@^3.0.2
352 silly packumentCache full:https://registry.npmjs.org/eventsource cache-miss
353 http cache https://registry.npmjs.org/cross-spawn 15ms (cache hit)
354 silly packumentCache full:https://registry.npmjs.org/cross-spawn set size:109066 disposed:false
355 silly fetch manifest eventsource-parser@^3.0.0
356 silly packumentCache full:https://registry.npmjs.org/eventsource-parser cache-miss
357 http fetch GET 200 https://registry.npmjs.org/@babel%2fhelper-plugin-utils 477ms (cache miss)
358 silly packumentCache full:https://registry.npmjs.org/@babel%2fhelper-plugin-utils set size:undefined disposed:false
359 silly fetch manifest express@^5.2.1
360 silly packumentCache full:https://registry.npmjs.org/express cache-miss
361 http fetch GET 200 https://registry.npmjs.org/content-type 204ms (cache miss)
362 silly packumentCache full:https://registry.npmjs.org/content-type set size:undefined disposed:false
363 silly fetch manifest express-rate-limit@^8.2.1
364 silly packumentCache full:https://registry.npmjs.org/express-rate-limit cache-miss
365 http fetch GET 200 https://registry.npmjs.org/ajv-formats 226ms (cache miss)
366 silly packumentCache full:https://registry.npmjs.org/ajv-formats set size:undefined disposed:false
367 silly fetch manifest hono@^4.11.4
368 silly packumentCache full:https://registry.npmjs.org/hono cache-miss
369 http fetch GET 200 https://registry.npmjs.org/object-treeify 254ms (cache miss)
370 silly packumentCache full:https://registry.npmjs.org/object-treeify set size:undefined disposed:false
371 silly fetch manifest jose@^6.1.3
372 silly packumentCache full:https://registry.npmjs.org/jose cache-miss
373 http fetch GET 200 https://registry.npmjs.org/cors 225ms (cache miss)
374 silly packumentCache full:https://registry.npmjs.org/cors set size:undefined disposed:false
375 silly fetch manifest json-schema-typed@^8.0.2
376 silly packumentCache full:https://registry.npmjs.org/json-schema-typed cache-miss
377 http fetch GET 200 https://registry.npmjs.org/eventsource 225ms (cache miss)
378 silly packumentCache full:https://registry.npmjs.org/eventsource set size:undefined disposed:false
379 silly fetch manifest pkce-challenge@^5.0.0
380 silly packumentCache full:https://registry.npmjs.org/pkce-challenge cache-miss
381 http fetch GET 200 https://registry.npmjs.org/eventsource-parser 220ms (cache miss)
382 silly packumentCache full:https://registry.npmjs.org/eventsource-parser set size:undefined disposed:false
383 silly fetch manifest raw-body@^3.0.0
384 silly packumentCache full:https://registry.npmjs.org/raw-body cache-miss
385 http fetch GET 200 https://registry.npmjs.org/@babel%2fhelper-plugin-utils 713ms (cache miss)
386 silly packumentCache full:https://registry.npmjs.org/@babel%2fhelper-plugin-utils set size:undefined disposed:false
387 silly fetch manifest zod@^3.25 || ^4.0
388 silly packumentCache full:https://registry.npmjs.org/zod cache-miss
389 http cache https://registry.npmjs.org/zod 7ms (cache hit)
390 silly packumentCache full:https://registry.npmjs.org/zod set size:3552562 disposed:false
391 silly fetch manifest zod-to-json-schema@^3.25.1
392 silly packumentCache full:https://registry.npmjs.org/zod-to-json-schema cache-miss
393 http cache https://registry.npmjs.org/zod-to-json-schema 5ms (cache hit)
394 silly packumentCache full:https://registry.npmjs.org/zod-to-json-schema set size:309584 disposed:false
395 silly fetch manifest baseline-browser-mapping@^2.10.12
396 silly packumentCache full:https://registry.npmjs.org/baseline-browser-mapping cache-miss
397 http fetch GET 200 https://registry.npmjs.org/json-schema-typed 226ms (cache miss)
398 silly packumentCache full:https://registry.npmjs.org/json-schema-typed set size:undefined disposed:false
399 silly fetch manifest caniuse-lite@^1.0.30001782
400 silly packumentCache full:https://registry.npmjs.org/caniuse-lite cache-miss
401 http fetch GET 200 https://registry.npmjs.org/@hono%2fnode-server 477ms (cache miss)
402 silly packumentCache full:https://registry.npmjs.org/@hono%2fnode-server set size:undefined disposed:false
403 silly fetch manifest electron-to-chromium@^1.5.328
404 silly packumentCache full:https://registry.npmjs.org/electron-to-chromium cache-miss
405 http cache https://registry.npmjs.org/baseline-browser-mapping 7ms (cache hit)
406 silly packumentCache full:https://registry.npmjs.org/baseline-browser-mapping set size:471377 disposed:false
407 silly fetch manifest node-releases@^2.0.36
408 silly packumentCache full:https://registry.npmjs.org/node-releases cache-miss
409 http cache https://registry.npmjs.org/caniuse-lite 16ms (cache hit)
410 silly packumentCache full:https://registry.npmjs.org/caniuse-lite set size:2291079 disposed:false
411 silly fetch manifest update-browserslist-db@^1.2.3
412 silly packumentCache full:https://registry.npmjs.org/update-browserslist-db cache-miss
413 http cache https://registry.npmjs.org/electron-to-chromium 25ms (cache hit)
414 silly packumentCache full:https://registry.npmjs.org/electron-to-chromium set size:4786337 disposed:false
415 silly fetch manifest env-paths@^2.2.1
416 silly packumentCache full:https://registry.npmjs.org/env-paths cache-miss
417 http cache https://registry.npmjs.org/update-browserslist-db 23ms (cache hit)
418 silly packumentCache full:https://registry.npmjs.org/update-browserslist-db set size:62000 disposed:false
419 silly fetch manifest import-fresh@^3.3.0
420 silly packumentCache full:https://registry.npmjs.org/import-fresh cache-miss
421 http cache https://registry.npmjs.org/node-releases 36ms (cache hit)
422 silly packumentCache full:https://registry.npmjs.org/node-releases set size:273586 disposed:false
423 silly fetch manifest js-yaml@^4.1.0
424 silly packumentCache full:https://registry.npmjs.org/js-yaml cache-miss
425 http fetch GET 200 https://registry.npmjs.org/express-rate-limit 297ms (cache miss)
426 silly packumentCache full:https://registry.npmjs.org/express-rate-limit set size:undefined disposed:false
427 silly fetch manifest parse-json@^5.2.0
428 silly packumentCache full:https://registry.npmjs.org/parse-json cache-miss
429 http cache https://registry.npmjs.org/import-fresh 5ms (cache hit)
430 silly packumentCache full:https://registry.npmjs.org/import-fresh set size:24604 disposed:false
431 silly fetch manifest @sindresorhus/merge-streams@^4.0.0
432 silly packumentCache full:https://registry.npmjs.org/@sindresorhus%2fmerge-streams cache-miss
433 http cache https://registry.npmjs.org/js-yaml 5ms (cache hit)
434 silly packumentCache full:https://registry.npmjs.org/js-yaml set size:152232 disposed:false
435 silly fetch manifest cross-spawn@^7.0.6
436 silly packumentCache full:https://registry.npmjs.org/cross-spawn cache-hit
437 silly fetch manifest figures@^6.1.0
438 silly packumentCache full:https://registry.npmjs.org/figures cache-miss
439 http fetch GET 200 https://registry.npmjs.org/express 308ms (cache miss)
440 silly packumentCache full:https://registry.npmjs.org/express set size:undefined disposed:false
441 silly fetch manifest get-stream@^9.0.0
442 silly packumentCache full:https://registry.npmjs.org/get-stream cache-miss
443 http fetch GET 200 https://registry.npmjs.org/jose 361ms (cache miss)
444 silly packumentCache full:https://registry.npmjs.org/jose set size:undefined disposed:false
445 silly fetch manifest human-signals@^8.0.1
446 silly packumentCache full:https://registry.npmjs.org/human-signals cache-miss
447 http fetch GET 200 https://registry.npmjs.org/pkce-challenge 204ms (cache miss)
448 silly packumentCache full:https://registry.npmjs.org/pkce-challenge set size:undefined disposed:false
449 silly fetch manifest is-plain-obj@^4.1.0
450 silly packumentCache full:https://registry.npmjs.org/is-plain-obj cache-miss
451 http fetch GET 200 https://registry.npmjs.org/hono 408ms (cache miss)
452 silly packumentCache full:https://registry.npmjs.org/hono set size:undefined disposed:false
453 silly fetch manifest is-stream@^4.0.1
454 silly packumentCache full:https://registry.npmjs.org/is-stream cache-miss
455 http fetch GET 200 https://registry.npmjs.org/raw-body 225ms (cache miss)
456 silly packumentCache full:https://registry.npmjs.org/raw-body set size:undefined disposed:false
457 silly fetch manifest npm-run-path@^6.0.0
458 silly packumentCache full:https://registry.npmjs.org/npm-run-path cache-miss
459 http fetch GET 200 https://registry.npmjs.org/parse-json 212ms (cache miss)
460 silly packumentCache full:https://registry.npmjs.org/parse-json set size:undefined disposed:false
461 silly fetch manifest pretty-ms@^9.2.0
462 silly packumentCache full:https://registry.npmjs.org/pretty-ms cache-miss
463 http fetch GET 200 https://registry.npmjs.org/@sindresorhus%2fmerge-streams 214ms (cache miss)
464 silly packumentCache full:https://registry.npmjs.org/@sindresorhus%2fmerge-streams set size:undefined disposed:false
465 silly fetch manifest signal-exit@^4.1.0
466 silly packumentCache full:https://registry.npmjs.org/signal-exit cache-miss
467 http fetch GET 200 https://registry.npmjs.org/figures 214ms (cache miss)
468 silly packumentCache full:https://registry.npmjs.org/figures set size:undefined disposed:false
469 silly fetch manifest strip-final-newline@^4.0.0
470 silly packumentCache full:https://registry.npmjs.org/strip-final-newline cache-miss
471 http fetch GET 200 https://registry.npmjs.org/human-signals 215ms (cache miss)
472 silly packumentCache full:https://registry.npmjs.org/human-signals set size:undefined disposed:false
473 silly fetch manifest yoctocolors@^2.1.1
474 silly packumentCache full:https://registry.npmjs.org/yoctocolors cache-miss
475 http fetch GET 200 https://registry.npmjs.org/is-plain-obj 201ms (cache miss)
476 silly packumentCache full:https://registry.npmjs.org/is-plain-obj set size:undefined disposed:false
477 silly fetch manifest @nodelib/fs.stat@^2.0.2
478 silly packumentCache full:https://registry.npmjs.org/@nodelib%2ffs.stat cache-miss
479 http cache https://registry.npmjs.org/@nodelib%2ffs.stat 2ms (cache hit)
480 silly packumentCache full:https://registry.npmjs.org/@nodelib%2ffs.stat set size:36993 disposed:false
481 silly fetch manifest @nodelib/fs.walk@^1.2.3
482 silly packumentCache full:https://registry.npmjs.org/@nodelib%2ffs.walk cache-miss
483 http cache https://registry.npmjs.org/@nodelib%2ffs.walk 1ms (cache hit)
484 silly packumentCache full:https://registry.npmjs.org/@nodelib%2ffs.walk set size:41589 disposed:false
485 silly fetch manifest glob-parent@^5.1.2
486 silly packumentCache full:https://registry.npmjs.org/glob-parent cache-miss
487 http cache https://registry.npmjs.org/glob-parent 1ms (cache hit)
488 silly packumentCache full:https://registry.npmjs.org/glob-parent set size:42445 disposed:false
489 silly fetch manifest merge2@^1.3.0
490 silly packumentCache full:https://registry.npmjs.org/merge2 cache-miss
491 http cache https://registry.npmjs.org/merge2 1ms (cache hit)
492 silly packumentCache full:https://registry.npmjs.org/merge2 set size:46159 disposed:false
493 silly fetch manifest micromatch@^4.0.8
494 silly packumentCache full:https://registry.npmjs.org/micromatch cache-miss
495 http cache https://registry.npmjs.org/micromatch 2ms (cache hit)
496 silly packumentCache full:https://registry.npmjs.org/micromatch set size:240630 disposed:false
497 silly fetch manifest graceful-fs@^4.2.0
498 silly packumentCache full:https://registry.npmjs.org/graceful-fs cache-miss
499 http cache https://registry.npmjs.org/graceful-fs 1ms (cache hit)
500 silly packumentCache full:https://registry.npmjs.org/graceful-fs set size:124285 disposed:false
501 silly fetch manifest jsonfile@^6.0.1
502 silly packumentCache full:https://registry.npmjs.org/jsonfile cache-miss
503 http fetch GET 200 https://registry.npmjs.org/is-stream 202ms (cache miss)
504 silly packumentCache full:https://registry.npmjs.org/is-stream set size:undefined disposed:false
505 silly fetch manifest universalify@^2.0.0
506 silly packumentCache full:https://registry.npmjs.org/universalify cache-miss
507 http fetch GET 200 https://registry.npmjs.org/npm-run-path 205ms (cache miss)
508 silly packumentCache full:https://registry.npmjs.org/npm-run-path set size:undefined disposed:false
509 silly fetch manifest debug@4
510 silly packumentCache full:https://registry.npmjs.org/debug cache-hit
511 silly fetch manifest agent-base@^7.1.2
512 silly packumentCache full:https://registry.npmjs.org/agent-base cache-miss
513 http fetch GET 200 https://registry.npmjs.org/strip-final-newline 202ms (cache miss)
514 silly packumentCache full:https://registry.npmjs.org/strip-final-newline set size:undefined disposed:false
515 silly fetch manifest @inquirer/confirm@^6.0.11
516 silly packumentCache full:https://registry.npmjs.org/@inquirer%2fconfirm cache-miss
517 http fetch GET 200 https://registry.npmjs.org/signal-exit 210ms (cache miss)
518 silly packumentCache full:https://registry.npmjs.org/signal-exit set size:undefined disposed:false
519 silly fetch manifest @mswjs/interceptors@^0.41.3
520 silly packumentCache full:https://registry.npmjs.org/@mswjs%2finterceptors cache-miss
521 http fetch GET 200 https://registry.npmjs.org/env-paths 439ms (cache miss)
522 silly packumentCache full:https://registry.npmjs.org/env-paths set size:undefined disposed:false
523 silly fetch manifest @open-draft/deferred-promise@^3.0.0
524 silly packumentCache full:https://registry.npmjs.org/@open-draft%2fdeferred-promise cache-miss
525 http fetch GET 200 https://registry.npmjs.org/pretty-ms 221ms (cache miss)
526 silly packumentCache full:https://registry.npmjs.org/pretty-ms set size:undefined disposed:false
527 silly fetch manifest @types/statuses@^2.0.6
528 silly packumentCache full:https://registry.npmjs.org/@types%2fstatuses cache-miss
529 http fetch GET 200 https://registry.npmjs.org/get-stream 441ms (cache miss)
530 silly packumentCache full:https://registry.npmjs.org/get-stream set size:undefined disposed:false
531 silly fetch manifest cookie@^1.1.1
532 silly packumentCache full:https://registry.npmjs.org/cookie cache-miss
533 http cache https://registry.npmjs.org/cookie 2ms (cache hit)
534 silly packumentCache full:https://registry.npmjs.org/cookie set size:72891 disposed:false
535 silly fetch manifest graphql@^16.13.2
536 silly packumentCache full:https://registry.npmjs.org/graphql cache-miss
537 http fetch GET 200 https://registry.npmjs.org/yoctocolors 206ms (cache miss)
538 silly packumentCache full:https://registry.npmjs.org/yoctocolors set size:undefined disposed:false
539 silly fetch manifest headers-polyfill@^5.0.1
540 silly packumentCache full:https://registry.npmjs.org/headers-polyfill cache-miss
541 http fetch GET 200 https://registry.npmjs.org/jsonfile 208ms (cache miss)
542 silly packumentCache full:https://registry.npmjs.org/jsonfile set size:undefined disposed:false
543 silly fetch manifest is-node-process@^1.2.0
544 silly packumentCache full:https://registry.npmjs.org/is-node-process cache-miss
545 http fetch GET 200 https://registry.npmjs.org/universalify 203ms (cache miss)
546 silly packumentCache full:https://registry.npmjs.org/universalify set size:undefined disposed:false
547 silly fetch manifest outvariant@^1.4.3
548 silly packumentCache full:https://registry.npmjs.org/outvariant cache-miss
549 http fetch GET 200 https://registry.npmjs.org/agent-base 210ms (cache miss)
550 silly packumentCache full:https://registry.npmjs.org/agent-base set size:undefined disposed:false
551 silly fetch manifest path-to-regexp@^6.3.0
552 silly packumentCache full:https://registry.npmjs.org/path-to-regexp cache-miss
553 http fetch GET 200 https://registry.npmjs.org/@types%2fstatuses 230ms (cache miss)
554 silly packumentCache full:https://registry.npmjs.org/@types%2fstatuses set size:undefined disposed:false
555 silly fetch manifest picocolors@^1.1.1
556 silly packumentCache full:https://registry.npmjs.org/picocolors cache-miss
557 http cache https://registry.npmjs.org/picocolors 2ms (cache hit)
558 silly packumentCache full:https://registry.npmjs.org/picocolors set size:16648 disposed:false
559 silly fetch manifest rettime@^0.11.11
560 silly packumentCache full:https://registry.npmjs.org/rettime cache-miss
561 http fetch GET 200 https://registry.npmjs.org/@inquirer%2fconfirm 264ms (cache miss)
562 silly packumentCache full:https://registry.npmjs.org/@inquirer%2fconfirm set size:undefined disposed:false
563 silly fetch manifest statuses@^2.0.2
564 silly packumentCache full:https://registry.npmjs.org/statuses cache-miss
565 http fetch GET 200 https://registry.npmjs.org/@open-draft%2fdeferred-promise 266ms (cache miss)
566 silly packumentCache full:https://registry.npmjs.org/@open-draft%2fdeferred-promise set size:undefined disposed:false
567 silly fetch manifest strict-event-emitter@^0.5.1
568 silly packumentCache full:https://registry.npmjs.org/strict-event-emitter cache-miss
569 http fetch GET 200 https://registry.npmjs.org/headers-polyfill 213ms (cache miss)
570 silly packumentCache full:https://registry.npmjs.org/headers-polyfill set size:undefined disposed:false
571 silly fetch manifest tough-cookie@^6.0.1
572 silly packumentCache full:https://registry.npmjs.org/tough-cookie cache-miss
573 http fetch GET 200 https://registry.npmjs.org/is-node-process 201ms (cache miss)
574 silly packumentCache full:https://registry.npmjs.org/is-node-process set size:undefined disposed:false
575 silly fetch manifest type-fest@^5.5.0
576 silly packumentCache full:https://registry.npmjs.org/type-fest cache-miss
577 http fetch GET 200 https://registry.npmjs.org/outvariant 206ms (cache miss)
578 silly packumentCache full:https://registry.npmjs.org/outvariant set size:undefined disposed:false
579 silly fetch manifest until-async@^3.0.2
580 silly packumentCache full:https://registry.npmjs.org/until-async cache-miss
581 http fetch GET 200 https://registry.npmjs.org/path-to-regexp 220ms (cache miss)
582 silly packumentCache full:https://registry.npmjs.org/path-to-regexp set size:undefined disposed:false
583 silly fetch manifest yargs@^17.7.2
584 silly packumentCache full:https://registry.npmjs.org/yargs cache-miss
585 http fetch GET 200 https://registry.npmjs.org/graphql 366ms (cache miss)
586 silly packumentCache full:https://registry.npmjs.org/graphql set size:undefined disposed:false
587 silly fetch manifest data-uri-to-buffer@^4.0.0
588 silly packumentCache full:https://registry.npmjs.org/data-uri-to-buffer cache-miss
589 http fetch GET 200 https://registry.npmjs.org/rettime 219ms (cache miss)
590 silly packumentCache full:https://registry.npmjs.org/rettime set size:undefined disposed:false
591 silly fetch manifest fetch-blob@^3.1.4
592 silly packumentCache full:https://registry.npmjs.org/fetch-blob cache-miss
593 http fetch GET 200 https://registry.npmjs.org/statuses 207ms (cache miss)
594 silly packumentCache full:https://registry.npmjs.org/statuses set size:undefined disposed:false
595 silly fetch manifest formdata-polyfill@^4.0.10
596 silly packumentCache full:https://registry.npmjs.org/formdata-polyfill cache-miss
597 http fetch GET 200 https://registry.npmjs.org/tough-cookie 226ms (cache miss)
598 silly packumentCache full:https://registry.npmjs.org/tough-cookie set size:undefined disposed:false
599 silly fetch manifest default-browser@^5.4.0
600 silly packumentCache full:https://registry.npmjs.org/default-browser cache-miss
601 http fetch GET 200 https://registry.npmjs.org/until-async 203ms (cache miss)
602 silly packumentCache full:https://registry.npmjs.org/until-async set size:undefined disposed:false
603 silly fetch manifest define-lazy-prop@^3.0.0
604 silly packumentCache full:https://registry.npmjs.org/define-lazy-prop cache-miss
605 http fetch GET 200 https://registry.npmjs.org/@mswjs%2finterceptors 552ms (cache miss)
606 silly packumentCache full:https://registry.npmjs.org/@mswjs%2finterceptors set size:undefined disposed:false
607 silly fetch manifest is-in-ssh@^1.0.0
608 silly packumentCache full:https://registry.npmjs.org/is-in-ssh cache-miss
609 http fetch GET 200 https://registry.npmjs.org/strict-event-emitter 303ms (cache miss)
610 silly packumentCache full:https://registry.npmjs.org/strict-event-emitter set size:undefined disposed:false
611 silly fetch manifest is-inside-container@^1.0.0
612 silly packumentCache full:https://registry.npmjs.org/is-inside-container cache-miss
613 http fetch GET 200 https://registry.npmjs.org/type-fest 305ms (cache miss)
614 silly packumentCache full:https://registry.npmjs.org/type-fest set size:undefined disposed:false
615 silly fetch manifest powershell-utils@^0.1.0
616 silly packumentCache full:https://registry.npmjs.org/powershell-utils cache-miss
617 http fetch GET 200 https://registry.npmjs.org/yargs 277ms (cache miss)
618 silly packumentCache full:https://registry.npmjs.org/yargs set size:undefined disposed:false
619 silly fetch manifest wsl-utils@^0.3.0
620 silly packumentCache full:https://registry.npmjs.org/wsl-utils cache-miss
621 http fetch GET 200 https://registry.npmjs.org/fetch-blob 226ms (cache miss)
622 silly packumentCache full:https://registry.npmjs.org/fetch-blob set size:undefined disposed:false
623 silly fetch manifest chalk@^5.3.0
624 silly packumentCache full:https://registry.npmjs.org/chalk cache-miss
625 http fetch GET 200 https://registry.npmjs.org/formdata-polyfill 224ms (cache miss)
626 silly packumentCache full:https://registry.npmjs.org/formdata-polyfill set size:undefined disposed:false
627 silly fetch manifest cli-cursor@^5.0.0
628 silly packumentCache full:https://registry.npmjs.org/cli-cursor cache-miss
629 http cache https://registry.npmjs.org/chalk 4ms (cache hit)
630 silly packumentCache full:https://registry.npmjs.org/chalk set size:117861 disposed:false
631 silly fetch manifest strip-ansi@^7.1.0
632 silly packumentCache full:https://registry.npmjs.org/strip-ansi cache-miss
633 http fetch GET 200 https://registry.npmjs.org/define-lazy-prop 199ms (cache miss)
634 silly packumentCache full:https://registry.npmjs.org/define-lazy-prop set size:undefined disposed:false
635 silly fetch manifest log-symbols@^6.0.0
636 silly packumentCache full:https://registry.npmjs.org/log-symbols cache-miss
637 http fetch GET 200 https://registry.npmjs.org/default-browser 211ms (cache miss)
638 silly packumentCache full:https://registry.npmjs.org/default-browser set size:undefined disposed:false
639 silly fetch manifest cli-spinners@^2.9.2
640 silly packumentCache full:https://registry.npmjs.org/cli-spinners cache-miss
641 http fetch GET 200 https://registry.npmjs.org/is-in-ssh 200ms (cache miss)
642 silly packumentCache full:https://registry.npmjs.org/is-in-ssh set size:undefined disposed:false
643 silly fetch manifest string-width@^7.2.0
644 silly packumentCache full:https://registry.npmjs.org/string-width cache-miss
645 http fetch GET 200 https://registry.npmjs.org/powershell-utils 200ms (cache miss)
646 silly packumentCache full:https://registry.npmjs.org/powershell-utils set size:undefined disposed:false
647 silly fetch manifest is-interactive@^2.0.0
648 silly packumentCache full:https://registry.npmjs.org/is-interactive cache-miss
649 http fetch GET 200 https://registry.npmjs.org/data-uri-to-buffer 437ms (cache miss)
650 silly packumentCache full:https://registry.npmjs.org/data-uri-to-buffer set size:undefined disposed:false
651 silly fetch manifest stdin-discarder@^0.2.2
652 silly packumentCache full:https://registry.npmjs.org/stdin-discarder cache-miss
653 http fetch GET 200 https://registry.npmjs.org/wsl-utils 204ms (cache miss)
654 silly packumentCache full:https://registry.npmjs.org/wsl-utils set size:undefined disposed:false
655 silly fetch manifest is-unicode-supported@^2.0.0
656 silly packumentCache full:https://registry.npmjs.org/is-unicode-supported cache-miss
657 http fetch GET 200 https://registry.npmjs.org/strip-ansi 213ms (cache miss)
658 silly packumentCache full:https://registry.npmjs.org/strip-ansi set size:undefined disposed:false
659 silly fetch manifest nanoid@^3.3.11
660 silly packumentCache full:https://registry.npmjs.org/nanoid cache-miss
661 http fetch GET 200 https://registry.npmjs.org/cli-cursor 217ms (cache miss)
662 silly packumentCache full:https://registry.npmjs.org/cli-cursor set size:undefined disposed:false
663 silly fetch manifest source-map-js@^1.2.1
664 silly packumentCache full:https://registry.npmjs.org/source-map-js cache-miss
665 http cache https://registry.npmjs.org/nanoid 4ms (cache hit)
666 silly packumentCache full:https://registry.npmjs.org/nanoid set size:310559 disposed:false
667 silly fetch manifest cssesc@^3.0.0
668 silly packumentCache full:https://registry.npmjs.org/cssesc cache-miss
669 http cache https://registry.npmjs.org/source-map-js 7ms (cache hit)
670 silly packumentCache full:https://registry.npmjs.org/source-map-js set size:62640 disposed:false
671 silly fetch manifest util-deprecate@^1.0.2
672 silly packumentCache full:https://registry.npmjs.org/util-deprecate cache-miss
673 http fetch GET 200 https://registry.npmjs.org/log-symbols 203ms (cache miss)
674 silly packumentCache full:https://registry.npmjs.org/log-symbols set size:undefined disposed:false
675 silly fetch manifest kleur@^3.0.3
676 silly packumentCache full:https://registry.npmjs.org/kleur cache-miss
677 http cache https://registry.npmjs.org/kleur 2ms (cache hit)
678 silly packumentCache full:https://registry.npmjs.org/kleur set size:61853 disposed:false
679 silly fetch manifest sisteransi@^1.0.5
680 silly packumentCache full:https://registry.npmjs.org/sisteransi cache-miss
681 http fetch GET 200 https://registry.npmjs.org/cli-spinners 217ms (cache miss)
682 silly packumentCache full:https://registry.npmjs.org/cli-spinners set size:undefined disposed:false
683 silly fetch manifest ast-types@^0.16.1
684 silly packumentCache full:https://registry.npmjs.org/ast-types cache-miss
685 http fetch GET 200 https://registry.npmjs.org/is-interactive 200ms (cache miss)
686 silly packumentCache full:https://registry.npmjs.org/is-interactive set size:undefined disposed:false
687 silly fetch manifest esprima@~4.0.0
688 silly packumentCache full:https://registry.npmjs.org/esprima cache-miss
689 http fetch GET 200 https://registry.npmjs.org/stdin-discarder 201ms (cache miss)
690 silly packumentCache full:https://registry.npmjs.org/stdin-discarder set size:undefined disposed:false
691 silly fetch manifest source-map@~0.6.1
692 silly packumentCache full:https://registry.npmjs.org/source-map cache-miss
693 http fetch GET 200 https://registry.npmjs.org/is-unicode-supported 206ms (cache miss)
694 silly packumentCache full:https://registry.npmjs.org/is-unicode-supported set size:undefined disposed:false
695 silly fetch manifest tiny-invariant@^1.3.3
696 silly packumentCache full:https://registry.npmjs.org/tiny-invariant cache-miss
697 http cache https://registry.npmjs.org/tiny-invariant 2ms (cache hit)
698 silly packumentCache full:https://registry.npmjs.org/tiny-invariant set size:98310 disposed:false
699 silly fetch manifest tslib@^2.0.1
700 silly packumentCache full:https://registry.npmjs.org/tslib cache-miss
701 http cache https://registry.npmjs.org/tslib 2ms (cache hit)
702 silly packumentCache full:https://registry.npmjs.org/tslib set size:108760 disposed:false
703 silly fetch manifest is-obj@^3.0.0
704 silly packumentCache full:https://registry.npmjs.org/is-obj cache-miss
705 http fetch GET 200 https://registry.npmjs.org/cssesc 206ms (cache miss)
706 silly packumentCache full:https://registry.npmjs.org/cssesc set size:undefined disposed:false
707 silly fetch manifest is-regexp@^3.1.0
708 silly packumentCache full:https://registry.npmjs.org/is-regexp cache-miss
709 http fetch GET 200 https://registry.npmjs.org/util-deprecate 212ms (cache miss)
710 silly packumentCache full:https://registry.npmjs.org/util-deprecate set size:undefined disposed:false
711 silly fetch manifest get-own-enumerable-keys@^1.0.0
712 silly packumentCache full:https://registry.npmjs.org/get-own-enumerable-keys cache-miss
713 http fetch GET 200 https://registry.npmjs.org/sisteransi 203ms (cache miss)
714 silly packumentCache full:https://registry.npmjs.org/sisteransi set size:undefined disposed:false
715 silly fetch manifest @ts-morph/common@~0.27.0
716 silly packumentCache full:https://registry.npmjs.org/@ts-morph%2fcommon cache-miss
717 http fetch GET 200 https://registry.npmjs.org/string-width 438ms (cache miss)
718 silly packumentCache full:https://registry.npmjs.org/string-width set size:undefined disposed:false
719 silly fetch manifest code-block-writer@^13.0.3
720 silly packumentCache full:https://registry.npmjs.org/code-block-writer cache-miss
721 http fetch GET 200 https://registry.npmjs.org/ast-types 262ms (cache miss)
722 silly packumentCache full:https://registry.npmjs.org/ast-types set size:undefined disposed:false
723 silly fetch manifest json5@^2.2.2
724 silly packumentCache full:https://registry.npmjs.org/json5 cache-hit
725 silly fetch manifest minimist@^1.2.6
726 silly packumentCache full:https://registry.npmjs.org/minimist cache-miss
727 http cache https://registry.npmjs.org/minimist 3ms (cache hit)
728 silly packumentCache full:https://registry.npmjs.org/minimist set size:77063 disposed:false
729 silly fetch manifest strip-bom@^3.0.0
730 silly packumentCache full:https://registry.npmjs.org/strip-bom cache-miss
731 http cache https://registry.npmjs.org/strip-bom 2ms (cache hit)
732 silly packumentCache full:https://registry.npmjs.org/strip-bom set size:19359 disposed:false
733 http fetch GET 200 https://registry.npmjs.org/esprima 208ms (cache miss)
734 silly packumentCache full:https://registry.npmjs.org/esprima set size:undefined disposed:false
735 http fetch GET 200 https://registry.npmjs.org/source-map 220ms (cache miss)
736 silly packumentCache full:https://registry.npmjs.org/source-map set size:undefined disposed:false
737 http fetch GET 200 https://registry.npmjs.org/is-obj 207ms (cache miss)
738 silly packumentCache full:https://registry.npmjs.org/is-obj set size:undefined disposed:false
739 http fetch GET 200 https://registry.npmjs.org/is-regexp 207ms (cache miss)
740 silly packumentCache full:https://registry.npmjs.org/is-regexp set size:undefined disposed:false
741 http fetch GET 200 https://registry.npmjs.org/get-own-enumerable-keys 206ms (cache miss)
742 silly packumentCache full:https://registry.npmjs.org/get-own-enumerable-keys set size:undefined disposed:false
743 http fetch GET 200 https://registry.npmjs.org/is-inside-container 786ms (cache miss)
744 silly packumentCache full:https://registry.npmjs.org/is-inside-container set size:undefined disposed:false
745 http fetch GET 200 https://registry.npmjs.org/@ts-morph%2fcommon 229ms (cache miss)
746 silly packumentCache full:https://registry.npmjs.org/@ts-morph%2fcommon set size:undefined disposed:false
747 http fetch GET 200 https://registry.npmjs.org/code-block-writer 243ms (cache miss)
748 silly packumentCache full:https://registry.npmjs.org/code-block-writer set size:undefined disposed:false
749 silly fetch manifest @babel/core@^7.0.0
750 silly packumentCache full:https://registry.npmjs.org/@babel%2fcore cache-hit
751 silly placeDep ROOT @babel/code-frame@7.29.0 OK for: @babel/core@7.29.0 want: ^7.29.0
752 silly placeDep ROOT @babel/generator@7.29.1 OK for: @babel/core@7.29.0 want: ^7.29.0
753 silly placeDep ROOT @babel/helper-compilation-targets@7.28.6 OK for: @babel/core@7.29.0 want: ^7.28.6
754 silly placeDep ROOT @babel/helper-module-transforms@7.28.6 OK for: @babel/core@7.29.0 want: ^7.28.6
755 silly placeDep ROOT @babel/helpers@7.29.2 OK for: @babel/core@7.29.0 want: ^7.28.6
756 silly placeDep ROOT @babel/template@7.28.6 OK for: @babel/core@7.29.0 want: ^7.28.6
757 silly placeDep ROOT @babel/traverse@7.29.0 OK for: @babel/core@7.29.0 want: ^7.29.0
758 silly placeDep ROOT @babel/types@7.29.0 OK for: @babel/core@7.29.0 want: ^7.29.0
759 silly placeDep ROOT @jridgewell/remapping@2.3.5 OK for: @babel/core@7.29.0 want: ^2.3.5
760 silly placeDep ROOT convert-source-map@2.0.0 OK for: @babel/core@7.29.0 want: ^2.0.0
761 silly placeDep ROOT debug@4.4.3 OK for: @babel/core@7.29.0 want: ^4.1.0
762 silly placeDep ROOT gensync@1.0.0-beta.2 OK for: @babel/core@7.29.0 want: ^1.0.0-beta.2
763 silly placeDep ROOT json5@2.2.3 OK for: @babel/core@7.29.0 want: ^2.2.3
764 silly placeDep ROOT semver@6.3.1 OK for: @babel/core@7.29.0 want: ^6.3.1
765 silly fetch manifest js-tokens@^4.0.0
766 silly packumentCache full:https://registry.npmjs.org/js-tokens cache-miss
767 silly fetch manifest @babel/helper-validator-identifier@^7.28.5
768 silly packumentCache full:https://registry.npmjs.org/@babel%2fhelper-validator-identifier cache-miss
769 silly fetch manifest jsesc@^3.0.2
770 silly packumentCache full:https://registry.npmjs.org/jsesc cache-miss
771 silly fetch manifest @jridgewell/gen-mapping@^0.3.12
772 silly packumentCache full:https://registry.npmjs.org/@jridgewell%2fgen-mapping cache-miss
773 silly fetch manifest @jridgewell/trace-mapping@^0.3.28
774 silly packumentCache full:https://registry.npmjs.org/@jridgewell%2ftrace-mapping cache-miss
775 silly fetch manifest lru-cache@^5.1.1
776 silly packumentCache full:https://registry.npmjs.org/lru-cache cache-miss
777 silly fetch manifest @babel/compat-data@^7.28.6
778 silly packumentCache full:https://registry.npmjs.org/@babel%2fcompat-data cache-miss
779 silly fetch manifest @babel/traverse@^7.28.6
780 silly packumentCache full:https://registry.npmjs.org/@babel%2ftraverse cache-hit
781 silly fetch manifest @babel/helper-module-imports@^7.28.6
782 silly packumentCache full:https://registry.npmjs.org/@babel%2fhelper-module-imports cache-miss
783 silly fetch manifest @babel/helper-validator-identifier@^7.28.5
784 silly packumentCache full:https://registry.npmjs.org/@babel%2fhelper-validator-identifier cache-miss
785 http cache https://registry.npmjs.org/js-tokens 6ms (cache hit)
786 silly packumentCache full:https://registry.npmjs.org/js-tokens set size:41947 disposed:false
787 silly fetch manifest @babel/types@^7.28.6
788 silly packumentCache full:https://registry.npmjs.org/@babel%2ftypes cache-hit
789 silly fetch manifest debug@^4.3.1
790 silly packumentCache full:https://registry.npmjs.org/debug cache-hit
791 silly fetch manifest @babel/helper-globals@^7.28.0
792 silly packumentCache full:https://registry.npmjs.org/@babel%2fhelper-globals cache-miss
793 http cache https://registry.npmjs.org/jsesc 7ms (cache hit)
794 silly packumentCache full:https://registry.npmjs.org/jsesc set size:61512 disposed:false
795 silly fetch manifest @babel/helper-string-parser@^7.27.1
796 silly packumentCache full:https://registry.npmjs.org/@babel%2fhelper-string-parser cache-miss
797 http cache https://registry.npmjs.org/lru-cache 9ms (cache hit)
798 silly packumentCache full:https://registry.npmjs.org/lru-cache set size:443567 disposed:false
799 silly fetch manifest @babel/helper-validator-identifier@^7.28.5
800 silly packumentCache full:https://registry.npmjs.org/@babel%2fhelper-validator-identifier cache-miss
801 http cache https://registry.npmjs.org/@jridgewell%2fgen-mapping 12ms (cache hit)
802 silly packumentCache full:https://registry.npmjs.org/@jridgewell%2fgen-mapping set size:80719 disposed:false
803 silly fetch manifest @jridgewell/gen-mapping@^0.3.5
804 silly packumentCache full:https://registry.npmjs.org/@jridgewell%2fgen-mapping cache-hit
805 silly fetch manifest @jridgewell/trace-mapping@^0.3.24
806 silly packumentCache full:https://registry.npmjs.org/@jridgewell%2ftrace-mapping cache-miss
807 http cache https://registry.npmjs.org/@jridgewell%2ftrace-mapping 13ms (cache hit)
808 silly packumentCache full:https://registry.npmjs.org/@jridgewell%2ftrace-mapping set size:170909 disposed:false
809 silly fetch manifest ms@^2.1.3
810 silly packumentCache full:https://registry.npmjs.org/ms cache-miss
811 http cache https://registry.npmjs.org/@babel%2fhelper-validator-identifier 12ms (cache hit)
812 silly packumentCache full:https://registry.npmjs.org/@babel%2fhelper-validator-identifier set size:118123 disposed:false
813 http cache https://registry.npmjs.org/@babel%2fhelper-validator-identifier 15ms (cache hit)
814 silly packumentCache full:https://registry.npmjs.org/@babel%2fhelper-validator-identifier set size:118123 disposed:false
815 silly packumentCache full:https://registry.npmjs.org/@babel%2fhelper-validator-identifier dispose
816 http cache https://registry.npmjs.org/@babel%2fhelper-module-imports 14ms (cache hit)
817 silly packumentCache full:https://registry.npmjs.org/@babel%2fhelper-module-imports set size:195374 disposed:false
818 http cache https://registry.npmjs.org/@babel%2fcompat-data 16ms (cache hit)
819 silly packumentCache full:https://registry.npmjs.org/@babel%2fcompat-data set size:309863 disposed:false
820 http cache https://registry.npmjs.org/@babel%2fhelper-string-parser 12ms (cache hit)
821 silly packumentCache full:https://registry.npmjs.org/@babel%2fhelper-string-parser set size:83846 disposed:false
822 http cache https://registry.npmjs.org/@jridgewell%2ftrace-mapping 8ms (cache hit)
823 silly packumentCache full:https://registry.npmjs.org/@jridgewell%2ftrace-mapping set size:170909 disposed:false
824 silly packumentCache full:https://registry.npmjs.org/@jridgewell%2ftrace-mapping dispose
825 http cache https://registry.npmjs.org/@babel%2fhelper-validator-identifier 9ms (cache hit)
826 silly packumentCache full:https://registry.npmjs.org/@babel%2fhelper-validator-identifier set size:118123 disposed:true
827 silly packumentCache full:https://registry.npmjs.org/@babel%2fhelper-validator-identifier dispose
828 http cache https://registry.npmjs.org/ms 8ms (cache hit)
829 silly packumentCache full:https://registry.npmjs.org/ms set size:92208 disposed:false
830 http cache https://registry.npmjs.org/@babel%2fhelper-globals 16ms (cache hit)
831 silly packumentCache full:https://registry.npmjs.org/@babel%2fhelper-globals set size:17325 disposed:false
832 silly placeDep ROOT @babel/helper-validator-identifier@7.28.5 OK for: @babel/code-frame@7.29.0 want: ^7.28.5
833 silly placeDep ROOT js-tokens@4.0.0 OK for: @babel/code-frame@7.29.0 want: ^4.0.0
834 silly placeDep ROOT picocolors@1.1.1 OK for: @babel/code-frame@7.29.0 want: ^1.1.1
835 silly placeDep ROOT @jridgewell/gen-mapping@0.3.13 OK for: @babel/generator@7.29.1 want: ^0.3.12
836 silly placeDep ROOT @jridgewell/trace-mapping@0.3.31 OK for: @babel/generator@7.29.1 want: ^0.3.28
837 silly placeDep ROOT jsesc@3.1.0 OK for: @babel/generator@7.29.1 want: ^3.0.2
838 silly fetch manifest @jridgewell/sourcemap-codec@^1.5.0
839 silly packumentCache full:https://registry.npmjs.org/@jridgewell%2fsourcemap-codec cache-miss
840 silly fetch manifest @jridgewell/resolve-uri@^3.1.0
841 silly packumentCache full:https://registry.npmjs.org/@jridgewell%2fresolve-uri cache-miss
842 silly fetch manifest @jridgewell/sourcemap-codec@^1.4.14
843 silly packumentCache full:https://registry.npmjs.org/@jridgewell%2fsourcemap-codec cache-miss
844 http cache https://registry.npmjs.org/@jridgewell%2fsourcemap-codec 9ms (cache hit)
845 silly packumentCache full:https://registry.npmjs.org/@jridgewell%2fsourcemap-codec set size:59275 disposed:false
846 http cache https://registry.npmjs.org/@jridgewell%2fsourcemap-codec 11ms (cache hit)
847 silly packumentCache full:https://registry.npmjs.org/@jridgewell%2fsourcemap-codec set size:59275 disposed:false
848 silly packumentCache full:https://registry.npmjs.org/@jridgewell%2fsourcemap-codec dispose
849 http cache https://registry.npmjs.org/@jridgewell%2fresolve-uri 11ms (cache hit)
850 silly packumentCache full:https://registry.npmjs.org/@jridgewell%2fresolve-uri set size:57361 disposed:false
851 silly placeDep ROOT @babel/compat-data@7.29.3 OK for: @babel/helper-compilation-targets@7.28.6 want: ^7.28.6
852 silly placeDep ROOT @babel/helper-validator-option@7.27.1 OK for: @babel/helper-compilation-targets@7.28.6 want: ^7.27.1
853 silly placeDep ROOT lru-cache@5.1.1 OK for: @babel/helper-compilation-targets@7.28.6 want: ^5.1.1
854 silly fetch manifest yallist@^3.0.2
855 silly packumentCache full:https://registry.npmjs.org/yallist cache-miss
856 http cache https://registry.npmjs.org/yallist 1ms (cache hit)
857 silly packumentCache full:https://registry.npmjs.org/yallist set size:34610 disposed:false
858 silly placeDep ROOT @babel/helper-module-imports@7.28.6 OK for: @babel/helper-module-transforms@7.28.6 want: ^7.28.6
859 silly fetch manifest @babel/core@^7.0.0-0
860 silly packumentCache full:https://registry.npmjs.org/@babel%2fcore cache-hit
861 silly placeDep ROOT @babel/helper-annotate-as-pure@7.27.3 OK for: @babel/plugin-transform-typescript@7.28.6 want: ^7.27.3
862 silly placeDep ROOT @babel/helper-create-class-features-plugin@7.29.3 OK for: @babel/plugin-transform-typescript@7.28.6 want: ^7.28.6
863 silly placeDep ROOT @babel/helper-plugin-utils@7.28.6 OK for: @babel/plugin-transform-typescript@7.28.6 want: ^7.28.6
864 silly placeDep ROOT @babel/helper-skip-transparent-expression-wrappers@7.27.1 OK for: @babel/plugin-transform-typescript@7.28.6 want: ^7.27.1
865 silly placeDep ROOT @babel/plugin-syntax-typescript@7.28.6 OK for: @babel/plugin-transform-typescript@7.28.6 want: ^7.28.6
866 silly fetch manifest @babel/helper-member-expression-to-functions@^7.28.5
867 silly packumentCache full:https://registry.npmjs.org/@babel%2fhelper-member-expression-to-functions cache-miss
868 silly fetch manifest @babel/helper-optimise-call-expression@^7.27.1
869 silly packumentCache full:https://registry.npmjs.org/@babel%2fhelper-optimise-call-expression cache-miss
870 silly fetch manifest @babel/helper-replace-supers@^7.28.6
871 silly packumentCache full:https://registry.npmjs.org/@babel%2fhelper-replace-supers cache-miss
872 http fetch GET 200 https://registry.npmjs.org/@babel%2fhelper-member-expression-to-functions 248ms (cache miss)
873 silly packumentCache full:https://registry.npmjs.org/@babel%2fhelper-member-expression-to-functions set size:undefined disposed:false
874 http fetch GET 200 https://registry.npmjs.org/@babel%2fhelper-replace-supers 257ms (cache miss)
875 silly packumentCache full:https://registry.npmjs.org/@babel%2fhelper-replace-supers set size:undefined disposed:false
876 http fetch GET 200 https://registry.npmjs.org/@babel%2fhelper-optimise-call-expression 261ms (cache miss)
877 silly packumentCache full:https://registry.npmjs.org/@babel%2fhelper-optimise-call-expression set size:undefined disposed:false
878 silly placeDep ROOT @babel/helper-member-expression-to-functions@7.28.5 OK for: @babel/helper-create-class-features-plugin@7.29.3 want: ^7.28.5
879 silly placeDep ROOT @babel/helper-optimise-call-expression@7.27.1 OK for: @babel/helper-create-class-features-plugin@7.29.3 want: ^7.27.1
880 silly placeDep ROOT @babel/helper-replace-supers@7.28.6 OK for: @babel/helper-create-class-features-plugin@7.29.3 want: ^7.28.6
881 silly placeDep ROOT @babel/plugin-syntax-jsx@7.28.6 OK for: @babel/preset-typescript@7.28.5 want: ^7.27.1
882 silly placeDep ROOT @babel/plugin-transform-modules-commonjs@7.28.6 OK for: @babel/preset-typescript@7.28.5 want: ^7.27.1
883 silly placeDep ROOT @babel/helper-globals@7.28.0 OK for: @babel/traverse@7.29.0 want: ^7.28.0
884 silly placeDep ROOT @babel/helper-string-parser@7.27.1 OK for: @babel/types@7.29.0 want: ^7.27.1
885 silly placeDep node_modules/@dotenvx/dotenvx commander@11.1.0 OK for: @dotenvx/dotenvx@1.65.0 want: ^11.1.0
886 silly placeDep ROOT dotenv@17.4.2 OK for: @dotenvx/dotenvx@1.65.0 want: ^17.2.1
887 silly placeDep ROOT eciesjs@0.4.18 OK for: @dotenvx/dotenvx@1.65.0 want: ^0.4.10
888 silly placeDep node_modules/@dotenvx/dotenvx execa@5.1.1 OK for: @dotenvx/dotenvx@1.65.0 want: ^5.1.1
889 silly placeDep ROOT fdir@6.5.0 OK for: @dotenvx/dotenvx@1.65.0 want: ^6.2.0
890 silly placeDep ROOT ignore@5.3.2 OK for: @dotenvx/dotenvx@1.65.0 want: ^5.3.0
891 silly placeDep ROOT object-treeify@1.1.33 OK for: @dotenvx/dotenvx@1.65.0 want: 1.1.33
892 silly placeDep ROOT picomatch@4.0.4 OK for: @dotenvx/dotenvx@1.65.0 want: ^4.0.4
893 silly placeDep ROOT which@4.0.0 OK for: @dotenvx/dotenvx@1.65.0 want: ^4.0.0
894 silly placeDep ROOT yocto-spinner@1.2.0 OK for: @dotenvx/dotenvx@1.65.0 want: ^1.1.0
895 silly fetch manifest @noble/curves@^1.9.7
896 silly packumentCache full:https://registry.npmjs.org/@noble%2fcurves cache-miss
897 silly fetch manifest @noble/hashes@^1.8.0
898 silly packumentCache full:https://registry.npmjs.org/@noble%2fhashes cache-miss
899 silly fetch manifest @ecies/ciphers@^0.2.5
900 silly packumentCache full:https://registry.npmjs.org/@ecies%2fciphers cache-miss
901 silly fetch manifest @noble/ciphers@^1.3.0
902 silly packumentCache full:https://registry.npmjs.org/@noble%2fciphers cache-miss
903 silly fetch manifest onetime@^5.1.2
904 silly packumentCache full:https://registry.npmjs.org/onetime cache-miss
905 silly fetch manifest is-stream@^2.0.0
906 silly packumentCache full:https://registry.npmjs.org/is-stream cache-miss
907 silly fetch manifest get-stream@^6.0.0
908 silly packumentCache full:https://registry.npmjs.org/get-stream cache-miss
909 silly fetch manifest cross-spawn@^7.0.3
910 silly packumentCache full:https://registry.npmjs.org/cross-spawn cache-hit
911 silly fetch manifest signal-exit@^3.0.3
912 silly packumentCache full:https://registry.npmjs.org/signal-exit cache-miss
913 silly fetch manifest merge-stream@^2.0.0
914 silly packumentCache full:https://registry.npmjs.org/merge-stream cache-miss
915 http cache https://registry.npmjs.org/get-stream 4ms (cache hit)
916 silly packumentCache full:https://registry.npmjs.org/get-stream set size:57536 disposed:false
917 silly fetch manifest npm-run-path@^4.0.1
918 silly packumentCache full:https://registry.npmjs.org/npm-run-path cache-miss
919 http cache https://registry.npmjs.org/is-stream 5ms (cache hit)
920 silly packumentCache full:https://registry.npmjs.org/is-stream set size:18582 disposed:false
921 silly fetch manifest human-signals@^2.1.0
922 silly packumentCache full:https://registry.npmjs.org/human-signals cache-miss
923 http cache https://registry.npmjs.org/signal-exit 5ms (cache hit)
924 silly packumentCache full:https://registry.npmjs.org/signal-exit set size:53489 disposed:false
925 silly fetch manifest strip-final-newline@^2.0.0
926 silly packumentCache full:https://registry.npmjs.org/strip-final-newline cache-miss
927 http cache https://registry.npmjs.org/npm-run-path 3ms (cache hit)
928 silly packumentCache full:https://registry.npmjs.org/npm-run-path set size:33596 disposed:false
929 silly fetch manifest isexe@^3.1.1
930 silly packumentCache full:https://registry.npmjs.org/isexe cache-miss
931 http cache https://registry.npmjs.org/human-signals 2ms (cache hit)
932 silly packumentCache full:https://registry.npmjs.org/human-signals set size:47322 disposed:false
933 http cache https://registry.npmjs.org/strip-final-newline 2ms (cache hit)
934 silly packumentCache full:https://registry.npmjs.org/strip-final-newline set size:9328 disposed:false
935 http cache https://registry.npmjs.org/isexe 2ms (cache hit)
936 silly packumentCache full:https://registry.npmjs.org/isexe set size:31756 disposed:false
937 http fetch GET 200 https://registry.npmjs.org/merge-stream 206ms (cache miss)
938 silly packumentCache full:https://registry.npmjs.org/merge-stream set size:undefined disposed:false
939 http fetch GET 200 https://registry.npmjs.org/onetime 209ms (cache miss)
940 silly packumentCache full:https://registry.npmjs.org/onetime set size:undefined disposed:false
941 http fetch GET 200 https://registry.npmjs.org/@ecies%2fciphers 237ms (cache miss)
942 silly packumentCache full:https://registry.npmjs.org/@ecies%2fciphers set size:undefined disposed:false
943 http fetch GET 200 https://registry.npmjs.org/@noble%2fcurves 254ms (cache miss)
944 silly packumentCache full:https://registry.npmjs.org/@noble%2fcurves set size:undefined disposed:false
945 http fetch GET 200 https://registry.npmjs.org/@noble%2fhashes 270ms (cache miss)
946 silly packumentCache full:https://registry.npmjs.org/@noble%2fhashes set size:undefined disposed:false
947 http fetch GET 200 https://registry.npmjs.org/@noble%2fciphers 334ms (cache miss)
948 silly packumentCache full:https://registry.npmjs.org/@noble%2fciphers set size:undefined disposed:false
949 silly placeDep ROOT @jridgewell/sourcemap-codec@1.5.5 OK for: @jridgewell/gen-mapping@0.3.13 want: ^1.5.0
950 silly placeDep ROOT @jridgewell/resolve-uri@3.1.2 OK for: @jridgewell/trace-mapping@0.3.31 want: ^3.1.0
951 silly placeDep ROOT @hono/node-server@1.19.14 OK for: @modelcontextprotocol/sdk@1.29.0 want: ^1.19.9
952 silly placeDep ROOT hono@4.12.18 OK for: @hono/node-server@1.19.14 want: ^4
953 silly placeDep ROOT ajv@8.20.0 OK for: @modelcontextprotocol/sdk@1.29.0 want: ^8.17.1
954 silly placeDep ROOT ajv-formats@3.0.1 OK for: @modelcontextprotocol/sdk@1.29.0 want: ^3.0.1
955 silly placeDep ROOT content-type@1.0.5 OK for: @modelcontextprotocol/sdk@1.29.0 want: ^1.0.5
956 silly placeDep ROOT cors@2.8.6 OK for: @modelcontextprotocol/sdk@1.29.0 want: ^2.8.5
957 silly placeDep ROOT cross-spawn@7.0.6 OK for: @modelcontextprotocol/sdk@1.29.0 want: ^7.0.5
958 silly placeDep ROOT eventsource@3.0.7 OK for: @modelcontextprotocol/sdk@1.29.0 want: ^3.0.2
959 silly placeDep ROOT eventsource-parser@3.0.8 OK for: @modelcontextprotocol/sdk@1.29.0 want: ^3.0.0
960 silly placeDep ROOT express@5.2.1 OK for: @modelcontextprotocol/sdk@1.29.0 want: ^5.2.1
961 silly placeDep ROOT express-rate-limit@8.5.1 OK for: @modelcontextprotocol/sdk@1.29.0 want: ^8.2.1
962 silly placeDep ROOT jose@6.2.3 OK for: @modelcontextprotocol/sdk@1.29.0 want: ^6.1.3
963 silly placeDep ROOT json-schema-typed@8.0.2 OK for: @modelcontextprotocol/sdk@1.29.0 want: ^8.0.2
964 silly placeDep ROOT pkce-challenge@5.0.1 OK for: @modelcontextprotocol/sdk@1.29.0 want: ^5.0.0
965 silly placeDep ROOT raw-body@3.0.2 OK for: @modelcontextprotocol/sdk@1.29.0 want: ^3.0.0
966 silly fetch manifest fast-deep-equal@^3.1.3
967 silly packumentCache full:https://registry.npmjs.org/fast-deep-equal cache-miss
968 silly fetch manifest fast-uri@^3.0.1
969 silly packumentCache full:https://registry.npmjs.org/fast-uri cache-miss
970 silly fetch manifest json-schema-traverse@^1.0.0
971 silly packumentCache full:https://registry.npmjs.org/json-schema-traverse cache-miss
972 silly fetch manifest require-from-string@^2.0.2
973 silly packumentCache full:https://registry.npmjs.org/require-from-string cache-miss
974 silly fetch manifest object-assign@^4
975 silly packumentCache full:https://registry.npmjs.org/object-assign cache-miss
976 silly fetch manifest vary@^1
977 silly packumentCache full:https://registry.npmjs.org/vary cache-miss
978 silly fetch manifest which@^2.0.1
979 silly packumentCache full:https://registry.npmjs.org/which cache-hit
980 silly fetch manifest path-key@^3.1.0
981 silly packumentCache full:https://registry.npmjs.org/path-key cache-miss
982 silly fetch manifest shebang-command@^2.0.0
983 silly packumentCache full:https://registry.npmjs.org/shebang-command cache-miss
984 silly fetch manifest eventsource-parser@^3.0.1
985 silly packumentCache full:https://registry.npmjs.org/eventsource-parser cache-miss
986 http cache https://registry.npmjs.org/eventsource-parser 3ms (cache hit)
987 silly packumentCache full:https://registry.npmjs.org/eventsource-parser set size:72949 disposed:false
988 silly fetch manifest qs@^6.14.0
989 silly packumentCache full:https://registry.npmjs.org/qs cache-miss
990 http cache https://registry.npmjs.org/fast-deep-equal 8ms (cache hit)
991 silly packumentCache full:https://registry.npmjs.org/fast-deep-equal set size:48634 disposed:false
992 silly fetch manifest depd@^2.0.0
993 silly packumentCache full:https://registry.npmjs.org/depd cache-miss
994 http cache https://registry.npmjs.org/json-schema-traverse 8ms (cache hit)
995 silly packumentCache full:https://registry.npmjs.org/json-schema-traverse set size:23537 disposed:false
996 silly fetch manifest etag@^1.8.1
997 silly packumentCache full:https://registry.npmjs.org/etag cache-miss
998 http cache https://registry.npmjs.org/object-assign 9ms (cache hit)
999 silly packumentCache full:https://registry.npmjs.org/object-assign set size:28988 disposed:false
1000 silly fetch manifest once@^1.4.0
1001 silly packumentCache full:https://registry.npmjs.org/once cache-miss
1002 http cache https://registry.npmjs.org/shebang-command 11ms (cache hit)
1003 silly packumentCache full:https://registry.npmjs.org/shebang-command set size:8525 disposed:false
1004 silly fetch manifest send@^1.1.0
1005 silly packumentCache full:https://registry.npmjs.org/send cache-miss
1006 http cache https://registry.npmjs.org/path-key 12ms (cache hit)
1007 silly packumentCache full:https://registry.npmjs.org/path-key set size:16975 disposed:false
1008 silly fetch manifest vary@^1.1.2
1009 silly packumentCache full:https://registry.npmjs.org/vary cache-miss
1010 http fetch GET 200 https://registry.npmjs.org/vary 206ms (cache miss)
1011 silly packumentCache full:https://registry.npmjs.org/vary set size:undefined disposed:false
1012 silly fetch manifest fresh@^2.0.0
1013 silly packumentCache full:https://registry.npmjs.org/fresh cache-miss
1014 http fetch GET 200 https://registry.npmjs.org/require-from-string 208ms (cache miss)
1015 silly packumentCache full:https://registry.npmjs.org/require-from-string set size:undefined disposed:false
1016 silly fetch manifest cookie@^0.7.1
1017 silly packumentCache full:https://registry.npmjs.org/cookie cache-hit
1018 silly fetch manifest router@^2.2.0
1019 silly packumentCache full:https://registry.npmjs.org/router cache-miss
1020 http fetch GET 200 https://registry.npmjs.org/once 213ms (cache miss)
1021 silly packumentCache full:https://registry.npmjs.org/once set size:undefined disposed:false
1022 silly fetch manifest accepts@^2.0.0
1023 silly packumentCache full:https://registry.npmjs.org/accepts cache-miss
1024 http fetch GET 200 https://registry.npmjs.org/depd 218ms (cache miss)
1025 silly packumentCache full:https://registry.npmjs.org/depd set size:undefined disposed:false
1026 silly fetch manifest type-is@^2.0.1
1027 silly packumentCache full:https://registry.npmjs.org/type-is cache-miss
1028 http fetch GET 200 https://registry.npmjs.org/etag 219ms (cache miss)
1029 silly packumentCache full:https://registry.npmjs.org/etag set size:undefined disposed:false
1030 silly fetch manifest parseurl@^1.3.3
1031 silly packumentCache full:https://registry.npmjs.org/parseurl cache-miss
1032 http fetch GET 200 https://registry.npmjs.org/send 221ms (cache miss)
1033 silly packumentCache full:https://registry.npmjs.org/send set size:undefined disposed:false
1034 silly fetch manifest statuses@^2.0.1
1035 silly packumentCache full:https://registry.npmjs.org/statuses cache-miss
1036 http cache https://registry.npmjs.org/statuses 1ms (cache hit)
1037 silly packumentCache full:https://registry.npmjs.org/statuses set size:37117 disposed:false
1038 silly fetch manifest encodeurl@^2.0.0
1039 silly packumentCache full:https://registry.npmjs.org/encodeurl cache-miss
1040 http fetch GET 200 https://registry.npmjs.org/qs 243ms (cache miss)
1041 silly packumentCache full:https://registry.npmjs.org/qs set size:undefined disposed:false
1042 silly fetch manifest mime-types@^3.0.0
1043 silly packumentCache full:https://registry.npmjs.org/mime-types cache-miss
1044 http fetch GET 200 https://registry.npmjs.org/fresh 209ms (cache miss)
1045 silly packumentCache full:https://registry.npmjs.org/fresh set size:undefined disposed:false
1046 silly fetch manifest proxy-addr@^2.0.7
1047 silly packumentCache full:https://registry.npmjs.org/proxy-addr cache-miss
1048 http fetch GET 200 https://registry.npmjs.org/accepts 210ms (cache miss)
1049 silly packumentCache full:https://registry.npmjs.org/accepts set size:undefined disposed:false
1050 silly fetch manifest body-parser@^2.2.1
1051 silly packumentCache full:https://registry.npmjs.org/body-parser cache-miss
1052 http fetch GET 200 https://registry.npmjs.org/parseurl 214ms (cache miss)
1053 silly packumentCache full:https://registry.npmjs.org/parseurl set size:undefined disposed:false
1054 silly fetch manifest escape-html@^1.0.3
1055 silly packumentCache full:https://registry.npmjs.org/escape-html cache-miss
1056 http fetch GET 200 https://registry.npmjs.org/encodeurl 207ms (cache miss)
1057 silly packumentCache full:https://registry.npmjs.org/encodeurl set size:undefined disposed:false
1058 silly fetch manifest http-errors@^2.0.0
1059 silly packumentCache full:https://registry.npmjs.org/http-errors cache-miss
1060 http fetch GET 200 https://registry.npmjs.org/router 234ms (cache miss)
1061 silly packumentCache full:https://registry.npmjs.org/router set size:undefined disposed:false
1062 silly fetch manifest on-finished@^2.4.1
1063 silly packumentCache full:https://registry.npmjs.org/on-finished cache-miss
1064 http fetch GET 200 https://registry.npmjs.org/vary 443ms (cache miss)
1065 silly packumentCache full:https://registry.npmjs.org/vary set size:undefined disposed:false
1066 silly fetch manifest finalhandler@^2.1.0
1067 silly packumentCache full:https://registry.npmjs.org/finalhandler cache-miss
1068 http fetch GET 200 https://registry.npmjs.org/mime-types 213ms (cache miss)
1069 silly packumentCache full:https://registry.npmjs.org/mime-types set size:undefined disposed:false
1070 silly fetch manifest range-parser@^1.2.1
1071 silly packumentCache full:https://registry.npmjs.org/range-parser cache-miss
1072 http fetch GET 200 https://registry.npmjs.org/proxy-addr 209ms (cache miss)
1073 silly packumentCache full:https://registry.npmjs.org/proxy-addr set size:undefined disposed:false
1074 silly fetch manifest serve-static@^2.2.0
1075 silly packumentCache full:https://registry.npmjs.org/serve-static cache-miss
1076 http fetch GET 200 https://registry.npmjs.org/escape-html 210ms (cache miss)
1077 silly packumentCache full:https://registry.npmjs.org/escape-html set size:undefined disposed:false
1078 silly fetch manifest cookie-signature@^1.2.1
1079 silly packumentCache full:https://registry.npmjs.org/cookie-signature cache-miss
1080 http fetch GET 200 https://registry.npmjs.org/on-finished 210ms (cache miss)
1081 silly packumentCache full:https://registry.npmjs.org/on-finished set size:undefined disposed:false
1082 silly fetch manifest merge-descriptors@^2.0.0
1083 silly packumentCache full:https://registry.npmjs.org/merge-descriptors cache-miss
1084 http fetch GET 200 https://registry.npmjs.org/body-parser 226ms (cache miss)
1085 silly packumentCache full:https://registry.npmjs.org/body-parser set size:undefined disposed:false
1086 silly fetch manifest content-disposition@^1.0.0
1087 silly packumentCache full:https://registry.npmjs.org/content-disposition cache-miss
1088 http fetch GET 200 https://registry.npmjs.org/http-errors 223ms (cache miss)
1089 silly packumentCache full:https://registry.npmjs.org/http-errors set size:undefined disposed:false
1090 silly fetch manifest ip-address@^10.2.0
1091 silly packumentCache full:https://registry.npmjs.org/ip-address cache-miss
1092 http fetch GET 200 https://registry.npmjs.org/range-parser 203ms (cache miss)
1093 silly packumentCache full:https://registry.npmjs.org/range-parser set size:undefined disposed:false
1094 silly fetch manifest bytes@~3.1.2
1095 silly packumentCache full:https://registry.npmjs.org/bytes cache-miss
1096 http fetch GET 200 https://registry.npmjs.org/type-is 447ms (cache miss)
1097 silly packumentCache full:https://registry.npmjs.org/type-is set size:undefined disposed:false
1098 silly fetch manifest unpipe@~1.0.0
1099 silly packumentCache full:https://registry.npmjs.org/unpipe cache-miss
1100 http fetch GET 200 https://registry.npmjs.org/fast-uri 787ms (cache miss)
1101 silly packumentCache full:https://registry.npmjs.org/fast-uri set size:undefined disposed:false
1102 silly fetch manifest iconv-lite@~0.7.0
1103 silly packumentCache full:https://registry.npmjs.org/iconv-lite cache-miss
1104 http fetch GET 200 https://registry.npmjs.org/serve-static 220ms (cache miss)
1105 silly packumentCache full:https://registry.npmjs.org/serve-static set size:undefined disposed:false
1106 silly fetch manifest http-errors@~2.0.1
1107 silly packumentCache full:https://registry.npmjs.org/http-errors cache-miss
1108 http cache https://registry.npmjs.org/http-errors 3ms (cache hit)
1109 silly packumentCache full:https://registry.npmjs.org/http-errors set size:71987 disposed:false
1110 http fetch GET 200 https://registry.npmjs.org/merge-descriptors 204ms (cache miss)
1111 silly packumentCache full:https://registry.npmjs.org/merge-descriptors set size:undefined disposed:false
1112 http fetch GET 200 https://registry.npmjs.org/cookie-signature 216ms (cache miss)
1113 silly packumentCache full:https://registry.npmjs.org/cookie-signature set size:undefined disposed:false
1114 http fetch GET 200 https://registry.npmjs.org/bytes 206ms (cache miss)
1115 silly packumentCache full:https://registry.npmjs.org/bytes set size:undefined disposed:false
1116 http fetch GET 200 https://registry.npmjs.org/unpipe 204ms (cache miss)
1117 silly packumentCache full:https://registry.npmjs.org/unpipe set size:undefined disposed:false
1118 http fetch GET 200 https://registry.npmjs.org/content-disposition 217ms (cache miss)
1119 silly packumentCache full:https://registry.npmjs.org/content-disposition set size:undefined disposed:false
1120 http fetch GET 200 https://registry.npmjs.org/ip-address 258ms (cache miss)
1121 silly packumentCache full:https://registry.npmjs.org/ip-address set size:undefined disposed:false
1122 http fetch GET 200 https://registry.npmjs.org/iconv-lite 224ms (cache miss)
1123 silly packumentCache full:https://registry.npmjs.org/iconv-lite set size:undefined disposed:false
1124 http fetch GET 200 https://registry.npmjs.org/finalhandler 2460ms (cache miss)
1125 silly packumentCache full:https://registry.npmjs.org/finalhandler set size:undefined disposed:false
1126 silly placeDep ROOT fast-deep-equal@3.1.3 OK for: ajv@8.20.0 want: ^3.1.3
1127 silly placeDep ROOT fast-uri@3.1.2 OK for: ajv@8.20.0 want: ^3.0.1
1128 silly placeDep ROOT json-schema-traverse@1.0.0 OK for: ajv@8.20.0 want: ^1.0.0
1129 silly placeDep ROOT require-from-string@2.0.2 OK for: ajv@8.20.0 want: ^2.0.2
1130 silly fetch manifest browserslist@>= 4.21.0
1131 silly packumentCache full:https://registry.npmjs.org/browserslist cache-hit
1132 silly placeDep ROOT baseline-browser-mapping@2.10.27 OK for: browserslist@4.28.2 want: ^2.10.12
1133 silly placeDep ROOT caniuse-lite@1.0.30001792 OK for: browserslist@4.28.2 want: ^1.0.30001782
1134 silly placeDep ROOT electron-to-chromium@1.5.352 OK for: browserslist@4.28.2 want: ^1.5.328
1135 silly placeDep ROOT node-releases@2.0.38 OK for: browserslist@4.28.2 want: ^2.0.36
1136 silly placeDep ROOT update-browserslist-db@1.2.3 OK for: browserslist@4.28.2 want: ^1.2.3
1137 silly fetch manifest escalade@^3.2.0
1138 silly packumentCache full:https://registry.npmjs.org/escalade cache-miss
1139 http cache https://registry.npmjs.org/escalade 2ms (cache hit)
1140 silly packumentCache full:https://registry.npmjs.org/escalade set size:33724 disposed:false
1141 silly placeDep ROOT object-assign@4.1.1 OK for: cors@2.8.6 want: ^4
1142 silly placeDep ROOT vary@1.1.2 OK for: cors@2.8.6 want: ^1
1143 silly placeDep ROOT env-paths@2.2.1 OK for: cosmiconfig@9.0.1 want: ^2.2.1
1144 silly placeDep ROOT import-fresh@3.3.1 OK for: cosmiconfig@9.0.1 want: ^3.3.0
1145 silly placeDep ROOT js-yaml@4.1.1 OK for: cosmiconfig@9.0.1 want: ^4.1.0
1146 silly placeDep ROOT parse-json@5.2.0 OK for: cosmiconfig@9.0.1 want: ^5.2.0
1147 silly fetch manifest resolve-from@^4.0.0
1148 silly packumentCache full:https://registry.npmjs.org/resolve-from cache-miss
1149 silly fetch manifest parent-module@^1.0.0
1150 silly packumentCache full:https://registry.npmjs.org/parent-module cache-miss
1151 silly fetch manifest argparse@^2.0.1
1152 silly packumentCache full:https://registry.npmjs.org/argparse cache-miss
1153 silly fetch manifest error-ex@^1.3.1
1154 silly packumentCache full:https://registry.npmjs.org/error-ex cache-miss
1155 silly fetch manifest lines-and-columns@^1.1.6
1156 silly packumentCache full:https://registry.npmjs.org/lines-and-columns cache-miss
1157 silly fetch manifest json-parse-even-better-errors@^2.3.0
1158 silly packumentCache full:https://registry.npmjs.org/json-parse-even-better-errors cache-miss
1159 http cache https://registry.npmjs.org/parent-module 4ms (cache hit)
1160 silly packumentCache full:https://registry.npmjs.org/parent-module set size:18255 disposed:false
1161 http cache https://registry.npmjs.org/resolve-from 4ms (cache hit)
1162 silly packumentCache full:https://registry.npmjs.org/resolve-from set size:12911 disposed:false
1163 http cache https://registry.npmjs.org/argparse 5ms (cache hit)
1164 silly packumentCache full:https://registry.npmjs.org/argparse set size:49266 disposed:false
1165 http fetch GET 200 https://registry.npmjs.org/lines-and-columns 213ms (cache miss)
1166 silly packumentCache full:https://registry.npmjs.org/lines-and-columns set size:undefined disposed:false
1167 http fetch GET 200 https://registry.npmjs.org/json-parse-even-better-errors 216ms (cache miss)
1168 silly packumentCache full:https://registry.npmjs.org/json-parse-even-better-errors set size:undefined disposed:false
1169 http fetch GET 200 https://registry.npmjs.org/error-ex 221ms (cache miss)
1170 silly packumentCache full:https://registry.npmjs.org/error-ex set size:undefined disposed:false
1171 silly placeDep ROOT path-key@3.1.1 OK for: cross-spawn@7.0.6 want: ^3.1.0
1172 silly placeDep ROOT shebang-command@2.0.0 OK for: cross-spawn@7.0.6 want: ^2.0.0
1173 silly placeDep node_modules/cross-spawn which@2.0.2 OK for: cross-spawn@7.0.6 want: ^2.0.1
1174 silly fetch manifest shebang-regex@^3.0.0
1175 silly packumentCache full:https://registry.npmjs.org/shebang-regex cache-miss
1176 silly fetch manifest isexe@^2.0.0
1177 silly packumentCache full:https://registry.npmjs.org/isexe cache-hit
1178 http cache https://registry.npmjs.org/shebang-regex 2ms (cache hit)
1179 silly packumentCache full:https://registry.npmjs.org/shebang-regex set size:9763 disposed:false
1180 silly placeDep ROOT ms@2.1.3 OK for: debug@4.4.3 want: ^2.1.3
1181 silly placeDep ROOT @ecies/ciphers@0.2.6 OK for: eciesjs@0.4.18 want: ^0.2.5
1182 silly placeDep ROOT @noble/ciphers@1.3.0 OK for: @ecies/ciphers@0.2.6 want: ^1.0.0
1183 silly placeDep ROOT @noble/curves@1.9.7 OK for: eciesjs@0.4.18 want: ^1.9.7
1184 silly placeDep ROOT @noble/hashes@1.8.0 OK for: eciesjs@0.4.18 want: ^1.8.0
1185 silly fetch manifest @noble/hashes@1.8.0
1186 silly packumentCache full:https://registry.npmjs.org/@noble%2fhashes cache-miss
1187 http cache https://registry.npmjs.org/@noble%2fhashes 3ms (cache hit)
1188 silly packumentCache full:https://registry.npmjs.org/@noble%2fhashes set size:217737 disposed:false
1189 silly placeDep ROOT @sindresorhus/merge-streams@4.0.0 OK for: execa@9.6.1 want: ^4.0.0
1190 silly placeDep ROOT figures@6.1.0 OK for: execa@9.6.1 want: ^6.1.0
1191 silly placeDep ROOT get-stream@9.0.1 OK for: execa@9.6.1 want: ^9.0.0
1192 silly placeDep ROOT human-signals@8.0.1 OK for: execa@9.6.1 want: ^8.0.1
1193 silly placeDep ROOT is-plain-obj@4.1.0 OK for: execa@9.6.1 want: ^4.1.0
1194 silly placeDep ROOT is-stream@4.0.1 OK for: execa@9.6.1 want: ^4.0.1
1195 silly placeDep ROOT npm-run-path@6.0.0 OK for: execa@9.6.1 want: ^6.0.0
1196 silly placeDep ROOT pretty-ms@9.3.0 OK for: execa@9.6.1 want: ^9.2.0
1197 silly placeDep ROOT signal-exit@4.1.0 OK for: execa@9.6.1 want: ^4.1.0
1198 silly placeDep ROOT strip-final-newline@4.0.0 OK for: execa@9.6.1 want: ^4.0.0
1199 silly placeDep ROOT yoctocolors@2.1.2 OK for: execa@9.6.1 want: ^2.1.1
1200 silly fetch manifest @sec-ant/readable-stream@^0.4.1
1201 silly packumentCache full:https://registry.npmjs.org/@sec-ant%2freadable-stream cache-miss
1202 silly fetch manifest path-key@^4.0.0
1203 silly packumentCache full:https://registry.npmjs.org/path-key cache-hit
1204 silly fetch manifest unicorn-magic@^0.3.0
1205 silly packumentCache full:https://registry.npmjs.org/unicorn-magic cache-miss
1206 silly fetch manifest parse-ms@^4.0.0
1207 silly packumentCache full:https://registry.npmjs.org/parse-ms cache-miss
1208 http fetch GET 200 https://registry.npmjs.org/parse-ms 205ms (cache miss)
1209 silly packumentCache full:https://registry.npmjs.org/parse-ms set size:undefined disposed:false
1210 http fetch GET 200 https://registry.npmjs.org/unicorn-magic 214ms (cache miss)
1211 silly packumentCache full:https://registry.npmjs.org/unicorn-magic set size:undefined disposed:false
1212 http fetch GET 200 https://registry.npmjs.org/@sec-ant%2freadable-stream 221ms (cache miss)
1213 silly packumentCache full:https://registry.npmjs.org/@sec-ant%2freadable-stream set size:undefined disposed:false
1214 silly placeDep ROOT accepts@2.0.0 OK for: express@5.2.1 want: ^2.0.0
1215 silly placeDep ROOT body-parser@2.2.2 OK for: express@5.2.1 want: ^2.2.1
1216 silly placeDep ROOT content-disposition@1.1.0 OK for: express@5.2.1 want: ^1.0.0
1217 silly placeDep ROOT cookie@0.7.2 OK for: express@5.2.1 want: ^0.7.1
1218 silly placeDep ROOT cookie-signature@1.2.2 OK for: express@5.2.1 want: ^1.2.1
1219 silly placeDep ROOT depd@2.0.0 OK for: express@5.2.1 want: ^2.0.0
1220 silly placeDep ROOT encodeurl@2.0.0 OK for: express@5.2.1 want: ^2.0.0
1221 silly placeDep ROOT escape-html@1.0.3 OK for: express@5.2.1 want: ^1.0.3
1222 silly placeDep ROOT etag@1.8.1 OK for: express@5.2.1 want: ^1.8.1
1223 silly placeDep ROOT finalhandler@2.1.1 OK for: express@5.2.1 want: ^2.1.0
1224 silly placeDep ROOT fresh@2.0.0 OK for: express@5.2.1 want: ^2.0.0
1225 silly placeDep ROOT http-errors@2.0.1 OK for: express@5.2.1 want: ^2.0.0
1226 silly placeDep ROOT merge-descriptors@2.0.0 OK for: express@5.2.1 want: ^2.0.0
1227 silly placeDep ROOT mime-types@3.0.2 OK for: express@5.2.1 want: ^3.0.0
1228 silly placeDep ROOT on-finished@2.4.1 OK for: express@5.2.1 want: ^2.4.1
1229 silly placeDep ROOT once@1.4.0 OK for: express@5.2.1 want: ^1.4.0
1230 silly placeDep ROOT parseurl@1.3.3 OK for: express@5.2.1 want: ^1.3.3
1231 silly placeDep ROOT proxy-addr@2.0.7 OK for: express@5.2.1 want: ^2.0.7
1232 silly placeDep ROOT qs@6.15.1 OK for: express@5.2.1 want: ^6.14.0
1233 silly placeDep ROOT range-parser@1.2.1 OK for: express@5.2.1 want: ^1.2.1
1234 silly placeDep ROOT router@2.2.0 OK for: express@5.2.1 want: ^2.2.0
1235 silly placeDep ROOT send@1.2.1 OK for: express@5.2.1 want: ^1.1.0
1236 silly placeDep ROOT serve-static@2.2.1 OK for: express@5.2.1 want: ^2.2.0
1237 silly placeDep ROOT statuses@2.0.2 OK for: express@5.2.1 want: ^2.0.1
1238 silly placeDep ROOT type-is@2.0.1 OK for: express@5.2.1 want: ^2.0.1
1239 silly fetch manifest negotiator@^1.0.0
1240 silly packumentCache full:https://registry.npmjs.org/negotiator cache-miss
1241 silly fetch manifest qs@^6.14.1
1242 silly packumentCache full:https://registry.npmjs.org/qs cache-miss
1243 silly fetch manifest bytes@^3.1.2
1244 silly packumentCache full:https://registry.npmjs.org/bytes cache-miss
1245 silly fetch manifest iconv-lite@^0.7.0
1246 silly packumentCache full:https://registry.npmjs.org/iconv-lite cache-miss
1247 silly fetch manifest inherits@~2.0.4
1248 silly packumentCache full:https://registry.npmjs.org/inherits cache-miss
1249 silly fetch manifest setprototypeof@~1.2.0
1250 silly packumentCache full:https://registry.npmjs.org/setprototypeof cache-miss
1251 silly fetch manifest statuses@~2.0.2
1252 silly packumentCache full:https://registry.npmjs.org/statuses cache-hit
1253 silly fetch manifest toidentifier@~1.0.1
1254 silly packumentCache full:https://registry.npmjs.org/toidentifier cache-miss
1255 silly fetch manifest mime-db@^1.54.0
1256 silly packumentCache full:https://registry.npmjs.org/mime-db cache-miss
1257 silly fetch manifest ee-first@1.1.1
1258 silly packumentCache full:https://registry.npmjs.org/ee-first cache-miss
1259 http cache https://registry.npmjs.org/bytes 6ms (cache hit)
1260 silly packumentCache full:https://registry.npmjs.org/bytes set size:37018 disposed:false
1261 silly fetch manifest wrappy@1
1262 silly packumentCache full:https://registry.npmjs.org/wrappy cache-miss
1263 http cache https://registry.npmjs.org/iconv-lite 5ms (cache hit)
1264 silly packumentCache full:https://registry.npmjs.org/iconv-lite set size:120557 disposed:false
1265 silly fetch manifest forwarded@0.2.0
1266 silly packumentCache full:https://registry.npmjs.org/forwarded cache-miss
1267 http cache https://registry.npmjs.org/qs 7ms (cache hit)
1268 silly packumentCache full:https://registry.npmjs.org/qs set size:353582 disposed:false
1269 silly fetch manifest ipaddr.js@1.9.1
1270 silly packumentCache full:https://registry.npmjs.org/ipaddr.js cache-miss
1271 http fetch GET 200 https://registry.npmjs.org/toidentifier 203ms (cache miss)
1272 silly packumentCache full:https://registry.npmjs.org/toidentifier set size:undefined disposed:false
1273 silly fetch manifest side-channel@^1.1.0
1274 silly packumentCache full:https://registry.npmjs.org/side-channel cache-miss
1275 http fetch GET 200 https://registry.npmjs.org/inherits 209ms (cache miss)
1276 silly packumentCache full:https://registry.npmjs.org/inherits set size:undefined disposed:false
1277 silly fetch manifest is-promise@^4.0.0
1278 silly packumentCache full:https://registry.npmjs.org/is-promise cache-miss
1279 http fetch GET 200 https://registry.npmjs.org/negotiator 216ms (cache miss)
1280 silly packumentCache full:https://registry.npmjs.org/negotiator set size:undefined disposed:false
1281 silly fetch manifest path-to-regexp@^8.0.0
1282 silly packumentCache full:https://registry.npmjs.org/path-to-regexp cache-miss
1283 http fetch GET 200 https://registry.npmjs.org/wrappy 211ms (cache miss)
1284 silly packumentCache full:https://registry.npmjs.org/wrappy set size:undefined disposed:false
1285 silly fetch manifest media-typer@^1.1.0
1286 silly packumentCache full:https://registry.npmjs.org/media-typer cache-miss
1287 http cache https://registry.npmjs.org/side-channel 13ms (cache hit)
1288 silly packumentCache full:https://registry.npmjs.org/side-channel set size:24660 disposed:false
1289 http fetch GET 200 https://registry.npmjs.org/forwarded 213ms (cache miss)
1290 silly packumentCache full:https://registry.npmjs.org/forwarded set size:undefined disposed:false
1291 http cache https://registry.npmjs.org/path-to-regexp 5ms (cache hit)
1292 silly packumentCache full:https://registry.npmjs.org/path-to-regexp set size:216334 disposed:false
1293 http fetch GET 200 https://registry.npmjs.org/ee-first 222ms (cache miss)
1294 silly packumentCache full:https://registry.npmjs.org/ee-first set size:undefined disposed:false
1295 http fetch GET 200 https://registry.npmjs.org/mime-db 229ms (cache miss)
1296 silly packumentCache full:https://registry.npmjs.org/mime-db set size:undefined disposed:false
1297 http fetch GET 200 https://registry.npmjs.org/is-promise 204ms (cache miss)
1298 silly packumentCache full:https://registry.npmjs.org/is-promise set size:undefined disposed:false
1299 http fetch GET 200 https://registry.npmjs.org/media-typer 205ms (cache miss)
1300 silly packumentCache full:https://registry.npmjs.org/media-typer set size:undefined disposed:false
1301 http fetch GET 200 https://registry.npmjs.org/ipaddr.js 449ms (cache miss)
1302 silly packumentCache full:https://registry.npmjs.org/ipaddr.js set size:undefined disposed:false
1303 http fetch GET 200 https://registry.npmjs.org/setprototypeof 578ms (cache miss)
1304 silly packumentCache full:https://registry.npmjs.org/setprototypeof set size:undefined disposed:false
1305 silly placeDep ROOT negotiator@1.0.0 OK for: accepts@2.0.0 want: ^1.0.0
1306 silly placeDep ROOT bytes@3.1.2 OK for: body-parser@2.2.2 want: ^3.1.2
1307 silly placeDep ROOT iconv-lite@0.7.2 OK for: body-parser@2.2.2 want: ^0.7.0
1308 silly fetch manifest safer-buffer@>= 2.1.2 < 3.0.0
1309 silly packumentCache full:https://registry.npmjs.org/safer-buffer cache-miss
1310 http fetch GET 200 https://registry.npmjs.org/safer-buffer 210ms (cache miss)
1311 silly packumentCache full:https://registry.npmjs.org/safer-buffer set size:undefined disposed:false
1312 silly placeDep ROOT ip-address@10.2.0 OK for: express-rate-limit@8.5.1 want: ^10.2.0
1313 silly placeDep ROOT @nodelib/fs.stat@2.0.5 OK for: fast-glob@3.3.3 want: ^2.0.2
1314 silly placeDep ROOT @nodelib/fs.walk@1.2.8 OK for: fast-glob@3.3.3 want: ^1.2.3
1315 silly placeDep ROOT glob-parent@5.1.2 OK for: fast-glob@3.3.3 want: ^5.1.2
1316 silly placeDep ROOT merge2@1.4.1 OK for: fast-glob@3.3.3 want: ^1.3.0
1317 silly placeDep ROOT micromatch@4.0.8 OK for: fast-glob@3.3.3 want: ^4.0.8
1318 silly fetch manifest fastq@^1.6.0
1319 silly packumentCache full:https://registry.npmjs.org/fastq cache-miss
1320 silly fetch manifest @nodelib/fs.scandir@2.1.5
1321 silly packumentCache full:https://registry.npmjs.org/@nodelib%2ffs.scandir cache-miss
1322 silly fetch manifest is-glob@^4.0.1
1323 silly packumentCache full:https://registry.npmjs.org/is-glob cache-miss
1324 silly fetch manifest braces@^3.0.3
1325 silly packumentCache full:https://registry.npmjs.org/braces cache-miss
1326 silly fetch manifest picomatch@^2.3.1
1327 silly packumentCache full:https://registry.npmjs.org/picomatch cache-hit
1328 http cache https://registry.npmjs.org/braces 6ms (cache hit)
1329 silly packumentCache full:https://registry.npmjs.org/braces set size:114529 disposed:false
1330 http cache https://registry.npmjs.org/@nodelib%2ffs.scandir 8ms (cache hit)
1331 silly packumentCache full:https://registry.npmjs.org/@nodelib%2ffs.scandir set size:49256 disposed:false
1332 http cache https://registry.npmjs.org/is-glob 9ms (cache hit)
1333 silly packumentCache full:https://registry.npmjs.org/is-glob set size:40530 disposed:false
1334 http cache https://registry.npmjs.org/fastq 9ms (cache hit)
1335 silly packumentCache full:https://registry.npmjs.org/fastq set size:78301 disposed:false
1336 silly placeDep ROOT @nodelib/fs.scandir@2.1.5 OK for: @nodelib/fs.walk@1.2.8 want: 2.1.5
1337 silly placeDep ROOT fastq@1.20.1 OK for: @nodelib/fs.walk@1.2.8 want: ^1.6.0
1338 silly fetch manifest run-parallel@^1.1.9
1339 silly packumentCache full:https://registry.npmjs.org/run-parallel cache-miss
1340 silly fetch manifest reusify@^1.0.4
1341 silly packumentCache full:https://registry.npmjs.org/reusify cache-miss
1342 http cache https://registry.npmjs.org/reusify 3ms (cache hit)
1343 silly packumentCache full:https://registry.npmjs.org/reusify set size:14249 disposed:false
1344 http cache https://registry.npmjs.org/run-parallel 3ms (cache hit)
1345 silly packumentCache full:https://registry.npmjs.org/run-parallel set size:35172 disposed:false
1346 silly placeDep ROOT run-parallel@1.2.0 OK for: @nodelib/fs.scandir@2.1.5 want: ^1.1.9
1347 silly fetch manifest queue-microtask@^1.2.2
1348 silly packumentCache full:https://registry.npmjs.org/queue-microtask cache-miss
1349 http cache https://registry.npmjs.org/queue-microtask 1ms (cache hit)
1350 silly packumentCache full:https://registry.npmjs.org/queue-microtask set size:36088 disposed:false
1351 silly placeDep ROOT reusify@1.1.0 OK for: fastq@1.20.1 want: ^1.0.4
1352 silly placeDep ROOT is-unicode-supported@2.1.0 OK for: figures@6.1.0 want: ^2.0.0
1353 silly placeDep ROOT graceful-fs@4.2.11 OK for: fs-extra@11.3.5 want: ^4.2.0
1354 silly placeDep ROOT jsonfile@6.2.1 OK for: fs-extra@11.3.5 want: ^6.0.1
1355 silly placeDep ROOT universalify@2.0.1 OK for: fs-extra@11.3.5 want: ^2.0.0
1356 silly placeDep ROOT @sec-ant/readable-stream@0.4.1 OK for: get-stream@9.0.1 want: ^0.4.1
1357 silly placeDep ROOT is-glob@4.0.3 OK for: glob-parent@5.1.2 want: ^4.0.1
1358 silly fetch manifest is-extglob@^2.1.1
1359 silly packumentCache full:https://registry.npmjs.org/is-extglob cache-miss
1360 http cache https://registry.npmjs.org/is-extglob 2ms (cache hit)
1361 silly packumentCache full:https://registry.npmjs.org/is-extglob set size:11766 disposed:false
1362 silly placeDep ROOT inherits@2.0.4 OK for: http-errors@2.0.1 want: ~2.0.4
1363 silly placeDep ROOT setprototypeof@1.2.0 OK for: http-errors@2.0.1 want: ~1.2.0
1364 silly placeDep ROOT toidentifier@1.0.1 OK for: http-errors@2.0.1 want: ~1.0.1
1365 silly placeDep ROOT agent-base@7.1.4 OK for: https-proxy-agent@7.0.6 want: ^7.1.2
1366 silly placeDep ROOT safer-buffer@2.1.2 OK for: iconv-lite@0.7.2 want: >= 2.1.2 < 3.0.0
1367 silly placeDep ROOT parent-module@1.0.1 OK for: import-fresh@3.3.1 want: ^1.0.0
1368 silly placeDep ROOT resolve-from@4.0.0 OK for: import-fresh@3.3.1 want: ^4.0.0
1369 silly fetch manifest callsites@^3.0.0
1370 silly packumentCache full:https://registry.npmjs.org/callsites cache-miss
1371 http cache https://registry.npmjs.org/callsites 1ms (cache hit)
1372 silly packumentCache full:https://registry.npmjs.org/callsites set size:21349 disposed:false
1373 silly placeDep ROOT is-extglob@2.1.1 OK for: is-glob@4.0.3 want: ^2.1.1
1374 silly placeDep ROOT argparse@2.0.1 OK for: js-yaml@4.1.1 want: ^2.0.1
1375 silly placeDep ROOT yallist@3.1.1 OK for: lru-cache@5.1.1 want: ^3.0.2
1376 silly placeDep ROOT braces@3.0.3 OK for: micromatch@4.0.8 want: ^3.0.3
1377 silly placeDep node_modules/micromatch picomatch@2.3.2 OK for: micromatch@4.0.8 want: ^2.3.1
1378 silly fetch manifest fill-range@^7.1.1
1379 silly packumentCache full:https://registry.npmjs.org/fill-range cache-miss
1380 http cache https://registry.npmjs.org/fill-range 1ms (cache hit)
1381 silly packumentCache full:https://registry.npmjs.org/fill-range set size:90212 disposed:false
1382 silly placeDep ROOT fill-range@7.1.1 OK for: braces@3.0.3 want: ^7.1.1
1383 silly fetch manifest to-regex-range@^5.0.1
1384 silly packumentCache full:https://registry.npmjs.org/to-regex-range cache-miss
1385 http cache https://registry.npmjs.org/to-regex-range 2ms (cache hit)
1386 silly packumentCache full:https://registry.npmjs.org/to-regex-range set size:61569 disposed:false
1387 silly placeDep ROOT to-regex-range@5.0.1 OK for: fill-range@7.1.1 want: ^5.0.1
1388 silly fetch manifest is-number@^7.0.0
1389 silly packumentCache full:https://registry.npmjs.org/is-number cache-miss
1390 http cache https://registry.npmjs.org/is-number 1ms (cache hit)
1391 silly packumentCache full:https://registry.npmjs.org/is-number set size:36183 disposed:false
1392 silly placeDep ROOT mime-db@1.54.0 OK for: mime-types@3.0.2 want: ^1.54.0
1393 silly fetch manifest @types/node@>=18
1394 silly packumentCache full:https://registry.npmjs.org/@types%2fnode cache-miss
1395 http cache https://registry.npmjs.org/@types%2fnode 12ms (cache hit)
1396 silly packumentCache full:https://registry.npmjs.org/@types%2fnode set size:10990115 disposed:false
1397 silly placeDep ROOT @inquirer/confirm@6.0.12 OK for: msw@2.14.5 want: ^6.0.11
1398 silly placeDep ROOT @mswjs/interceptors@0.41.8 OK for: msw@2.14.5 want: ^0.41.3
1399 silly placeDep ROOT @open-draft/deferred-promise@3.0.0 OK for: msw@2.14.5 want: ^3.0.0
1400 silly placeDep ROOT @types/statuses@2.0.6 OK for: msw@2.14.5 want: ^2.0.6
1401 silly placeDep node_modules/msw cookie@1.1.1 OK for: msw@2.14.5 want: ^1.1.1
1402 silly placeDep ROOT graphql@16.14.0 OK for: msw@2.14.5 want: ^16.13.2
1403 silly placeDep ROOT headers-polyfill@5.0.1 OK for: msw@2.14.5 want: ^5.0.1
1404 silly placeDep ROOT is-node-process@1.2.0 OK for: msw@2.14.5 want: ^1.2.0
1405 silly placeDep ROOT outvariant@1.4.3 OK for: msw@2.14.5 want: ^1.4.3
1406 silly placeDep ROOT path-to-regexp@6.3.0 OK for: msw@2.14.5 want: ^6.3.0
1407 silly placeDep ROOT rettime@0.11.11 OK for: msw@2.14.5 want: ^0.11.11
1408 silly placeDep ROOT strict-event-emitter@0.5.1 OK for: msw@2.14.5 want: ^0.5.1
1409 silly placeDep ROOT tough-cookie@6.0.1 OK for: msw@2.14.5 want: ^6.0.1
1410 silly placeDep ROOT type-fest@5.6.0 OK for: msw@2.14.5 want: ^5.5.0
1411 silly placeDep ROOT until-async@3.0.2 OK for: msw@2.14.5 want: ^3.0.2
1412 silly placeDep ROOT yargs@17.7.2 OK for: msw@2.14.5 want: ^17.7.2
1413 silly fetch manifest @inquirer/core@^11.1.9
1414 silly packumentCache full:https://registry.npmjs.org/@inquirer%2fcore cache-miss
1415 silly fetch manifest @inquirer/type@^4.0.5
1416 silly packumentCache full:https://registry.npmjs.org/@inquirer%2ftype cache-miss
1417 silly fetch manifest @open-draft/deferred-promise@^2.2.0
1418 silly packumentCache full:https://registry.npmjs.org/@open-draft%2fdeferred-promise cache-miss
1419 silly fetch manifest @open-draft/logger@^0.3.0
1420 silly packumentCache full:https://registry.npmjs.org/@open-draft%2flogger cache-miss
1421 silly fetch manifest @open-draft/until@^2.0.0
1422 silly packumentCache full:https://registry.npmjs.org/@open-draft%2funtil cache-miss
1423 silly fetch manifest @types/set-cookie-parser@^2.4.10
1424 silly packumentCache full:https://registry.npmjs.org/@types%2fset-cookie-parser cache-miss
1425 silly fetch manifest set-cookie-parser@^3.0.1
1426 silly packumentCache full:https://registry.npmjs.org/set-cookie-parser cache-miss
1427 silly fetch manifest tldts@^7.0.5
1428 silly packumentCache full:https://registry.npmjs.org/tldts cache-miss
1429 silly fetch manifest tagged-tag@^1.0.0
1430 silly packumentCache full:https://registry.npmjs.org/tagged-tag cache-miss
1431 http cache https://registry.npmjs.org/@open-draft%2fdeferred-promise 6ms (cache hit)
1432 silly packumentCache full:https://registry.npmjs.org/@open-draft%2fdeferred-promise set size:31728 disposed:false
1433 silly fetch manifest y18n@^5.0.5
1434 silly packumentCache full:https://registry.npmjs.org/y18n cache-miss
1435 http fetch GET 200 https://registry.npmjs.org/set-cookie-parser 224ms (cache miss)
1436 silly packumentCache full:https://registry.npmjs.org/set-cookie-parser set size:undefined disposed:false
1437 silly fetch manifest cliui@^8.0.1
1438 silly packumentCache full:https://registry.npmjs.org/cliui cache-miss
1439 http fetch GET 200 https://registry.npmjs.org/@open-draft%2flogger 226ms (cache miss)
1440 silly packumentCache full:https://registry.npmjs.org/@open-draft%2flogger set size:undefined disposed:false
1441 silly fetch manifest escalade@^3.1.1
1442 silly packumentCache full:https://registry.npmjs.org/escalade cache-hit
1443 silly fetch manifest string-width@^4.2.3
1444 silly packumentCache full:https://registry.npmjs.org/string-width cache-miss
1445 http fetch GET 200 https://registry.npmjs.org/@types%2fset-cookie-parser 228ms (cache miss)
1446 silly packumentCache full:https://registry.npmjs.org/@types%2fset-cookie-parser set size:undefined disposed:false
1447 silly fetch manifest yargs-parser@^21.1.1
1448 silly packumentCache full:https://registry.npmjs.org/yargs-parser cache-miss
1449 http fetch GET 200 https://registry.npmjs.org/y18n 224ms (cache miss)
1450 silly packumentCache full:https://registry.npmjs.org/y18n set size:undefined disposed:false
1451 silly fetch manifest get-caller-file@^2.0.5
1452 silly packumentCache full:https://registry.npmjs.org/get-caller-file cache-miss
1453 http fetch GET 200 https://registry.npmjs.org/@inquirer%2ftype 232ms (cache miss)
1454 silly packumentCache full:https://registry.npmjs.org/@inquirer%2ftype set size:undefined disposed:false
1455 silly fetch manifest require-directory@^2.1.1
1456 silly packumentCache full:https://registry.npmjs.org/require-directory cache-miss
1457 http cache https://registry.npmjs.org/string-width 6ms (cache hit)
1458 silly packumentCache full:https://registry.npmjs.org/string-width set size:70381 disposed:false
1459 http fetch GET 200 https://registry.npmjs.org/@open-draft%2funtil 237ms (cache miss)
1460 silly packumentCache full:https://registry.npmjs.org/@open-draft%2funtil set size:undefined disposed:false
1461 http fetch GET 200 https://registry.npmjs.org/@inquirer%2fcore 252ms (cache miss)
1462 silly packumentCache full:https://registry.npmjs.org/@inquirer%2fcore set size:undefined disposed:false
1463 http fetch GET 200 https://registry.npmjs.org/tagged-tag 362ms (cache miss)
1464 silly packumentCache full:https://registry.npmjs.org/tagged-tag set size:undefined disposed:false
1465 http fetch GET 200 https://registry.npmjs.org/cliui 211ms (cache miss)
1466 silly packumentCache full:https://registry.npmjs.org/cliui set size:undefined disposed:false
1467 http fetch GET 200 https://registry.npmjs.org/get-caller-file 211ms (cache miss)
1468 silly packumentCache full:https://registry.npmjs.org/get-caller-file set size:undefined disposed:false
1469 http fetch GET 200 https://registry.npmjs.org/require-directory 212ms (cache miss)
1470 silly packumentCache full:https://registry.npmjs.org/require-directory set size:undefined disposed:false
1471 http fetch GET 200 https://registry.npmjs.org/yargs-parser 248ms (cache miss)
1472 silly packumentCache full:https://registry.npmjs.org/yargs-parser set size:undefined disposed:false
1473 http fetch GET 200 https://registry.npmjs.org/tldts 11796ms (cache miss)
1474 silly packumentCache full:https://registry.npmjs.org/tldts set size:undefined disposed:false
1475 silly placeDep ROOT @inquirer/core@11.1.9 OK for: @inquirer/confirm@6.0.12 want: ^11.1.9
1476 silly placeDep ROOT @inquirer/type@4.0.5 OK for: @inquirer/confirm@6.0.12 want: ^4.0.5
1477 silly fetch manifest @inquirer/ansi@^2.0.5
1478 silly packumentCache full:https://registry.npmjs.org/@inquirer%2fansi cache-miss
1479 silly fetch manifest @inquirer/figures@^2.0.5
1480 silly packumentCache full:https://registry.npmjs.org/@inquirer%2ffigures cache-miss
1481 silly fetch manifest cli-width@^4.1.0
1482 silly packumentCache full:https://registry.npmjs.org/cli-width cache-miss
1483 silly fetch manifest fast-wrap-ansi@^0.2.0
1484 silly packumentCache full:https://registry.npmjs.org/fast-wrap-ansi cache-miss
1485 silly fetch manifest mute-stream@^3.0.0
1486 silly packumentCache full:https://registry.npmjs.org/mute-stream cache-miss
1487 http fetch GET 200 https://registry.npmjs.org/mute-stream 217ms (cache miss)
1488 silly packumentCache full:https://registry.npmjs.org/mute-stream set size:undefined disposed:false
1489 http fetch GET 200 https://registry.npmjs.org/cli-width 218ms (cache miss)
1490 silly packumentCache full:https://registry.npmjs.org/cli-width set size:undefined disposed:false
1491 http fetch GET 200 https://registry.npmjs.org/@inquirer%2fansi 220ms (cache miss)
1492 silly packumentCache full:https://registry.npmjs.org/@inquirer%2fansi set size:undefined disposed:false
1493 http fetch GET 200 https://registry.npmjs.org/@inquirer%2ffigures 243ms (cache miss)
1494 silly packumentCache full:https://registry.npmjs.org/@inquirer%2ffigures set size:undefined disposed:false
1495 http fetch GET 200 https://registry.npmjs.org/fast-wrap-ansi 502ms (cache miss)
1496 silly packumentCache full:https://registry.npmjs.org/fast-wrap-ansi set size:undefined disposed:false
1497 silly placeDep ROOT @inquirer/ansi@2.0.5 OK for: @inquirer/core@11.1.9 want: ^2.0.5
1498 silly placeDep ROOT @inquirer/figures@2.0.5 OK for: @inquirer/core@11.1.9 want: ^2.0.5
1499 silly placeDep ROOT cli-width@4.1.0 OK for: @inquirer/core@11.1.9 want: ^4.1.0
1500 silly placeDep ROOT fast-wrap-ansi@0.2.0 OK for: @inquirer/core@11.1.9 want: ^0.2.0
1501 silly placeDep ROOT mute-stream@3.0.0 OK for: @inquirer/core@11.1.9 want: ^3.0.0
1502 silly fetch manifest fast-string-width@^3.0.2
1503 silly packumentCache full:https://registry.npmjs.org/fast-string-width cache-miss
1504 http fetch GET 200 https://registry.npmjs.org/fast-string-width 210ms (cache miss)
1505 silly packumentCache full:https://registry.npmjs.org/fast-string-width set size:undefined disposed:false
1506 silly placeDep node_modules/@mswjs/interceptors @open-draft/deferred-promise@2.2.0 OK for: @mswjs/interceptors@0.41.8 want: ^2.2.0
1507 silly placeDep ROOT @open-draft/logger@0.3.0 OK for: @mswjs/interceptors@0.41.8 want: ^0.3.0
1508 silly placeDep ROOT @open-draft/until@2.1.0 OK for: @mswjs/interceptors@0.41.8 want: ^2.0.0
1509 silly placeDep ROOT fast-string-width@3.0.2 OK for: fast-wrap-ansi@0.2.0 want: ^3.0.2
1510 silly fetch manifest fast-string-truncated-width@^3.0.2
1511 silly packumentCache full:https://registry.npmjs.org/fast-string-truncated-width cache-miss
1512 http fetch GET 200 https://registry.npmjs.org/fast-string-truncated-width 206ms (cache miss)
1513 silly packumentCache full:https://registry.npmjs.org/fast-string-truncated-width set size:undefined disposed:false
1514 silly placeDep ROOT fast-string-truncated-width@3.0.3 OK for: fast-string-width@3.0.2 want: ^3.0.2
1515 silly placeDep ROOT @types/set-cookie-parser@2.4.10 OK for: headers-polyfill@5.0.1 want: ^2.4.10
1516 silly placeDep ROOT set-cookie-parser@3.1.0 OK for: headers-polyfill@5.0.1 want: ^3.0.1
1517 silly fetch manifest @types/node@*
1518 silly packumentCache full:https://registry.npmjs.org/@types%2fnode cache-miss
1519 http cache https://registry.npmjs.org/@types%2fnode 21ms (cache hit)
1520 silly packumentCache full:https://registry.npmjs.org/@types%2fnode set size:10990115 disposed:false
1521 silly placeDep ROOT @types/node@25.6.2 OK for: @types/set-cookie-parser@2.4.10 want: *
1522 silly fetch manifest undici-types@~7.19.0
1523 silly packumentCache full:https://registry.npmjs.org/undici-types cache-miss
1524 http cache https://registry.npmjs.org/undici-types 6ms (cache hit)
1525 silly packumentCache full:https://registry.npmjs.org/undici-types set size:212662 disposed:false
1526 silly placeDep ROOT undici-types@7.19.2 OK for: @types/node@25.6.2 want: ~7.19.0
1527 silly placeDep ROOT data-uri-to-buffer@4.0.1 OK for: node-fetch@3.3.2 want: ^4.0.0
1528 silly placeDep ROOT fetch-blob@3.2.0 OK for: node-fetch@3.3.2 want: ^3.1.4
1529 silly placeDep ROOT formdata-polyfill@4.0.10 OK for: node-fetch@3.3.2 want: ^4.0.10
1530 silly fetch manifest node-domexception@^1.0.0
1531 silly packumentCache full:https://registry.npmjs.org/node-domexception cache-miss
1532 silly fetch manifest web-streams-polyfill@^3.0.3
1533 silly packumentCache full:https://registry.npmjs.org/web-streams-polyfill cache-miss
1534 http fetch GET 200 https://registry.npmjs.org/node-domexception 207ms (cache miss)
1535 silly packumentCache full:https://registry.npmjs.org/node-domexception set size:undefined disposed:false
1536 http fetch GET 200 https://registry.npmjs.org/web-streams-polyfill 617ms (cache miss)
1537 silly packumentCache full:https://registry.npmjs.org/web-streams-polyfill set size:undefined disposed:false
1538 silly placeDep ROOT node-domexception@1.0.0 OK for: fetch-blob@3.2.0 want: ^1.0.0
1539 silly placeDep ROOT web-streams-polyfill@3.3.3 OK for: fetch-blob@3.2.0 want: ^3.0.3
1540 silly placeDep node_modules/npm-run-path path-key@4.0.0 OK for: npm-run-path@6.0.0 want: ^4.0.0
1541 silly placeDep ROOT unicorn-magic@0.3.0 OK for: npm-run-path@6.0.0 want: ^0.3.0
1542 silly placeDep ROOT ee-first@1.1.1 OK for: on-finished@2.4.1 want: 1.1.1
1543 silly placeDep ROOT wrappy@1.0.2 OK for: once@1.4.0 want: 1
1544 silly placeDep ROOT default-browser@5.5.0 OK for: open@11.0.0 want: ^5.4.0
1545 silly placeDep ROOT define-lazy-prop@3.0.0 OK for: open@11.0.0 want: ^3.0.0
1546 silly placeDep ROOT is-in-ssh@1.0.0 OK for: open@11.0.0 want: ^1.0.0
1547 silly placeDep ROOT is-inside-container@1.0.0 OK for: open@11.0.0 want: ^1.0.0
1548 silly placeDep ROOT powershell-utils@0.1.0 OK for: open@11.0.0 want: ^0.1.0
1549 silly placeDep ROOT wsl-utils@0.3.1 OK for: open@11.0.0 want: ^0.3.0
1550 silly fetch manifest bundle-name@^4.1.0
1551 silly packumentCache full:https://registry.npmjs.org/bundle-name cache-miss
1552 silly fetch manifest default-browser-id@^5.0.0
1553 silly packumentCache full:https://registry.npmjs.org/default-browser-id cache-miss
1554 silly fetch manifest is-docker@^3.0.0
1555 silly packumentCache full:https://registry.npmjs.org/is-docker cache-miss
1556 silly fetch manifest is-wsl@^3.1.0
1557 silly packumentCache full:https://registry.npmjs.org/is-wsl cache-miss
1558 http fetch GET 200 https://registry.npmjs.org/bundle-name 206ms (cache miss)
1559 silly packumentCache full:https://registry.npmjs.org/bundle-name set size:undefined disposed:false
1560 http fetch GET 200 https://registry.npmjs.org/is-docker 209ms (cache miss)
1561 silly packumentCache full:https://registry.npmjs.org/is-docker set size:undefined disposed:false
1562 http fetch GET 200 https://registry.npmjs.org/default-browser-id 211ms (cache miss)
1563 silly packumentCache full:https://registry.npmjs.org/default-browser-id set size:undefined disposed:false
1564 http fetch GET 200 https://registry.npmjs.org/is-wsl 214ms (cache miss)
1565 silly packumentCache full:https://registry.npmjs.org/is-wsl set size:undefined disposed:false
1566 silly placeDep ROOT bundle-name@4.1.0 OK for: default-browser@5.5.0 want: ^4.1.0
1567 silly placeDep ROOT default-browser-id@5.0.1 OK for: default-browser@5.5.0 want: ^5.0.0
1568 silly fetch manifest run-applescript@^7.0.0
1569 silly packumentCache full:https://registry.npmjs.org/run-applescript cache-miss
1570 http fetch GET 200 https://registry.npmjs.org/run-applescript 963ms (cache miss)
1571 silly packumentCache full:https://registry.npmjs.org/run-applescript set size:undefined disposed:false
1572 silly placeDep ROOT run-applescript@7.1.0 OK for: bundle-name@4.1.0 want: ^7.0.0
1573 silly placeDep ROOT is-docker@3.0.0 OK for: is-inside-container@1.0.0 want: ^3.0.0
1574 silly placeDep ROOT chalk@5.6.2 OK for: ora@8.2.0 want: ^5.3.0
1575 silly placeDep ROOT cli-cursor@5.0.0 OK for: ora@8.2.0 want: ^5.0.0
1576 silly placeDep ROOT cli-spinners@2.9.2 OK for: ora@8.2.0 want: ^2.9.2
1577 silly placeDep ROOT is-interactive@2.0.0 OK for: ora@8.2.0 want: ^2.0.0
1578 silly placeDep ROOT log-symbols@6.0.0 OK for: ora@8.2.0 want: ^6.0.0
1579 silly placeDep ROOT stdin-discarder@0.2.2 OK for: ora@8.2.0 want: ^0.2.2
1580 silly placeDep ROOT string-width@7.2.0 OK for: ora@8.2.0 want: ^7.2.0
1581 silly placeDep ROOT strip-ansi@7.2.0 OK for: ora@8.2.0 want: ^7.1.0
1582 silly fetch manifest restore-cursor@^5.0.0
1583 silly packumentCache full:https://registry.npmjs.org/restore-cursor cache-miss
1584 silly fetch manifest is-unicode-supported@^1.3.0
1585 silly packumentCache full:https://registry.npmjs.org/is-unicode-supported cache-miss
1586 silly fetch manifest emoji-regex@^10.3.0
1587 silly packumentCache full:https://registry.npmjs.org/emoji-regex cache-miss
1588 silly fetch manifest get-east-asian-width@^1.0.0
1589 silly packumentCache full:https://registry.npmjs.org/get-east-asian-width cache-miss
1590 silly fetch manifest ansi-regex@^6.2.2
1591 silly packumentCache full:https://registry.npmjs.org/ansi-regex cache-miss
1592 http cache https://registry.npmjs.org/is-unicode-supported 4ms (cache hit)
1593 silly packumentCache full:https://registry.npmjs.org/is-unicode-supported set size:19461 disposed:false
1594 http cache https://registry.npmjs.org/emoji-regex 5ms (cache hit)
1595 silly packumentCache full:https://registry.npmjs.org/emoji-regex set size:89064 disposed:false
1596 http fetch GET 200 https://registry.npmjs.org/restore-cursor 207ms (cache miss)
1597 silly packumentCache full:https://registry.npmjs.org/restore-cursor set size:undefined disposed:false
1598 http fetch GET 200 https://registry.npmjs.org/get-east-asian-width 219ms (cache miss)
1599 silly packumentCache full:https://registry.npmjs.org/get-east-asian-width set size:undefined disposed:false
1600 http fetch GET 200 https://registry.npmjs.org/ansi-regex 219ms (cache miss)
1601 silly packumentCache full:https://registry.npmjs.org/ansi-regex set size:undefined disposed:false
1602 silly placeDep ROOT restore-cursor@5.1.0 OK for: cli-cursor@5.0.0 want: ^5.0.0
1603 silly fetch manifest onetime@^7.0.0
1604 silly packumentCache full:https://registry.npmjs.org/onetime cache-miss
1605 http cache https://registry.npmjs.org/onetime 2ms (cache hit)
1606 silly packumentCache full:https://registry.npmjs.org/onetime set size:32314 disposed:false
1607 silly placeDep node_modules/log-symbols is-unicode-supported@1.3.0 OK for: log-symbols@6.0.0 want: ^1.3.0
1608 silly placeDep ROOT callsites@3.1.0 OK for: parent-module@1.0.1 want: ^3.0.0
1609 silly placeDep ROOT error-ex@1.3.4 OK for: parse-json@5.2.0 want: ^1.3.1
1610 silly placeDep ROOT json-parse-even-better-errors@2.3.1 OK for: parse-json@5.2.0 want: ^2.3.0
1611 silly placeDep ROOT lines-and-columns@1.2.4 OK for: parse-json@5.2.0 want: ^1.1.6
1612 silly fetch manifest is-arrayish@^0.2.1
1613 silly packumentCache full:https://registry.npmjs.org/is-arrayish cache-miss
1614 http fetch GET 200 https://registry.npmjs.org/is-arrayish 224ms (cache miss)
1615 silly packumentCache full:https://registry.npmjs.org/is-arrayish set size:undefined disposed:false
1616 silly placeDep ROOT is-arrayish@0.2.1 OK for: error-ex@1.3.4 want: ^0.2.1
1617 silly placeDep ROOT nanoid@3.3.12 OK for: postcss@8.5.14 want: ^3.3.11
1618 silly placeDep ROOT source-map-js@1.2.1 OK for: postcss@8.5.14 want: ^1.2.1
1619 silly placeDep ROOT cssesc@3.0.0 OK for: postcss-selector-parser@7.1.1 want: ^3.0.0
1620 silly placeDep ROOT util-deprecate@1.0.2 OK for: postcss-selector-parser@7.1.1 want: ^1.0.2
1621 silly placeDep ROOT parse-ms@4.0.0 OK for: pretty-ms@9.3.0 want: ^4.0.0
1622 silly placeDep node_modules/prompts kleur@3.0.3 OK for: prompts@2.4.2 want: ^3.0.3
1623 silly placeDep ROOT sisteransi@1.0.5 OK for: prompts@2.4.2 want: ^1.0.5
1624 silly placeDep ROOT forwarded@0.2.0 OK for: proxy-addr@2.0.7 want: 0.2.0
1625 silly placeDep ROOT ipaddr.js@1.9.1 OK for: proxy-addr@2.0.7 want: 1.9.1
1626 silly placeDep ROOT side-channel@1.1.0 OK for: qs@6.15.1 want: ^1.1.0
1627 silly fetch manifest es-errors@^1.3.0
1628 silly packumentCache full:https://registry.npmjs.org/es-errors cache-miss
1629 silly fetch manifest object-inspect@^1.13.3
1630 silly packumentCache full:https://registry.npmjs.org/object-inspect cache-miss
1631 silly fetch manifest side-channel-list@^1.0.0
1632 silly packumentCache full:https://registry.npmjs.org/side-channel-list cache-miss
1633 silly fetch manifest side-channel-map@^1.0.1
1634 silly packumentCache full:https://registry.npmjs.org/side-channel-map cache-miss
1635 silly fetch manifest side-channel-weakmap@^1.0.2
1636 silly packumentCache full:https://registry.npmjs.org/side-channel-weakmap cache-miss
1637 http cache https://registry.npmjs.org/object-inspect 4ms (cache hit)
1638 silly packumentCache full:https://registry.npmjs.org/object-inspect set size:101912 disposed:false
1639 http cache https://registry.npmjs.org/side-channel-list 6ms (cache hit)
1640 silly packumentCache full:https://registry.npmjs.org/side-channel-list set size:9021 disposed:false
1641 http cache https://registry.npmjs.org/es-errors 6ms (cache hit)
1642 silly packumentCache full:https://registry.npmjs.org/es-errors set size:16918 disposed:false
1643 http cache https://registry.npmjs.org/side-channel-map 6ms (cache hit)
1644 silly packumentCache full:https://registry.npmjs.org/side-channel-map set size:9126 disposed:false
1645 http cache https://registry.npmjs.org/side-channel-weakmap 5ms (cache hit)
1646 silly packumentCache full:https://registry.npmjs.org/side-channel-weakmap set size:12620 disposed:false
1647 silly placeDep ROOT unpipe@1.0.0 OK for: raw-body@3.0.2 want: ~1.0.0
1648 silly placeDep ROOT ast-types@0.16.1 OK for: recast@0.23.11 want: ^0.16.1
1649 silly placeDep ROOT esprima@4.0.1 OK for: recast@0.23.11 want: ~4.0.0
1650 silly placeDep ROOT source-map@0.6.1 OK for: recast@0.23.11 want: ~0.6.1
1651 silly placeDep ROOT tiny-invariant@1.3.3 OK for: recast@0.23.11 want: ^1.3.3
1652 silly placeDep ROOT tslib@2.8.1 OK for: recast@0.23.11 want: ^2.0.1
1653 silly placeDep ROOT onetime@7.0.0 OK for: restore-cursor@5.1.0 want: ^7.0.0
1654 silly fetch manifest mimic-function@^5.0.0
1655 silly packumentCache full:https://registry.npmjs.org/mimic-function cache-miss
1656 http fetch GET 200 https://registry.npmjs.org/mimic-function 209ms (cache miss)
1657 silly packumentCache full:https://registry.npmjs.org/mimic-function set size:undefined disposed:false
1658 silly placeDep ROOT mimic-function@5.0.1 OK for: onetime@7.0.0 want: ^5.0.0
1659 silly placeDep ROOT is-promise@4.0.0 OK for: router@2.2.0 want: ^4.0.0
1660 silly placeDep node_modules/router path-to-regexp@8.4.2 OK for: router@2.2.0 want: ^8.0.0
1661 silly placeDep ROOT queue-microtask@1.2.3 OK for: run-parallel@1.2.0 want: ^1.2.2
1662 silly placeDep ROOT shebang-regex@3.0.0 OK for: shebang-command@2.0.0 want: ^3.0.0
1663 silly placeDep ROOT es-errors@1.3.0 OK for: side-channel@1.1.0 want: ^1.3.0
1664 silly placeDep ROOT object-inspect@1.13.4 OK for: side-channel@1.1.0 want: ^1.13.3
1665 silly placeDep ROOT side-channel-list@1.0.1 OK for: side-channel@1.1.0 want: ^1.0.0
1666 silly placeDep ROOT side-channel-map@1.0.1 OK for: side-channel@1.1.0 want: ^1.0.1
1667 silly placeDep ROOT side-channel-weakmap@1.0.2 OK for: side-channel@1.1.0 want: ^1.0.2
1668 silly fetch manifest call-bound@^1.0.2
1669 silly packumentCache full:https://registry.npmjs.org/call-bound cache-miss
1670 silly fetch manifest get-intrinsic@^1.2.5
1671 silly packumentCache full:https://registry.npmjs.org/get-intrinsic cache-miss
1672 silly fetch manifest call-bound@^1.0.2
1673 silly packumentCache full:https://registry.npmjs.org/call-bound cache-miss
1674 silly fetch manifest get-intrinsic@^1.2.5
1675 silly packumentCache full:https://registry.npmjs.org/get-intrinsic cache-miss
1676 http cache https://registry.npmjs.org/call-bound 4ms (cache hit)
1677 silly packumentCache full:https://registry.npmjs.org/call-bound set size:15317 disposed:false
1678 http cache https://registry.npmjs.org/get-intrinsic 6ms (cache hit)
1679 silly packumentCache full:https://registry.npmjs.org/get-intrinsic set size:60985 disposed:false
1680 http cache https://registry.npmjs.org/call-bound 7ms (cache hit)
1681 silly packumentCache full:https://registry.npmjs.org/call-bound set size:15317 disposed:false
1682 silly packumentCache full:https://registry.npmjs.org/call-bound dispose
1683 http cache https://registry.npmjs.org/get-intrinsic 6ms (cache hit)
1684 silly packumentCache full:https://registry.npmjs.org/get-intrinsic set size:60985 disposed:false
1685 silly packumentCache full:https://registry.npmjs.org/get-intrinsic dispose
1686 silly placeDep ROOT call-bound@1.0.4 OK for: side-channel-map@1.0.1 want: ^1.0.2
1687 silly placeDep ROOT get-intrinsic@1.3.0 OK for: side-channel-map@1.0.1 want: ^1.2.5
1688 silly fetch manifest call-bind-apply-helpers@^1.0.2
1689 silly packumentCache full:https://registry.npmjs.org/call-bind-apply-helpers cache-miss
1690 silly fetch manifest get-intrinsic@^1.3.0
1691 silly packumentCache full:https://registry.npmjs.org/get-intrinsic cache-hit
1692 silly fetch manifest gopd@^1.2.0
1693 silly packumentCache full:https://registry.npmjs.org/gopd cache-miss
1694 silly fetch manifest hasown@^2.0.2
1695 silly packumentCache full:https://registry.npmjs.org/hasown cache-miss
1696 silly fetch manifest get-proto@^1.0.1
1697 silly packumentCache full:https://registry.npmjs.org/get-proto cache-miss
1698 silly fetch manifest has-symbols@^1.1.0
1699 silly packumentCache full:https://registry.npmjs.org/has-symbols cache-miss
1700 silly fetch manifest function-bind@^1.1.2
1701 silly packumentCache full:https://registry.npmjs.org/function-bind cache-miss
1702 silly fetch manifest es-object-atoms@^1.1.1
1703 silly packumentCache full:https://registry.npmjs.org/es-object-atoms cache-miss
1704 silly fetch manifest math-intrinsics@^1.1.0
1705 silly packumentCache full:https://registry.npmjs.org/math-intrinsics cache-miss
1706 silly fetch manifest es-define-property@^1.0.1
1707 silly packumentCache full:https://registry.npmjs.org/es-define-property cache-miss
1708 http cache https://registry.npmjs.org/hasown 6ms (cache hit)
1709 silly packumentCache full:https://registry.npmjs.org/hasown set size:15429 disposed:false
1710 silly fetch manifest call-bind-apply-helpers@^1.0.2
1711 silly packumentCache full:https://registry.npmjs.org/call-bind-apply-helpers cache-miss
1712 http cache https://registry.npmjs.org/function-bind 7ms (cache hit)
1713 silly packumentCache full:https://registry.npmjs.org/function-bind set size:15733 disposed:false
1714 http cache https://registry.npmjs.org/get-proto 8ms (cache hit)
1715 silly packumentCache full:https://registry.npmjs.org/get-proto set size:8300 disposed:false
1716 http cache https://registry.npmjs.org/math-intrinsics 7ms (cache hit)
1717 silly packumentCache full:https://registry.npmjs.org/math-intrinsics set size:9265 disposed:false
1718 http cache https://registry.npmjs.org/es-object-atoms 8ms (cache hit)
1719 silly packumentCache full:https://registry.npmjs.org/es-object-atoms set size:15304 disposed:false
1720 http cache https://registry.npmjs.org/has-symbols 9ms (cache hit)
1721 silly packumentCache full:https://registry.npmjs.org/has-symbols set size:21550 disposed:false
1722 http cache https://registry.npmjs.org/es-define-property 8ms (cache hit)
1723 silly packumentCache full:https://registry.npmjs.org/es-define-property set size:8542 disposed:false
1724 http cache https://registry.npmjs.org/call-bind-apply-helpers 10ms (cache hit)
1725 silly packumentCache full:https://registry.npmjs.org/call-bind-apply-helpers set size:12744 disposed:false
1726 http cache https://registry.npmjs.org/gopd 10ms (cache hit)
1727 silly packumentCache full:https://registry.npmjs.org/gopd set size:11458 disposed:false
1728 http cache https://registry.npmjs.org/call-bind-apply-helpers 4ms (cache hit)
1729 silly packumentCache full:https://registry.npmjs.org/call-bind-apply-helpers set size:12744 disposed:false
1730 silly packumentCache full:https://registry.npmjs.org/call-bind-apply-helpers dispose
1731 silly placeDep ROOT call-bind-apply-helpers@1.0.2 OK for: call-bound@1.0.4 want: ^1.0.2
1732 silly placeDep ROOT function-bind@1.1.2 OK for: call-bind-apply-helpers@1.0.2 want: ^1.1.2
1733 silly placeDep ROOT es-define-property@1.0.1 OK for: get-intrinsic@1.3.0 want: ^1.0.1
1734 silly placeDep ROOT es-object-atoms@1.1.1 OK for: get-intrinsic@1.3.0 want: ^1.1.1
1735 silly placeDep ROOT get-proto@1.0.1 OK for: get-intrinsic@1.3.0 want: ^1.0.1
1736 silly placeDep ROOT gopd@1.2.0 OK for: get-intrinsic@1.3.0 want: ^1.2.0
1737 silly placeDep ROOT has-symbols@1.1.0 OK for: get-intrinsic@1.3.0 want: ^1.1.0
1738 silly placeDep ROOT hasown@2.0.3 OK for: get-intrinsic@1.3.0 want: ^2.0.2
1739 silly placeDep ROOT math-intrinsics@1.1.0 OK for: get-intrinsic@1.3.0 want: ^1.1.0
1740 silly fetch manifest dunder-proto@^1.0.1
1741 silly packumentCache full:https://registry.npmjs.org/dunder-proto cache-miss
1742 http cache https://registry.npmjs.org/dunder-proto 2ms (cache hit)
1743 silly packumentCache full:https://registry.npmjs.org/dunder-proto set size:8256 disposed:false
1744 silly placeDep ROOT dunder-proto@1.0.1 OK for: get-proto@1.0.1 want: ^1.0.1
1745 silly placeDep ROOT emoji-regex@10.6.0 OK for: string-width@7.2.0 want: ^10.3.0
1746 silly placeDep ROOT get-east-asian-width@1.6.0 OK for: string-width@7.2.0 want: ^1.0.0
1747 silly placeDep ROOT get-own-enumerable-keys@1.0.0 OK for: stringify-object@5.0.0 want: ^1.0.0
1748 silly placeDep ROOT is-obj@3.0.0 OK for: stringify-object@5.0.0 want: ^3.0.0
1749 silly placeDep ROOT is-regexp@3.1.0 OK for: stringify-object@5.0.0 want: ^3.1.0
1750 silly placeDep ROOT ansi-regex@6.2.2 OK for: strip-ansi@7.2.0 want: ^6.2.2
1751 silly placeDep ROOT is-number@7.0.0 OK for: to-regex-range@5.0.1 want: ^7.0.0
1752 silly placeDep ROOT tldts@7.0.30 OK for: tough-cookie@6.0.1 want: ^7.0.5
1753 silly fetch manifest tldts-core@^7.0.30
1754 silly packumentCache full:https://registry.npmjs.org/tldts-core cache-miss
1755 http fetch GET 200 https://registry.npmjs.org/tldts-core 525ms (cache miss)
1756 silly packumentCache full:https://registry.npmjs.org/tldts-core set size:undefined disposed:false
1757 silly placeDep ROOT tldts-core@7.0.30 OK for: tldts@7.0.30 want: ^7.0.30
1758 silly placeDep ROOT @ts-morph/common@0.27.0 OK for: ts-morph@26.0.0 want: ~0.27.0
1759 silly placeDep ROOT code-block-writer@13.0.3 OK for: ts-morph@26.0.0 want: ^13.0.3
1760 silly fetch manifest minimatch@^10.0.1
1761 silly packumentCache full:https://registry.npmjs.org/minimatch cache-miss
1762 silly fetch manifest path-browserify@^1.0.1
1763 silly packumentCache full:https://registry.npmjs.org/path-browserify cache-miss
1764 http cache https://registry.npmjs.org/minimatch 6ms (cache hit)
1765 silly packumentCache full:https://registry.npmjs.org/minimatch set size:375282 disposed:false
1766 http fetch GET 200 https://registry.npmjs.org/path-browserify 202ms (cache miss)
1767 silly packumentCache full:https://registry.npmjs.org/path-browserify set size:undefined disposed:false
1768 silly placeDep ROOT minimatch@10.2.5 OK for: @ts-morph/common@0.27.0 want: ^10.0.1
1769 silly placeDep ROOT path-browserify@1.0.1 OK for: @ts-morph/common@0.27.0 want: ^1.0.1
1770 silly fetch manifest brace-expansion@^5.0.5
1771 silly packumentCache full:https://registry.npmjs.org/brace-expansion cache-miss
1772 http cache https://registry.npmjs.org/brace-expansion 4ms (cache hit)
1773 silly packumentCache full:https://registry.npmjs.org/brace-expansion set size:70654 disposed:false
1774 silly placeDep ROOT brace-expansion@5.0.6 OK for: minimatch@10.2.5 want: ^5.0.5
1775 silly fetch manifest balanced-match@^4.0.2
1776 silly packumentCache full:https://registry.npmjs.org/balanced-match cache-miss
1777 http cache https://registry.npmjs.org/balanced-match 4ms (cache hit)
1778 silly packumentCache full:https://registry.npmjs.org/balanced-match set size:39082 disposed:false
1779 silly placeDep ROOT balanced-match@4.0.4 OK for: brace-expansion@5.0.6 want: ^4.0.2
1780 silly placeDep ROOT minimist@1.2.8 OK for: tsconfig-paths@4.2.0 want: ^1.2.6
1781 silly placeDep ROOT strip-bom@3.0.0 OK for: tsconfig-paths@4.2.0 want: ^3.0.0
1782 silly placeDep ROOT tagged-tag@1.0.0 OK for: type-fest@5.6.0 want: ^1.0.0
1783 silly placeDep ROOT media-typer@1.1.0 OK for: type-is@2.0.1 want: ^1.1.0
1784 silly placeDep ROOT escalade@3.2.0 OK for: update-browserslist-db@1.2.3 want: ^3.2.0
1785 silly placeDep ROOT isexe@3.1.5 OK for: which@4.0.0 want: ^3.1.1
1786 silly placeDep ROOT is-wsl@3.1.1 OK for: wsl-utils@0.3.1 want: ^3.1.0
1787 silly placeDep ROOT cliui@8.0.1 OK for: yargs@17.7.2 want: ^8.0.1
1788 silly placeDep ROOT get-caller-file@2.0.5 OK for: yargs@17.7.2 want: ^2.0.5
1789 silly placeDep ROOT require-directory@2.1.1 OK for: yargs@17.7.2 want: ^2.1.1
1790 silly placeDep node_modules/yargs string-width@4.2.3 OK for: yargs@17.7.2 want: ^4.2.3
1791 silly placeDep ROOT y18n@5.0.8 OK for: yargs@17.7.2 want: ^5.0.5
1792 silly placeDep ROOT yargs-parser@21.1.1 OK for: yargs@17.7.2 want: ^21.1.1
1793 silly fetch manifest wrap-ansi@^7.0.0
1794 silly packumentCache full:https://registry.npmjs.org/wrap-ansi cache-miss
1795 silly fetch manifest strip-ansi@^6.0.1
1796 silly packumentCache full:https://registry.npmjs.org/strip-ansi cache-miss
1797 silly fetch manifest string-width@^4.2.0
1798 silly packumentCache full:https://registry.npmjs.org/string-width cache-hit
1799 silly fetch manifest strip-ansi@^6.0.1
1800 silly packumentCache full:https://registry.npmjs.org/strip-ansi cache-miss
1801 silly fetch manifest emoji-regex@^8.0.0
1802 silly packumentCache full:https://registry.npmjs.org/emoji-regex cache-hit
1803 silly fetch manifest is-fullwidth-code-point@^3.0.0
1804 silly packumentCache full:https://registry.npmjs.org/is-fullwidth-code-point cache-miss
1805 http cache https://registry.npmjs.org/strip-ansi 4ms (cache hit)
1806 silly packumentCache full:https://registry.npmjs.org/strip-ansi set size:44998 disposed:false
1807 http cache https://registry.npmjs.org/strip-ansi 5ms (cache hit)
1808 silly packumentCache full:https://registry.npmjs.org/strip-ansi set size:44998 disposed:false
1809 silly packumentCache full:https://registry.npmjs.org/strip-ansi dispose
1810 http fetch GET 200 https://registry.npmjs.org/wrap-ansi 220ms (cache miss)
1811 silly packumentCache full:https://registry.npmjs.org/wrap-ansi set size:undefined disposed:false
1812 http fetch GET 200 https://registry.npmjs.org/is-fullwidth-code-point 480ms (cache miss)
1813 silly packumentCache full:https://registry.npmjs.org/is-fullwidth-code-point set size:undefined disposed:false
1814 silly placeDep node_modules/cliui string-width@4.2.3 OK for: cliui@8.0.1 want: ^4.2.0
1815 silly placeDep node_modules/cliui strip-ansi@6.0.1 OK for: cliui@8.0.1 want: ^6.0.1
1816 silly placeDep ROOT wrap-ansi@7.0.0 OK for: cliui@8.0.1 want: ^7.0.0
1817 silly fetch manifest ansi-regex@^5.0.1
1818 silly packumentCache full:https://registry.npmjs.org/ansi-regex cache-miss
1819 silly fetch manifest strip-ansi@^6.0.0
1820 silly packumentCache full:https://registry.npmjs.org/strip-ansi cache-hit
1821 silly fetch manifest ansi-styles@^4.0.0
1822 silly packumentCache full:https://registry.npmjs.org/ansi-styles cache-miss
1823 silly fetch manifest string-width@^4.1.0
1824 silly packumentCache full:https://registry.npmjs.org/string-width cache-hit
1825 http cache https://registry.npmjs.org/ansi-regex 6ms (cache hit)
1826 silly packumentCache full:https://registry.npmjs.org/ansi-regex set size:43572 disposed:false
1827 http cache https://registry.npmjs.org/ansi-styles 7ms (cache hit)
1828 silly packumentCache full:https://registry.npmjs.org/ansi-styles set size:63233 disposed:false
1829 silly placeDep ROOT ansi-styles@4.3.0 OK for: wrap-ansi@7.0.0 want: ^4.0.0
1830 silly placeDep node_modules/wrap-ansi string-width@4.2.3 OK for: wrap-ansi@7.0.0 want: ^4.1.0
1831 silly placeDep node_modules/wrap-ansi strip-ansi@6.0.1 OK for: wrap-ansi@7.0.0 want: ^6.0.0
1832 silly fetch manifest color-convert@^2.0.1
1833 silly packumentCache full:https://registry.npmjs.org/color-convert cache-miss
1834 http cache https://registry.npmjs.org/color-convert 3ms (cache hit)
1835 silly packumentCache full:https://registry.npmjs.org/color-convert set size:72663 disposed:false
1836 silly placeDep ROOT color-convert@2.0.1 OK for: ansi-styles@4.3.0 want: ^2.0.1
1837 silly fetch manifest color-name@~1.1.4
1838 silly packumentCache full:https://registry.npmjs.org/color-name cache-miss
1839 http cache https://registry.npmjs.org/color-name 2ms (cache hit)
1840 silly packumentCache full:https://registry.npmjs.org/color-name set size:19467 disposed:false
1841 silly placeDep ROOT color-name@1.1.4 OK for: color-convert@2.0.1 want: ~1.1.4
1842 silly placeDep node_modules/@dotenvx/dotenvx get-stream@6.0.1 OK for: execa@5.1.1 want: ^6.0.0
1843 silly placeDep node_modules/@dotenvx/dotenvx human-signals@2.1.0 OK for: execa@5.1.1 want: ^2.1.0
1844 silly placeDep node_modules/@dotenvx/dotenvx is-stream@2.0.1 OK for: execa@5.1.1 want: ^2.0.0
1845 silly placeDep ROOT merge-stream@2.0.0 OK for: execa@5.1.1 want: ^2.0.0
1846 silly placeDep node_modules/@dotenvx/dotenvx npm-run-path@4.0.1 OK for: execa@5.1.1 want: ^4.0.1
1847 silly placeDep node_modules/@dotenvx/dotenvx onetime@5.1.2 OK for: execa@5.1.1 want: ^5.1.2
1848 silly placeDep node_modules/@dotenvx/dotenvx signal-exit@3.0.7 OK for: execa@5.1.1 want: ^3.0.3
1849 silly placeDep node_modules/@dotenvx/dotenvx strip-final-newline@2.0.0 OK for: execa@5.1.1 want: ^2.0.0
1850 silly fetch manifest mimic-fn@^2.1.0
1851 silly packumentCache full:https://registry.npmjs.org/mimic-fn cache-miss
1852 http fetch GET 200 https://registry.npmjs.org/mimic-fn 203ms (cache miss)
1853 silly packumentCache full:https://registry.npmjs.org/mimic-fn set size:undefined disposed:false
1854 silly placeDep ROOT mimic-fn@2.1.0 OK for: onetime@5.1.2 want: ^2.1.0
1855 silly placeDep node_modules/cliui emoji-regex@8.0.0 OK for: string-width@4.2.3 want: ^8.0.0
1856 silly placeDep ROOT is-fullwidth-code-point@3.0.0 OK for: string-width@4.2.3 want: ^3.0.0
1857 silly placeDep node_modules/cliui ansi-regex@5.0.1 OK for: strip-ansi@6.0.1 want: ^5.0.1
1858 silly placeDep node_modules/cross-spawn isexe@2.0.0 OK for: which@2.0.2 want: ^2.0.0
1859 silly placeDep node_modules/wrap-ansi emoji-regex@8.0.0 OK for: string-width@4.2.3 want: ^8.0.0
1860 silly placeDep node_modules/wrap-ansi ansi-regex@5.0.1 OK for: strip-ansi@6.0.1 want: ^5.0.1
1861 silly placeDep node_modules/yargs emoji-regex@8.0.0 OK for: string-width@4.2.3 want: ^8.0.0
1862 silly placeDep node_modules/yargs strip-ansi@6.0.1 OK for: string-width@4.2.3 want: ^6.0.1
1863 silly placeDep node_modules/yargs ansi-regex@5.0.1 OK for: strip-ansi@6.0.1 want: ^5.0.1
1864 silly reify moves {}
1865 silly audit bulk request {
1865 silly audit   shadcn: [ '4.7.0' ],
1865 silly audit   '@babel/core': [ '7.29.0' ],
1865 silly audit   '@babel/parser': [ '7.29.3' ],
1865 silly audit   '@babel/plugin-transform-typescript': [ '7.28.6' ],
1865 silly audit   '@babel/preset-typescript': [ '7.28.5' ],
1865 silly audit   '@dotenvx/dotenvx': [ '1.65.0' ],
1865 silly audit   '@modelcontextprotocol/sdk': [ '1.29.0' ],
1865 silly audit   '@types/validate-npm-package-name': [ '4.0.2' ],
1865 silly audit   browserslist: [ '4.28.2' ],
1865 silly audit   commander: [ '14.0.3', '11.1.0' ],
1865 silly audit   cosmiconfig: [ '9.0.1' ],
1865 silly audit   dedent: [ '1.7.2' ],
1865 silly audit   deepmerge: [ '4.3.1' ],
1865 silly audit   diff: [ '8.0.4' ],
1865 silly audit   execa: [ '9.6.1', '5.1.1' ],
1865 silly audit   'fast-glob': [ '3.3.3' ],
1865 silly audit   'fs-extra': [ '11.3.5' ],
1865 silly audit   fuzzysort: [ '3.1.0' ],
1865 silly audit   'https-proxy-agent': [ '7.0.6' ],
1865 silly audit   kleur: [ '4.1.5', '3.0.3' ],
1865 silly audit   msw: [ '2.14.5' ],
1865 silly audit   'node-fetch': [ '3.3.2' ],
1865 silly audit   open: [ '11.0.0' ],
1865 silly audit   ora: [ '8.2.0' ],
1865 silly audit   postcss: [ '8.5.14' ],
1865 silly audit   'postcss-selector-parser': [ '7.1.1' ],
1865 silly audit   prompts: [ '2.4.2' ],
1865 silly audit   recast: [ '0.23.11' ],
1865 silly audit   'stringify-object': [ '5.0.0' ],
1865 silly audit   'tailwind-merge': [ '3.5.0' ],
1865 silly audit   'ts-morph': [ '26.0.0' ],
1865 silly audit   'tsconfig-paths': [ '4.2.0' ],
1865 silly audit   'validate-npm-package-name': [ '7.0.2' ],
1865 silly audit   zod: [ '3.25.76' ],
1865 silly audit   'zod-to-json-schema': [ '3.25.2' ],
1865 silly audit   '@babel/code-frame': [ '7.29.0' ],
1865 silly audit   '@babel/generator': [ '7.29.1' ],
1865 silly audit   '@babel/helper-compilation-targets': [ '7.28.6' ],
1865 silly audit   '@babel/helper-module-transforms': [ '7.28.6' ],
1865 silly audit   '@babel/helpers': [ '7.29.2' ],
1865 silly audit   '@babel/template': [ '7.28.6' ],
1865 silly audit   '@babel/traverse': [ '7.29.0' ],
1865 silly audit   '@babel/types': [ '7.29.0' ],
1865 silly audit   '@jridgewell/remapping': [ '2.3.5' ],
1865 silly audit   'convert-source-map': [ '2.0.0' ],
1865 silly audit   debug: [ '4.4.3' ],
1865 silly audit   gensync: [ '1.0.0-beta.2' ],
1865 silly audit   json5: [ '2.2.3' ],
1865 silly audit   semver: [ '6.3.1' ],
1865 silly audit   '@babel/helper-validator-identifier': [ '7.28.5' ],
1865 silly audit   'js-tokens': [ '4.0.0' ],
1865 silly audit   picocolors: [ '1.1.1' ],
1865 silly audit   '@jridgewell/gen-mapping': [ '0.3.13' ],
1865 silly audit   '@jridgewell/trace-mapping': [ '0.3.31' ],
1865 silly audit   jsesc: [ '3.1.0' ],
1865 silly audit   '@babel/compat-data': [ '7.29.3' ],
1865 silly audit   '@babel/helper-validator-option': [ '7.27.1' ],
1865 silly audit   'lru-cache': [ '5.1.1' ],
1865 silly audit   '@babel/helper-module-imports': [ '7.28.6' ],
1865 silly audit   '@babel/helper-annotate-as-pure': [ '7.27.3' ],
1865 silly audit   '@babel/helper-create-class-features-plugin': [ '7.29.3' ],
1865 silly audit   '@babel/helper-plugin-utils': [ '7.28.6' ],
1865 silly audit   '@babel/helper-skip-transparent-expression-wrappers': [ '7.27.1' ],
1865 silly audit   '@babel/plugin-syntax-typescript': [ '7.28.6' ],
1865 silly audit   '@babel/helper-member-expression-to-functions': [ '7.28.5' ],
1865 silly audit   '@babel/helper-optimise-call-expression': [ '7.27.1' ],
1865 silly audit   '@babel/helper-replace-supers': [ '7.28.6' ],
1865 silly audit   '@babel/plugin-syntax-jsx': [ '7.28.6' ],
1865 silly audit   '@babel/plugin-transform-modules-commonjs': [ '7.28.6' ],
1865 silly audit   '@babel/helper-globals': [ '7.28.0' ],
1865 silly audit   '@babel/helper-string-parser': [ '7.27.1' ],
1865 silly audit   dotenv: [ '17.4.2' ],
1865 silly audit   eciesjs: [ '0.4.18' ],
1865 silly audit   fdir: [ '6.5.0' ],
1865 silly audit   ignore: [ '5.3.2' ],
1865 silly audit   'object-treeify': [ '1.1.33' ],
1865 silly audit   picomatch: [ '4.0.4', '2.3.2' ],
1865 silly audit   which: [ '4.0.0', '2.0.2' ],
1865 silly audit   'yocto-spinner': [ '1.2.0' ],
1865 silly audit   '@jridgewell/sourcemap-codec': [ '1.5.5' ],
1865 silly audit   '@jridgewell/resolve-uri': [ '3.1.2' ],
1865 silly audit   '@hono/node-server': [ '1.19.14' ],
1865 silly audit   hono: [ '4.12.18' ],
1865 silly audit   ajv: [ '8.20.0' ],
1865 silly audit   'ajv-formats': [ '3.0.1' ],
1865 silly audit   'content-type': [ '1.0.5' ],
1865 silly audit   cors: [ '2.8.6' ],
1865 silly audit   'cross-spawn': [ '7.0.6' ],
1865 silly audit   eventsource: [ '3.0.7' ],
1865 silly audit   'eventsource-parser': [ '3.0.8' ],
1865 silly audit   express: [ '5.2.1' ],
1865 silly audit   'express-rate-limit': [ '8.5.1' ],
1865 silly audit   jose: [ '6.2.3' ],
1865 silly audit   'json-schema-typed': [ '8.0.2' ],
1865 silly audit   'pkce-challenge': [ '5.0.1' ],
1865 silly audit   'raw-body': [ '3.0.2' ],
1865 silly audit   'fast-deep-equal': [ '3.1.3' ],
1865 silly audit   'fast-uri': [ '3.1.2' ],
1865 silly audit   'json-schema-traverse': [ '1.0.0' ],
1865 silly audit   'require-from-string': [ '2.0.2' ],
1865 silly audit   'baseline-browser-mapping': [ '2.10.27' ],
1865 silly audit   'caniuse-lite': [ '1.0.30001792' ],
1865 silly audit   'electron-to-chromium': [ '1.5.352' ],
1865 silly audit   'node-releases': [ '2.0.38' ],
1865 silly audit   'update-browserslist-db': [ '1.2.3' ],
1865 silly audit   'object-assign': [ '4.1.1' ],
1865 silly audit   vary: [ '1.1.2' ],
1865 silly audit   'env-paths': [ '2.2.1' ],
1865 silly audit   'import-fresh': [ '3.3.1' ],
1865 silly audit   'js-yaml': [ '4.1.1' ],
1865 silly audit   'parse-json': [ '5.2.0' ],
1865 silly audit   'path-key': [ '3.1.1', '4.0.0' ],
1865 silly audit   'shebang-command': [ '2.0.0' ],
1865 silly audit   ms: [ '2.1.3' ],
1865 silly audit   '@ecies/ciphers': [ '0.2.6' ],
1865 silly audit   '@noble/ciphers': [ '1.3.0' ],
1865 silly audit   '@noble/curves': [ '1.9.7' ],
1865 silly audit   '@noble/hashes': [ '1.8.0' ],
1865 silly audit   '@sindresorhus/merge-streams': [ '4.0.0' ],
1865 silly audit   figures: [ '6.1.0' ],
1865 silly audit   'get-stream': [ '9.0.1', '6.0.1' ],
1865 silly audit   'human-signals': [ '8.0.1', '2.1.0' ],
1865 silly audit   'is-plain-obj': [ '4.1.0' ],
1865 silly audit   'is-stream': [ '4.0.1', '2.0.1' ],
1865 silly audit   'npm-run-path': [ '6.0.0', '4.0.1' ],
1865 silly audit   'pretty-ms': [ '9.3.0' ],
1865 silly audit   'signal-exit': [ '4.1.0', '3.0.7' ],
1865 silly audit   'strip-final-newline': [ '4.0.0', '2.0.0' ],
1865 silly audit   yoctocolors: [ '2.1.2' ],
1865 silly audit   accepts: [ '2.0.0' ],
1865 silly audit   'body-parser': [ '2.2.2' ],
1865 silly audit   'content-disposition': [ '1.1.0' ],
1865 silly audit   cookie: [ '0.7.2', '1.1.1' ],
1865 silly audit   'cookie-signature': [ '1.2.2' ],
1865 silly audit   depd: [ '2.0.0' ],
1865 silly audit   encodeurl: [ '2.0.0' ],
1865 silly audit   'escape-html': [ '1.0.3' ],
1865 silly audit   etag: [ '1.8.1' ],
1865 silly audit   finalhandler: [ '2.1.1' ],
1865 silly audit   fresh: [ '2.0.0' ],
1865 silly audit   'http-errors': [ '2.0.1' ],
1865 silly audit   'merge-descriptors': [ '2.0.0' ],
1865 silly audit   'mime-types': [ '3.0.2' ],
1865 silly audit   'on-finished': [ '2.4.1' ],
1865 silly audit   once: [ '1.4.0' ],
1865 silly audit   parseurl: [ '1.3.3' ],
1865 silly audit   'proxy-addr': [ '2.0.7' ],
1865 silly audit   qs: [ '6.15.1' ],
1865 silly audit   'range-parser': [ '1.2.1' ],
1865 silly audit   router: [ '2.2.0' ],
1865 silly audit   send: [ '1.2.1' ],
1865 silly audit   'serve-static': [ '2.2.1' ],
1865 silly audit   statuses: [ '2.0.2' ],
1865 silly audit   'type-is': [ '2.0.1' ],
1865 silly audit   negotiator: [ '1.0.0' ],
1865 silly audit   bytes: [ '3.1.2' ],
1865 silly audit   'iconv-lite': [ '0.7.2' ],
1865 silly audit   'ip-address': [ '10.2.0' ],
1865 silly audit   '@nodelib/fs.stat': [ '2.0.5' ],
1865 silly audit   '@nodelib/fs.walk': [ '1.2.8' ],
1865 silly audit   'glob-parent': [ '5.1.2' ],
1865 silly audit   merge2: [ '1.4.1' ],
1865 silly audit   micromatch: [ '4.0.8' ],
1865 silly audit   '@nodelib/fs.scandir': [ '2.1.5' ],
1865 silly audit   fastq: [ '1.20.1' ],
1865 silly audit   'run-parallel': [ '1.2.0' ],
1865 silly audit   reusify: [ '1.1.0' ],
1865 silly audit   'is-unicode-supported': [ '2.1.0', '1.3.0' ],
1865 silly audit   'graceful-fs': [ '4.2.11' ],
1865 silly audit   jsonfile: [ '6.2.1' ],
1865 silly audit   universalify: [ '2.0.1' ],
1865 silly audit   '@sec-ant/readable-stream': [ '0.4.1' ],
1865 silly audit   'is-glob': [ '4.0.3' ],
1865 silly audit   inherits: [ '2.0.4' ],
1865 silly audit   setprototypeof: [ '1.2.0' ],
1865 silly audit   toidentifier: [ '1.0.1' ],
1865 silly audit   'agent-base': [ '7.1.4' ],
1865 silly audit   'safer-buffer': [ '2.1.2' ],
1865 silly audit   'parent-module': [ '1.0.1' ],
1865 silly audit   'resolve-from': [ '4.0.0' ],
1865 silly audit   'is-extglob': [ '2.1.1' ],
1865 silly audit   argparse: [ '2.0.1' ],
1865 silly audit   yallist: [ '3.1.1' ],
1865 silly audit   braces: [ '3.0.3' ],
1865 silly audit   'fill-range': [ '7.1.1' ],
1865 silly audit   'to-regex-range': [ '5.0.1' ],
1865 silly audit   'mime-db': [ '1.54.0' ],
1865 silly audit   '@inquirer/confirm': [ '6.0.12' ],
1865 silly audit   '@mswjs/interceptors': [ '0.41.8' ],
1865 silly audit   '@open-draft/deferred-promise': [ '3.0.0', '2.2.0' ],
1865 silly audit   '@types/statuses': [ '2.0.6' ],
1865 silly audit   graphql: [ '16.14.0' ],
1865 silly audit   'headers-polyfill': [ '5.0.1' ],
1865 silly audit   'is-node-process': [ '1.2.0' ],
1865 silly audit   outvariant: [ '1.4.3' ],
1865 silly audit   'path-to-regexp': [ '6.3.0', '8.4.2' ],
1865 silly audit   rettime: [ '0.11.11' ],
1865 silly audit   'strict-event-emitter': [ '0.5.1' ],
1865 silly audit   'tough-cookie': [ '6.0.1' ],
1865 silly audit   'type-fest': [ '5.6.0' ],
1865 silly audit   'until-async': [ '3.0.2' ],
1865 silly audit   yargs: [ '17.7.2' ],
1865 silly audit   '@inquirer/core': [ '11.1.9' ],
1865 silly audit   '@inquirer/type': [ '4.0.5' ],
1865 silly audit   '@inquirer/ansi': [ '2.0.5' ],
1865 silly audit   '@inquirer/figures': [ '2.0.5' ],
1865 silly audit   'cli-width': [ '4.1.0' ],
1865 silly audit   'fast-wrap-ansi': [ '0.2.0' ],
1865 silly audit   'mute-stream': [ '3.0.0' ],
1865 silly audit   '@open-draft/logger': [ '0.3.0' ],
1865 silly audit   '@open-draft/until': [ '2.1.0' ],
1865 silly audit   'fast-string-width': [ '3.0.2' ],
1865 silly audit   'fast-string-truncated-width': [ '3.0.3' ],
1865 silly audit   '@types/set-cookie-parser': [ '2.4.10' ],
1865 silly audit   'set-cookie-parser': [ '3.1.0' ],
1865 silly audit   '@types/node': [ '25.6.2' ],
1865 silly audit   'undici-types': [ '7.19.2' ],
1865 silly audit   'data-uri-to-buffer': [ '4.0.1' ],
1865 silly audit   'fetch-blob': [ '3.2.0' ],
1865 silly audit   'formdata-polyfill': [ '4.0.10' ],
1865 silly audit   'node-domexception': [ '1.0.0' ],
1865 silly audit   'web-streams-polyfill': [ '3.3.3' ],
1865 silly audit   'unicorn-magic': [ '0.3.0' ],
1865 silly audit   'ee-first': [ '1.1.1' ],
1865 silly audit   wrappy: [ '1.0.2' ],
1865 silly audit   'default-browser': [ '5.5.0' ],
1865 silly audit   'define-lazy-prop': [ '3.0.0' ],
1865 silly audit   'is-in-ssh': [ '1.0.0' ],
1865 silly audit   'is-inside-container': [ '1.0.0' ],
1865 silly audit   'powershell-utils': [ '0.1.0' ],
1865 silly audit   'wsl-utils': [ '0.3.1' ],
1865 silly audit   'bundle-name': [ '4.1.0' ],
1865 silly audit   'default-browser-id': [ '5.0.1' ],
1865 silly audit   'run-applescript': [ '7.1.0' ],
1865 silly audit   'is-docker': [ '3.0.0' ],
1865 silly audit   chalk: [ '5.6.2' ],
1865 silly audit   'cli-cursor': [ '5.0.0' ],
1865 silly audit   'cli-spinners': [ '2.9.2' ],
1865 silly audit   'is-interactive': [ '2.0.0' ],
1865 silly audit   'log-symbols': [ '6.0.0' ],
1865 silly audit   'stdin-discarder': [ '0.2.2' ],
1865 silly audit   'string-width': [ '7.2.0', '4.2.3' ],
1865 silly audit   'strip-ansi': [ '7.2.0', '6.0.1' ],
1865 silly audit   'restore-cursor': [ '5.1.0' ],
1865 silly audit   callsites: [ '3.1.0' ],
1865 silly audit   'error-ex': [ '1.3.4' ],
1865 silly audit   'json-parse-even-better-errors': [ '2.3.1' ],
1865 silly audit   'lines-and-columns': [ '1.2.4' ],
1865 silly audit   'is-arrayish': [ '0.2.1' ],
1865 silly audit   nanoid: [ '3.3.12' ],
1865 silly audit   'source-map-js': [ '1.2.1' ],
1865 silly audit   cssesc: [ '3.0.0' ],
1865 silly audit   'util-deprecate': [ '1.0.2' ],
1865 silly audit   'parse-ms': [ '4.0.0' ],
1865 silly audit   sisteransi: [ '1.0.5' ],
1865 silly audit   forwarded: [ '0.2.0' ],
1865 silly audit   'ipaddr.js': [ '1.9.1' ],
1865 silly audit   'side-channel': [ '1.1.0' ],
1865 silly audit   unpipe: [ '1.0.0' ],
1865 silly audit   'ast-types': [ '0.16.1' ],
1865 silly audit   esprima: [ '4.0.1' ],
1865 silly audit   'source-map': [ '0.6.1' ],
1865 silly audit   'tiny-invariant': [ '1.3.3' ],
1865 silly audit   tslib: [ '2.8.1' ],
1865 silly audit   onetime: [ '7.0.0', '5.1.2' ],
1865 silly audit   'mimic-function': [ '5.0.1' ],
1865 silly audit   'is-promise': [ '4.0.0' ],
1865 silly audit   'queue-microtask': [ '1.2.3' ],
1865 silly audit   'shebang-regex': [ '3.0.0' ],
1865 silly audit   'es-errors': [ '1.3.0' ],
1865 silly audit   'object-inspect': [ '1.13.4' ],
1865 silly audit   'side-channel-list': [ '1.0.1' ],
1865 silly audit   'side-channel-map': [ '1.0.1' ],
1865 silly audit   'side-channel-weakmap': [ '1.0.2' ],
1865 silly audit   'call-bound': [ '1.0.4' ],
1865 silly audit   'get-intrinsic': [ '1.3.0' ],
1865 silly audit   'call-bind-apply-helpers': [ '1.0.2' ],
1865 silly audit   'function-bind': [ '1.1.2' ],
1865 silly audit   'es-define-property': [ '1.0.1' ],
1865 silly audit   'es-object-atoms': [ '1.1.1' ],
1865 silly audit   'get-proto': [ '1.0.1' ],
1865 silly audit   gopd: [ '1.2.0' ],
1865 silly audit   'has-symbols': [ '1.1.0' ],
1865 silly audit   hasown: [ '2.0.3' ],
1865 silly audit   'math-intrinsics': [ '1.1.0' ],
1865 silly audit   'dunder-proto': [ '1.0.1' ],
1865 silly audit   'emoji-regex': [ '10.6.0', '8.0.0' ],
1865 silly audit   'get-east-asian-width': [ '1.6.0' ],
1865 silly audit   'get-own-enumerable-keys': [ '1.0.0' ],
1865 silly audit   'is-obj': [ '3.0.0' ],
1865 silly audit   'is-regexp': [ '3.1.0' ],
1865 silly audit   'ansi-regex': [ '6.2.2', '5.0.1' ],
1865 silly audit   'is-number': [ '7.0.0' ],
1865 silly audit   tldts: [ '7.0.30' ],
1865 silly audit   'tldts-core': [ '7.0.30' ],
1865 silly audit   '@ts-morph/common': [ '0.27.0' ],
1865 silly audit   'code-block-writer': [ '13.0.3' ],
1865 silly audit   minimatch: [ '10.2.5' ],
1865 silly audit   'path-browserify': [ '1.0.1' ],
1865 silly audit   'brace-expansion': [ '5.0.6' ],
1865 silly audit   'balanced-match': [ '4.0.4' ],
1865 silly audit   minimist: [ '1.2.8' ],
1865 silly audit   'strip-bom': [ '3.0.0' ],
1865 silly audit   'tagged-tag': [ '1.0.0' ],
1865 silly audit   'media-typer': [ '1.1.0' ],
1865 silly audit   escalade: [ '3.2.0' ],
1865 silly audit   isexe: [ '3.1.5', '2.0.0' ],
1865 silly audit   'is-wsl': [ '3.1.1' ],
1865 silly audit   cliui: [ '8.0.1' ],
1865 silly audit   'get-caller-file': [ '2.0.5' ],
1865 silly audit   'require-directory': [ '2.1.1' ],
1865 silly audit   y18n: [ '5.0.8' ],
1865 silly audit   'yargs-parser': [ '21.1.1' ],
1865 silly audit   'wrap-ansi': [ '7.0.0' ],
1865 silly audit   'ansi-styles': [ '4.3.0' ],
1865 silly audit   'color-convert': [ '2.0.1' ],
1865 silly audit   'color-name': [ '1.1.4' ],
1865 silly audit   'merge-stream': [ '2.0.0' ],
1865 silly audit   'mimic-fn': [ '2.1.0' ],
1865 silly audit   'is-fullwidth-code-point': [ '3.0.0' ]
1865 silly audit }
1866 http cache is-fullwidth-code-point@https://registry.npmjs.org/is-fullwidth-code-point/-/is-fullwidth-code-point-3.0.0.tgz 0ms (cache hit)
1867 http cache mimic-fn@https://registry.npmjs.org/mimic-fn/-/mimic-fn-2.1.0.tgz 0ms (cache hit)
1868 http cache merge-stream@https://registry.npmjs.org/merge-stream/-/merge-stream-2.0.0.tgz 0ms (cache hit)
1869 http cache color-name@https://registry.npmjs.org/color-name/-/color-name-1.1.4.tgz 0ms (cache hit)
1870 http cache wrap-ansi@https://registry.npmjs.org/wrap-ansi/-/wrap-ansi-7.0.0.tgz 0ms (cache hit)
1871 http cache color-convert@https://registry.npmjs.org/color-convert/-/color-convert-2.0.1.tgz 0ms (cache hit)
1872 http cache ansi-styles@https://registry.npmjs.org/ansi-styles/-/ansi-styles-4.3.0.tgz 0ms (cache hit)
1873 http cache yargs-parser@https://registry.npmjs.org/yargs-parser/-/yargs-parser-21.1.1.tgz 0ms (cache hit)
1874 http cache y18n@https://registry.npmjs.org/y18n/-/y18n-5.0.8.tgz 0ms (cache hit)
1875 http cache require-directory@https://registry.npmjs.org/require-directory/-/require-directory-2.1.1.tgz 0ms (cache hit)
1876 http cache get-caller-file@https://registry.npmjs.org/get-caller-file/-/get-caller-file-2.0.5.tgz 0ms (cache hit)
1877 http cache cliui@https://registry.npmjs.org/cliui/-/cliui-8.0.1.tgz 0ms (cache hit)
1878 http cache is-wsl@https://registry.npmjs.org/is-wsl/-/is-wsl-3.1.1.tgz 0ms (cache hit)
1879 http cache escalade@https://registry.npmjs.org/escalade/-/escalade-3.2.0.tgz 0ms (cache hit)
1880 http cache strip-bom@https://registry.npmjs.org/strip-bom/-/strip-bom-3.0.0.tgz 0ms (cache hit)
1881 http cache isexe@https://registry.npmjs.org/isexe/-/isexe-3.1.5.tgz 0ms (cache hit)
1882 http cache minimist@https://registry.npmjs.org/minimist/-/minimist-1.2.8.tgz 0ms (cache hit)
1883 http cache tagged-tag@https://registry.npmjs.org/tagged-tag/-/tagged-tag-1.0.0.tgz 0ms (cache hit)
1884 http cache path-browserify@https://registry.npmjs.org/path-browserify/-/path-browserify-1.0.1.tgz 0ms (cache hit)
1885 http cache balanced-match@https://registry.npmjs.org/balanced-match/-/balanced-match-4.0.4.tgz 0ms (cache hit)
1886 http cache minimatch@https://registry.npmjs.org/minimatch/-/minimatch-10.2.5.tgz 0ms (cache hit)
1887 http cache code-block-writer@https://registry.npmjs.org/code-block-writer/-/code-block-writer-13.0.3.tgz 0ms (cache hit)
1888 http cache brace-expansion@https://registry.npmjs.org/brace-expansion/-/brace-expansion-5.0.6.tgz 0ms (cache hit)
1889 http cache @ts-morph/common@https://registry.npmjs.org/@ts-morph/common/-/common-0.27.0.tgz 0ms (cache hit)
1890 http cache tldts-core@https://registry.npmjs.org/tldts-core/-/tldts-core-7.0.30.tgz 0ms (cache hit)
1891 http cache tldts@https://registry.npmjs.org/tldts/-/tldts-7.0.30.tgz 0ms (cache hit)
1892 http cache media-typer@https://registry.npmjs.org/media-typer/-/media-typer-1.1.0.tgz 0ms (cache hit)
1893 http cache is-number@https://registry.npmjs.org/is-number/-/is-number-7.0.0.tgz 0ms (cache hit)
1894 http cache ansi-regex@https://registry.npmjs.org/ansi-regex/-/ansi-regex-6.2.2.tgz 0ms (cache hit)
1895 http cache is-regexp@https://registry.npmjs.org/is-regexp/-/is-regexp-3.1.0.tgz 0ms (cache hit)
1896 http cache is-obj@https://registry.npmjs.org/is-obj/-/is-obj-3.0.0.tgz 0ms (cache hit)
1897 http cache get-own-enumerable-keys@https://registry.npmjs.org/get-own-enumerable-keys/-/get-own-enumerable-keys-1.0.0.tgz 0ms (cache hit)
1898 http cache get-east-asian-width@https://registry.npmjs.org/get-east-asian-width/-/get-east-asian-width-1.6.0.tgz 0ms (cache hit)
1899 http cache emoji-regex@https://registry.npmjs.org/emoji-regex/-/emoji-regex-10.6.0.tgz 0ms (cache hit)
1900 http cache math-intrinsics@https://registry.npmjs.org/math-intrinsics/-/math-intrinsics-1.1.0.tgz 0ms (cache hit)
1901 http cache dunder-proto@https://registry.npmjs.org/dunder-proto/-/dunder-proto-1.0.1.tgz 0ms (cache hit)
1902 http cache has-symbols@https://registry.npmjs.org/has-symbols/-/has-symbols-1.1.0.tgz 0ms (cache hit)
1903 http cache gopd@https://registry.npmjs.org/gopd/-/gopd-1.2.0.tgz 0ms (cache hit)
1904 http cache get-proto@https://registry.npmjs.org/get-proto/-/get-proto-1.0.1.tgz 0ms (cache hit)
1905 http cache es-object-atoms@https://registry.npmjs.org/es-object-atoms/-/es-object-atoms-1.1.1.tgz 0ms (cache hit)
1906 http cache es-define-property@https://registry.npmjs.org/es-define-property/-/es-define-property-1.0.1.tgz 0ms (cache hit)
1907 http cache hasown@https://registry.npmjs.org/hasown/-/hasown-2.0.3.tgz 0ms (cache hit)
1908 http cache function-bind@https://registry.npmjs.org/function-bind/-/function-bind-1.1.2.tgz 0ms (cache hit)
1909 http cache call-bind-apply-helpers@https://registry.npmjs.org/call-bind-apply-helpers/-/call-bind-apply-helpers-1.0.2.tgz 0ms (cache hit)
1910 http cache get-intrinsic@https://registry.npmjs.org/get-intrinsic/-/get-intrinsic-1.3.0.tgz 0ms (cache hit)
1911 http cache call-bound@https://registry.npmjs.org/call-bound/-/call-bound-1.0.4.tgz 0ms (cache hit)
1912 http cache side-channel-map@https://registry.npmjs.org/side-channel-map/-/side-channel-map-1.0.1.tgz 0ms (cache hit)
1913 http cache side-channel-list@https://registry.npmjs.org/side-channel-list/-/side-channel-list-1.0.1.tgz 0ms (cache hit)
1914 http cache object-inspect@https://registry.npmjs.org/object-inspect/-/object-inspect-1.13.4.tgz 0ms (cache hit)
1915 http cache es-errors@https://registry.npmjs.org/es-errors/-/es-errors-1.3.0.tgz 0ms (cache hit)
1916 http cache shebang-regex@https://registry.npmjs.org/shebang-regex/-/shebang-regex-3.0.0.tgz 0ms (cache hit)
1917 http cache queue-microtask@https://registry.npmjs.org/queue-microtask/-/queue-microtask-1.2.3.tgz 0ms (cache hit)
1918 http cache is-promise@https://registry.npmjs.org/is-promise/-/is-promise-4.0.0.tgz 0ms (cache hit)
1919 http cache side-channel-weakmap@https://registry.npmjs.org/side-channel-weakmap/-/side-channel-weakmap-1.0.2.tgz 0ms (cache hit)
1920 http cache mimic-function@https://registry.npmjs.org/mimic-function/-/mimic-function-5.0.1.tgz 0ms (cache hit)
1921 http cache onetime@https://registry.npmjs.org/onetime/-/onetime-7.0.0.tgz 0ms (cache hit)
1922 http cache tslib@https://registry.npmjs.org/tslib/-/tslib-2.8.1.tgz 0ms (cache hit)
1923 http cache tiny-invariant@https://registry.npmjs.org/tiny-invariant/-/tiny-invariant-1.3.3.tgz 0ms (cache hit)
1924 http cache source-map@https://registry.npmjs.org/source-map/-/source-map-0.6.1.tgz 0ms (cache hit)
1925 http cache esprima@https://registry.npmjs.org/esprima/-/esprima-4.0.1.tgz 0ms (cache hit)
1926 http cache ast-types@https://registry.npmjs.org/ast-types/-/ast-types-0.16.1.tgz 0ms (cache hit)
1927 http cache unpipe@https://registry.npmjs.org/unpipe/-/unpipe-1.0.0.tgz 0ms (cache hit)
1928 http cache side-channel@https://registry.npmjs.org/side-channel/-/side-channel-1.1.0.tgz 0ms (cache hit)
1929 http cache ipaddr.js@https://registry.npmjs.org/ipaddr.js/-/ipaddr.js-1.9.1.tgz 0ms (cache hit)
1930 http cache forwarded@https://registry.npmjs.org/forwarded/-/forwarded-0.2.0.tgz 0ms (cache hit)
1931 http cache sisteransi@https://registry.npmjs.org/sisteransi/-/sisteransi-1.0.5.tgz 0ms (cache hit)
1932 http cache util-deprecate@https://registry.npmjs.org/util-deprecate/-/util-deprecate-1.0.2.tgz 0ms (cache hit)
1933 http cache parse-ms@https://registry.npmjs.org/parse-ms/-/parse-ms-4.0.0.tgz 0ms (cache hit)
1934 http cache cssesc@https://registry.npmjs.org/cssesc/-/cssesc-3.0.0.tgz 0ms (cache hit)
1935 http cache source-map-js@https://registry.npmjs.org/source-map-js/-/source-map-js-1.2.1.tgz 0ms (cache hit)
1936 http cache nanoid@https://registry.npmjs.org/nanoid/-/nanoid-3.3.12.tgz 0ms (cache hit)
1937 http cache is-arrayish@https://registry.npmjs.org/is-arrayish/-/is-arrayish-0.2.1.tgz 0ms (cache hit)
1938 http cache lines-and-columns@https://registry.npmjs.org/lines-and-columns/-/lines-and-columns-1.2.4.tgz 0ms (cache hit)
1939 http cache error-ex@https://registry.npmjs.org/error-ex/-/error-ex-1.3.4.tgz 0ms (cache hit)
1940 http cache json-parse-even-better-errors@https://registry.npmjs.org/json-parse-even-better-errors/-/json-parse-even-better-errors-2.3.1.tgz 0ms (cache hit)
1941 http cache callsites@https://registry.npmjs.org/callsites/-/callsites-3.1.0.tgz 0ms (cache hit)
1942 http cache restore-cursor@https://registry.npmjs.org/restore-cursor/-/restore-cursor-5.1.0.tgz 0ms (cache hit)
1943 http cache strip-ansi@https://registry.npmjs.org/strip-ansi/-/strip-ansi-7.2.0.tgz 0ms (cache hit)
1944 http cache stdin-discarder@https://registry.npmjs.org/stdin-discarder/-/stdin-discarder-0.2.2.tgz 0ms (cache hit)
1945 http cache string-width@https://registry.npmjs.org/string-width/-/string-width-7.2.0.tgz 0ms (cache hit)
1946 http cache log-symbols@https://registry.npmjs.org/log-symbols/-/log-symbols-6.0.0.tgz 0ms (cache hit)
1947 http cache is-interactive@https://registry.npmjs.org/is-interactive/-/is-interactive-2.0.0.tgz 0ms (cache hit)
1948 http cache cli-cursor@https://registry.npmjs.org/cli-cursor/-/cli-cursor-5.0.0.tgz 0ms (cache hit)
1949 http cache chalk@https://registry.npmjs.org/chalk/-/chalk-5.6.2.tgz 0ms (cache hit)
1950 http cache is-docker@https://registry.npmjs.org/is-docker/-/is-docker-3.0.0.tgz 0ms (cache hit)
1951 http cache cli-spinners@https://registry.npmjs.org/cli-spinners/-/cli-spinners-2.9.2.tgz 0ms (cache hit)
1952 http cache run-applescript@https://registry.npmjs.org/run-applescript/-/run-applescript-7.1.0.tgz 0ms (cache hit)
1953 http cache default-browser-id@https://registry.npmjs.org/default-browser-id/-/default-browser-id-5.0.1.tgz 0ms (cache hit)
1954 http cache bundle-name@https://registry.npmjs.org/bundle-name/-/bundle-name-4.1.0.tgz 0ms (cache hit)
1955 http cache wsl-utils@https://registry.npmjs.org/wsl-utils/-/wsl-utils-0.3.1.tgz 0ms (cache hit)
1956 http cache powershell-utils@https://registry.npmjs.org/powershell-utils/-/powershell-utils-0.1.0.tgz 0ms (cache hit)
1957 http cache is-inside-container@https://registry.npmjs.org/is-inside-container/-/is-inside-container-1.0.0.tgz 0ms (cache hit)
1958 http cache is-in-ssh@https://registry.npmjs.org/is-in-ssh/-/is-in-ssh-1.0.0.tgz 0ms (cache hit)
1959 http cache default-browser@https://registry.npmjs.org/default-browser/-/default-browser-5.5.0.tgz 0ms (cache hit)
1960 http cache wrappy@https://registry.npmjs.org/wrappy/-/wrappy-1.0.2.tgz 0ms (cache hit)
1961 http cache define-lazy-prop@https://registry.npmjs.org/define-lazy-prop/-/define-lazy-prop-3.0.0.tgz 0ms (cache hit)
1962 http cache ee-first@https://registry.npmjs.org/ee-first/-/ee-first-1.1.1.tgz 0ms (cache hit)
1963 http cache unicorn-magic@https://registry.npmjs.org/unicorn-magic/-/unicorn-magic-0.3.0.tgz 0ms (cache hit)
1964 http cache web-streams-polyfill@https://registry.npmjs.org/web-streams-polyfill/-/web-streams-polyfill-3.3.3.tgz 0ms (cache hit)
1965 http cache formdata-polyfill@https://registry.npmjs.org/formdata-polyfill/-/formdata-polyfill-4.0.10.tgz 0ms (cache hit)
1966 http cache node-domexception@https://registry.npmjs.org/node-domexception/-/node-domexception-1.0.0.tgz 0ms (cache hit)
1967 http cache fetch-blob@https://registry.npmjs.org/fetch-blob/-/fetch-blob-3.2.0.tgz 0ms (cache hit)
1968 http cache data-uri-to-buffer@https://registry.npmjs.org/data-uri-to-buffer/-/data-uri-to-buffer-4.0.1.tgz 0ms (cache hit)
1969 http cache undici-types@https://registry.npmjs.org/undici-types/-/undici-types-7.19.2.tgz 0ms (cache hit)
1970 http cache @types/node@https://registry.npmjs.org/@types/node/-/node-25.6.2.tgz 0ms (cache hit)
1971 http cache set-cookie-parser@https://registry.npmjs.org/set-cookie-parser/-/set-cookie-parser-3.1.0.tgz 0ms (cache hit)
1972 http cache @types/set-cookie-parser@https://registry.npmjs.org/@types/set-cookie-parser/-/set-cookie-parser-2.4.10.tgz 0ms (cache hit)
1973 http cache fast-string-truncated-width@https://registry.npmjs.org/fast-string-truncated-width/-/fast-string-truncated-width-3.0.3.tgz 0ms (cache hit)
1974 http cache fast-string-width@https://registry.npmjs.org/fast-string-width/-/fast-string-width-3.0.2.tgz 0ms (cache hit)
1975 http cache @open-draft/until@https://registry.npmjs.org/@open-draft/until/-/until-2.1.0.tgz 0ms (cache hit)
1976 http cache @open-draft/logger@https://registry.npmjs.org/@open-draft/logger/-/logger-0.3.0.tgz 0ms (cache hit)
1977 http cache mute-stream@https://registry.npmjs.org/mute-stream/-/mute-stream-3.0.0.tgz 0ms (cache hit)
1978 http cache fast-wrap-ansi@https://registry.npmjs.org/fast-wrap-ansi/-/fast-wrap-ansi-0.2.0.tgz 0ms (cache hit)
1979 http cache cli-width@https://registry.npmjs.org/cli-width/-/cli-width-4.1.0.tgz 0ms (cache hit)
1980 http cache @inquirer/figures@https://registry.npmjs.org/@inquirer/figures/-/figures-2.0.5.tgz 0ms (cache hit)
1981 http cache @inquirer/type@https://registry.npmjs.org/@inquirer/type/-/type-4.0.5.tgz 0ms (cache hit)
1982 http cache @inquirer/ansi@https://registry.npmjs.org/@inquirer/ansi/-/ansi-2.0.5.tgz 0ms (cache hit)
1983 http cache @inquirer/core@https://registry.npmjs.org/@inquirer/core/-/core-11.1.9.tgz 0ms (cache hit)
1984 http cache yargs@https://registry.npmjs.org/yargs/-/yargs-17.7.2.tgz 0ms (cache hit)
1985 http cache until-async@https://registry.npmjs.org/until-async/-/until-async-3.0.2.tgz 0ms (cache hit)
1986 http cache type-fest@https://registry.npmjs.org/type-fest/-/type-fest-5.6.0.tgz 0ms (cache hit)
1987 http cache tough-cookie@https://registry.npmjs.org/tough-cookie/-/tough-cookie-6.0.1.tgz 0ms (cache hit)
1988 http cache strict-event-emitter@https://registry.npmjs.org/strict-event-emitter/-/strict-event-emitter-0.5.1.tgz 0ms (cache hit)
1989 http cache rettime@https://registry.npmjs.org/rettime/-/rettime-0.11.11.tgz 0ms (cache hit)
1990 http cache path-to-regexp@https://registry.npmjs.org/path-to-regexp/-/path-to-regexp-6.3.0.tgz 0ms (cache hit)
1991 http cache outvariant@https://registry.npmjs.org/outvariant/-/outvariant-1.4.3.tgz 0ms (cache hit)
1992 http cache headers-polyfill@https://registry.npmjs.org/headers-polyfill/-/headers-polyfill-5.0.1.tgz 0ms (cache hit)
1993 http cache graphql@https://registry.npmjs.org/graphql/-/graphql-16.14.0.tgz 0ms (cache hit)
1994 http cache is-node-process@https://registry.npmjs.org/is-node-process/-/is-node-process-1.2.0.tgz 0ms (cache hit)
1995 http cache @types/statuses@https://registry.npmjs.org/@types/statuses/-/statuses-2.0.6.tgz 0ms (cache hit)
1996 http cache @mswjs/interceptors@https://registry.npmjs.org/@mswjs/interceptors/-/interceptors-0.41.8.tgz 0ms (cache hit)
1997 http cache @open-draft/deferred-promise@https://registry.npmjs.org/@open-draft/deferred-promise/-/deferred-promise-3.0.0.tgz 0ms (cache hit)
1998 http cache @inquirer/confirm@https://registry.npmjs.org/@inquirer/confirm/-/confirm-6.0.12.tgz 0ms (cache hit)
1999 http cache to-regex-range@https://registry.npmjs.org/to-regex-range/-/to-regex-range-5.0.1.tgz 0ms (cache hit)
2000 http cache fill-range@https://registry.npmjs.org/fill-range/-/fill-range-7.1.1.tgz 0ms (cache hit)
2001 http cache braces@https://registry.npmjs.org/braces/-/braces-3.0.3.tgz 0ms (cache hit)
2002 http cache yallist@https://registry.npmjs.org/yallist/-/yallist-3.1.1.tgz 0ms (cache hit)
2003 http cache argparse@https://registry.npmjs.org/argparse/-/argparse-2.0.1.tgz 0ms (cache hit)
2004 http cache is-extglob@https://registry.npmjs.org/is-extglob/-/is-extglob-2.1.1.tgz 0ms (cache hit)
2005 http cache resolve-from@https://registry.npmjs.org/resolve-from/-/resolve-from-4.0.0.tgz 0ms (cache hit)
2006 http cache mime-db@https://registry.npmjs.org/mime-db/-/mime-db-1.54.0.tgz 0ms (cache hit)
2007 http cache parent-module@https://registry.npmjs.org/parent-module/-/parent-module-1.0.1.tgz 0ms (cache hit)
2008 http cache safer-buffer@https://registry.npmjs.org/safer-buffer/-/safer-buffer-2.1.2.tgz 0ms (cache hit)
2009 http cache setprototypeof@https://registry.npmjs.org/setprototypeof/-/setprototypeof-1.2.0.tgz 0ms (cache hit)
2010 http cache agent-base@https://registry.npmjs.org/agent-base/-/agent-base-7.1.4.tgz 0ms (cache hit)
2011 http cache is-glob@https://registry.npmjs.org/is-glob/-/is-glob-4.0.3.tgz 0ms (cache hit)
2012 http cache inherits@https://registry.npmjs.org/inherits/-/inherits-2.0.4.tgz 0ms (cache hit)
2013 http cache toidentifier@https://registry.npmjs.org/toidentifier/-/toidentifier-1.0.1.tgz 0ms (cache hit)
2014 http cache @sec-ant/readable-stream@https://registry.npmjs.org/@sec-ant/readable-stream/-/readable-stream-0.4.1.tgz 0ms (cache hit)
2015 http cache universalify@https://registry.npmjs.org/universalify/-/universalify-2.0.1.tgz 0ms (cache hit)
2016 http cache jsonfile@https://registry.npmjs.org/jsonfile/-/jsonfile-6.2.1.tgz 0ms (cache hit)
2017 http cache is-unicode-supported@https://registry.npmjs.org/is-unicode-supported/-/is-unicode-supported-2.1.0.tgz 0ms (cache hit)
2018 http cache run-parallel@https://registry.npmjs.org/run-parallel/-/run-parallel-1.2.0.tgz 0ms (cache hit)
2019 http cache reusify@https://registry.npmjs.org/reusify/-/reusify-1.1.0.tgz 0ms (cache hit)
2020 http cache fastq@https://registry.npmjs.org/fastq/-/fastq-1.20.1.tgz 0ms (cache hit)
2021 http cache graceful-fs@https://registry.npmjs.org/graceful-fs/-/graceful-fs-4.2.11.tgz 0ms (cache hit)
2022 http cache merge2@https://registry.npmjs.org/merge2/-/merge2-1.4.1.tgz 0ms (cache hit)
2023 http cache micromatch@https://registry.npmjs.org/micromatch/-/micromatch-4.0.8.tgz 0ms (cache hit)
2024 http cache @nodelib/fs.scandir@https://registry.npmjs.org/@nodelib/fs.scandir/-/fs.scandir-2.1.5.tgz 0ms (cache hit)
2025 http cache @nodelib/fs.stat@https://registry.npmjs.org/@nodelib/fs.stat/-/fs.stat-2.0.5.tgz 0ms (cache hit)
2026 http cache @nodelib/fs.walk@https://registry.npmjs.org/@nodelib/fs.walk/-/fs.walk-1.2.8.tgz 0ms (cache hit)
2027 http cache ip-address@https://registry.npmjs.org/ip-address/-/ip-address-10.2.0.tgz 0ms (cache hit)
2028 http cache glob-parent@https://registry.npmjs.org/glob-parent/-/glob-parent-5.1.2.tgz 0ms (cache hit)
2029 http cache iconv-lite@https://registry.npmjs.org/iconv-lite/-/iconv-lite-0.7.2.tgz 0ms (cache hit)
2030 http cache bytes@https://registry.npmjs.org/bytes/-/bytes-3.1.2.tgz 0ms (cache hit)
2031 http cache negotiator@https://registry.npmjs.org/negotiator/-/negotiator-1.0.0.tgz 0ms (cache hit)
2032 http cache type-is@https://registry.npmjs.org/type-is/-/type-is-2.0.1.tgz 0ms (cache hit)
2033 http cache statuses@https://registry.npmjs.org/statuses/-/statuses-2.0.2.tgz 0ms (cache hit)
2034 http cache send@https://registry.npmjs.org/send/-/send-1.2.1.tgz 0ms (cache hit)
2035 http cache serve-static@https://registry.npmjs.org/serve-static/-/serve-static-2.2.1.tgz 0ms (cache hit)
2036 http cache qs@https://registry.npmjs.org/qs/-/qs-6.15.1.tgz 0ms (cache hit)
2037 http cache range-parser@https://registry.npmjs.org/range-parser/-/range-parser-1.2.1.tgz 0ms (cache hit)
2038 http cache proxy-addr@https://registry.npmjs.org/proxy-addr/-/proxy-addr-2.0.7.tgz 0ms (cache hit)
2039 http cache on-finished@https://registry.npmjs.org/on-finished/-/on-finished-2.4.1.tgz 0ms (cache hit)
2040 http cache parseurl@https://registry.npmjs.org/parseurl/-/parseurl-1.3.3.tgz 0ms (cache hit)
2041 http cache once@https://registry.npmjs.org/once/-/once-1.4.0.tgz 0ms (cache hit)
2042 http cache http-errors@https://registry.npmjs.org/http-errors/-/http-errors-2.0.1.tgz 0ms (cache hit)
2043 http cache mime-types@https://registry.npmjs.org/mime-types/-/mime-types-3.0.2.tgz 0ms (cache hit)
2044 http cache fresh@https://registry.npmjs.org/fresh/-/fresh-2.0.0.tgz 0ms (cache hit)
2045 http cache router@https://registry.npmjs.org/router/-/router-2.2.0.tgz 0ms (cache hit)
2046 http cache escape-html@https://registry.npmjs.org/escape-html/-/escape-html-1.0.3.tgz 0ms (cache hit)
2047 http cache etag@https://registry.npmjs.org/etag/-/etag-1.8.1.tgz 0ms (cache hit)
2048 http cache encodeurl@https://registry.npmjs.org/encodeurl/-/encodeurl-2.0.0.tgz 0ms (cache hit)
2049 http cache finalhandler@https://registry.npmjs.org/finalhandler/-/finalhandler-2.1.1.tgz 0ms (cache hit)
2050 http cache depd@https://registry.npmjs.org/depd/-/depd-2.0.0.tgz 0ms (cache hit)
2051 http cache cookie@https://registry.npmjs.org/cookie/-/cookie-0.7.2.tgz 0ms (cache hit)
2052 http cache cookie-signature@https://registry.npmjs.org/cookie-signature/-/cookie-signature-1.2.2.tgz 0ms (cache hit)
2053 http cache yoctocolors@https://registry.npmjs.org/yoctocolors/-/yoctocolors-2.1.2.tgz 0ms (cache hit)
2054 http cache accepts@https://registry.npmjs.org/accepts/-/accepts-2.0.0.tgz 0ms (cache hit)
2055 http cache body-parser@https://registry.npmjs.org/body-parser/-/body-parser-2.2.2.tgz 0ms (cache hit)
2056 http cache strip-final-newline@https://registry.npmjs.org/strip-final-newline/-/strip-final-newline-4.0.0.tgz 0ms (cache hit)
2057 http cache pretty-ms@https://registry.npmjs.org/pretty-ms/-/pretty-ms-9.3.0.tgz 0ms (cache hit)
2058 http cache human-signals@https://registry.npmjs.org/human-signals/-/human-signals-8.0.1.tgz 0ms (cache hit)
2059 http cache signal-exit@https://registry.npmjs.org/signal-exit/-/signal-exit-4.1.0.tgz 0ms (cache hit)
2060 http cache is-plain-obj@https://registry.npmjs.org/is-plain-obj/-/is-plain-obj-4.1.0.tgz 0ms (cache hit)
2061 http cache npm-run-path@https://registry.npmjs.org/npm-run-path/-/npm-run-path-6.0.0.tgz 0ms (cache hit)
2062 http cache is-stream@https://registry.npmjs.org/is-stream/-/is-stream-4.0.1.tgz 0ms (cache hit)
2063 http cache get-stream@https://registry.npmjs.org/get-stream/-/get-stream-9.0.1.tgz 0ms (cache hit)
2064 http cache @sindresorhus/merge-streams@https://registry.npmjs.org/@sindresorhus/merge-streams/-/merge-streams-4.0.0.tgz 0ms (cache hit)
2065 http cache figures@https://registry.npmjs.org/figures/-/figures-6.1.0.tgz 0ms (cache hit)
2066 http cache @noble/curves@https://registry.npmjs.org/@noble/curves/-/curves-1.9.7.tgz 0ms (cache hit)
2067 http cache @ecies/ciphers@https://registry.npmjs.org/@ecies/ciphers/-/ciphers-0.2.6.tgz 0ms (cache hit)
2068 http cache @noble/ciphers@https://registry.npmjs.org/@noble/ciphers/-/ciphers-1.3.0.tgz 0ms (cache hit)
2069 http cache @noble/hashes@https://registry.npmjs.org/@noble/hashes/-/hashes-1.8.0.tgz 0ms (cache hit)
2070 http cache shebang-command@https://registry.npmjs.org/shebang-command/-/shebang-command-2.0.0.tgz 0ms (cache hit)
2071 http cache ms@https://registry.npmjs.org/ms/-/ms-2.1.3.tgz 0ms (cache hit)
2072 http cache path-key@https://registry.npmjs.org/path-key/-/path-key-3.1.1.tgz 0ms (cache hit)
2073 http cache js-yaml@https://registry.npmjs.org/js-yaml/-/js-yaml-4.1.1.tgz 0ms (cache hit)
2074 http cache import-fresh@https://registry.npmjs.org/import-fresh/-/import-fresh-3.3.1.tgz 0ms (cache hit)
2075 http cache env-paths@https://registry.npmjs.org/env-paths/-/env-paths-2.2.1.tgz 0ms (cache hit)
2076 http cache vary@https://registry.npmjs.org/vary/-/vary-1.1.2.tgz 0ms (cache hit)
2077 http cache parse-json@https://registry.npmjs.org/parse-json/-/parse-json-5.2.0.tgz 0ms (cache hit)
2078 http cache object-assign@https://registry.npmjs.org/object-assign/-/object-assign-4.1.1.tgz 0ms (cache hit)
2079 http cache node-releases@https://registry.npmjs.org/node-releases/-/node-releases-2.0.38.tgz 0ms (cache hit)
2080 http cache update-browserslist-db@https://registry.npmjs.org/update-browserslist-db/-/update-browserslist-db-1.2.3.tgz 0ms (cache hit)
2081 http cache require-from-string@https://registry.npmjs.org/require-from-string/-/require-from-string-2.0.2.tgz 0ms (cache hit)
2082 http cache caniuse-lite@https://registry.npmjs.org/caniuse-lite/-/caniuse-lite-1.0.30001792.tgz 0ms (cache hit)
2083 http cache baseline-browser-mapping@https://registry.npmjs.org/baseline-browser-mapping/-/baseline-browser-mapping-2.10.27.tgz 0ms (cache hit)
2084 http cache json-schema-traverse@https://registry.npmjs.org/json-schema-traverse/-/json-schema-traverse-1.0.0.tgz 0ms (cache hit)
2085 http cache electron-to-chromium@https://registry.npmjs.org/electron-to-chromium/-/electron-to-chromium-1.5.352.tgz 0ms (cache hit)
2086 http cache fast-deep-equal@https://registry.npmjs.org/fast-deep-equal/-/fast-deep-equal-3.1.3.tgz 0ms (cache hit)
2087 http cache fast-uri@https://registry.npmjs.org/fast-uri/-/fast-uri-3.1.2.tgz 0ms (cache hit)
2088 http cache pkce-challenge@https://registry.npmjs.org/pkce-challenge/-/pkce-challenge-5.0.1.tgz 0ms (cache hit)
2089 http cache jose@https://registry.npmjs.org/jose/-/jose-6.2.3.tgz 0ms (cache hit)
2090 http cache json-schema-typed@https://registry.npmjs.org/json-schema-typed/-/json-schema-typed-8.0.2.tgz 0ms (cache hit)
2091 http cache raw-body@https://registry.npmjs.org/raw-body/-/raw-body-3.0.2.tgz 0ms (cache hit)
2092 http cache express@https://registry.npmjs.org/express/-/express-5.2.1.tgz 0ms (cache hit)
2093 http cache eventsource-parser@https://registry.npmjs.org/eventsource-parser/-/eventsource-parser-3.0.8.tgz 0ms (cache hit)
2094 http cache express-rate-limit@https://registry.npmjs.org/express-rate-limit/-/express-rate-limit-8.5.1.tgz 0ms (cache hit)
2095 http cache cross-spawn@https://registry.npmjs.org/cross-spawn/-/cross-spawn-7.0.6.tgz 0ms (cache hit)
2096 http cache cors@https://registry.npmjs.org/cors/-/cors-2.8.6.tgz 0ms (cache hit)
2097 http cache content-type@https://registry.npmjs.org/content-type/-/content-type-1.0.5.tgz 0ms (cache hit)
2098 http cache ajv-formats@https://registry.npmjs.org/ajv-formats/-/ajv-formats-3.0.1.tgz 0ms (cache hit)
2099 http cache ajv@https://registry.npmjs.org/ajv/-/ajv-8.20.0.tgz 0ms (cache hit)
2100 http cache eventsource@https://registry.npmjs.org/eventsource/-/eventsource-3.0.7.tgz 0ms (cache hit)
2101 http cache @jridgewell/resolve-uri@https://registry.npmjs.org/@jridgewell/resolve-uri/-/resolve-uri-3.1.2.tgz 0ms (cache hit)
2102 http cache yocto-spinner@https://registry.npmjs.org/yocto-spinner/-/yocto-spinner-1.2.0.tgz 0ms (cache hit)
2103 http cache @hono/node-server@https://registry.npmjs.org/@hono/node-server/-/node-server-1.19.14.tgz 0ms (cache hit)
2104 http cache hono@https://registry.npmjs.org/hono/-/hono-4.12.18.tgz 0ms (cache hit)
2105 http cache which@https://registry.npmjs.org/which/-/which-4.0.0.tgz 0ms (cache hit)
2106 http cache @jridgewell/sourcemap-codec@https://registry.npmjs.org/@jridgewell/sourcemap-codec/-/sourcemap-codec-1.5.5.tgz 0ms (cache hit)
2107 http cache picomatch@https://registry.npmjs.org/picomatch/-/picomatch-4.0.4.tgz 0ms (cache hit)
2108 http cache object-treeify@https://registry.npmjs.org/object-treeify/-/object-treeify-1.1.33.tgz 0ms (cache hit)
2109 http cache fdir@https://registry.npmjs.org/fdir/-/fdir-6.5.0.tgz 0ms (cache hit)
2110 http cache @babel/helper-globals@https://registry.npmjs.org/@babel/helper-globals/-/helper-globals-7.28.0.tgz 0ms (cache hit)
2111 http cache @babel/helper-string-parser@https://registry.npmjs.org/@babel/helper-string-parser/-/helper-string-parser-7.27.1.tgz 0ms (cache hit)
2112 http cache ignore@https://registry.npmjs.org/ignore/-/ignore-5.3.2.tgz 0ms (cache hit)
2113 http cache dotenv@https://registry.npmjs.org/dotenv/-/dotenv-17.4.2.tgz 0ms (cache hit)
2114 http cache @babel/plugin-syntax-jsx@https://registry.npmjs.org/@babel/plugin-syntax-jsx/-/plugin-syntax-jsx-7.28.6.tgz 0ms (cache hit)
2115 http cache eciesjs@https://registry.npmjs.org/eciesjs/-/eciesjs-0.4.18.tgz 0ms (cache hit)
2116 http cache content-disposition@https://registry.npmjs.org/content-disposition/-/content-disposition-1.1.0.tgz 0ms (cache hit)
2117 http cache @babel/plugin-transform-modules-commonjs@https://registry.npmjs.org/@babel/plugin-transform-modules-commonjs/-/plugin-transform-modules-commonjs-7.28.6.tgz 0ms (cache hit)
2118 http cache @babel/helper-replace-supers@https://registry.npmjs.org/@babel/helper-replace-supers/-/helper-replace-supers-7.28.6.tgz 0ms (cache hit)
2119 http cache @babel/helper-skip-transparent-expression-wrappers@https://registry.npmjs.org/@babel/helper-skip-transparent-expression-wrappers/-/helper-skip-transparent-expression-wrappers-7.27.1.tgz 0ms (cache hit)
2120 http cache @babel/helper-member-expression-to-functions@https://registry.npmjs.org/@babel/helper-member-expression-to-functions/-/helper-member-expression-to-functions-7.28.5.tgz 0ms (cache hit)
2121 http cache @babel/plugin-syntax-typescript@https://registry.npmjs.org/@babel/plugin-syntax-typescript/-/plugin-syntax-typescript-7.28.6.tgz 0ms (cache hit)
2122 http cache @babel/helper-plugin-utils@https://registry.npmjs.org/@babel/helper-plugin-utils/-/helper-plugin-utils-7.28.6.tgz 0ms (cache hit)
2123 http cache @babel/helper-optimise-call-expression@https://registry.npmjs.org/@babel/helper-optimise-call-expression/-/helper-optimise-call-expression-7.27.1.tgz 0ms (cache hit)
2124 http cache @babel/helper-annotate-as-pure@https://registry.npmjs.org/@babel/helper-annotate-as-pure/-/helper-annotate-as-pure-7.27.3.tgz 0ms (cache hit)
2125 http cache @babel/helper-create-class-features-plugin@https://registry.npmjs.org/@babel/helper-create-class-features-plugin/-/helper-create-class-features-plugin-7.29.3.tgz 0ms (cache hit)
2126 http cache @babel/helper-module-imports@https://registry.npmjs.org/@babel/helper-module-imports/-/helper-module-imports-7.28.6.tgz 0ms (cache hit)
2127 http cache lru-cache@https://registry.npmjs.org/lru-cache/-/lru-cache-5.1.1.tgz 0ms (cache hit)
2128 http cache @babel/compat-data@https://registry.npmjs.org/@babel/compat-data/-/compat-data-7.29.3.tgz 0ms (cache hit)
2129 http cache jsesc@https://registry.npmjs.org/jsesc/-/jsesc-3.1.0.tgz 0ms (cache hit)
2130 http cache @babel/helper-validator-option@https://registry.npmjs.org/@babel/helper-validator-option/-/helper-validator-option-7.27.1.tgz 0ms (cache hit)
2131 http cache @jridgewell/gen-mapping@https://registry.npmjs.org/@jridgewell/gen-mapping/-/gen-mapping-0.3.13.tgz 0ms (cache hit)
2132 http cache picocolors@https://registry.npmjs.org/picocolors/-/picocolors-1.1.1.tgz 0ms (cache hit)
2133 http cache js-tokens@https://registry.npmjs.org/js-tokens/-/js-tokens-4.0.0.tgz 0ms (cache hit)
2134 http cache @babel/helper-validator-identifier@https://registry.npmjs.org/@babel/helper-validator-identifier/-/helper-validator-identifier-7.28.5.tgz 0ms (cache hit)
2135 http cache semver@https://registry.npmjs.org/semver/-/semver-6.3.1.tgz 0ms (cache hit)
2136 http cache json5@https://registry.npmjs.org/json5/-/json5-2.2.3.tgz 0ms (cache hit)
2137 http cache debug@https://registry.npmjs.org/debug/-/debug-4.4.3.tgz 0ms (cache hit)
2138 http cache @jridgewell/trace-mapping@https://registry.npmjs.org/@jridgewell/trace-mapping/-/trace-mapping-0.3.31.tgz 0ms (cache hit)
2139 http cache merge-descriptors@https://registry.npmjs.org/merge-descriptors/-/merge-descriptors-2.0.0.tgz 0ms (cache hit)
2140 http cache gensync@https://registry.npmjs.org/gensync/-/gensync-1.0.0-beta.2.tgz 0ms (cache hit)
2141 http cache convert-source-map@https://registry.npmjs.org/convert-source-map/-/convert-source-map-2.0.0.tgz 0ms (cache hit)
2142 http cache @jridgewell/remapping@https://registry.npmjs.org/@jridgewell/remapping/-/remapping-2.3.5.tgz 0ms (cache hit)
2143 http cache @babel/traverse@https://registry.npmjs.org/@babel/traverse/-/traverse-7.29.0.tgz 0ms (cache hit)
2144 http cache @babel/types@https://registry.npmjs.org/@babel/types/-/types-7.29.0.tgz 0ms (cache hit)
2145 http cache @babel/template@https://registry.npmjs.org/@babel/template/-/template-7.28.6.tgz 0ms (cache hit)
2146 http cache @babel/helper-compilation-targets@https://registry.npmjs.org/@babel/helper-compilation-targets/-/helper-compilation-targets-7.28.6.tgz 0ms (cache hit)
2147 http cache @babel/generator@https://registry.npmjs.org/@babel/generator/-/generator-7.29.1.tgz 0ms (cache hit)
2148 http cache @babel/helper-module-transforms@https://registry.npmjs.org/@babel/helper-module-transforms/-/helper-module-transforms-7.28.6.tgz 0ms (cache hit)
2149 http cache @babel/code-frame@https://registry.npmjs.org/@babel/code-frame/-/code-frame-7.29.0.tgz 0ms (cache hit)
2150 http cache zod-to-json-schema@https://registry.npmjs.org/zod-to-json-schema/-/zod-to-json-schema-3.25.2.tgz 0ms (cache hit)
2151 http cache zod@https://registry.npmjs.org/zod/-/zod-3.25.76.tgz 0ms (cache hit)
2152 http cache validate-npm-package-name@https://registry.npmjs.org/validate-npm-package-name/-/validate-npm-package-name-7.0.2.tgz 0ms (cache hit)
2153 http cache @babel/helpers@https://registry.npmjs.org/@babel/helpers/-/helpers-7.29.2.tgz 0ms (cache hit)
2154 http cache tsconfig-paths@https://registry.npmjs.org/tsconfig-paths/-/tsconfig-paths-4.2.0.tgz 0ms (cache hit)
2155 http cache tailwind-merge@https://registry.npmjs.org/tailwind-merge/-/tailwind-merge-3.5.0.tgz 0ms (cache hit)
2156 http cache ts-morph@https://registry.npmjs.org/ts-morph/-/ts-morph-26.0.0.tgz 0ms (cache hit)
2157 http cache recast@https://registry.npmjs.org/recast/-/recast-0.23.11.tgz 0ms (cache hit)
2158 http cache prompts@https://registry.npmjs.org/prompts/-/prompts-2.4.2.tgz 0ms (cache hit)
2159 http cache postcss-selector-parser@https://registry.npmjs.org/postcss-selector-parser/-/postcss-selector-parser-7.1.1.tgz 0ms (cache hit)
2160 http cache msw@https://registry.npmjs.org/msw/-/msw-2.14.5.tgz 0ms (cache hit)
2161 http cache postcss@https://registry.npmjs.org/postcss/-/postcss-8.5.14.tgz 0ms (cache hit)
2162 http cache open@https://registry.npmjs.org/open/-/open-11.0.0.tgz 0ms (cache hit)
2163 http cache stringify-object@https://registry.npmjs.org/stringify-object/-/stringify-object-5.0.0.tgz 0ms (cache hit)
2164 http cache node-fetch@https://registry.npmjs.org/node-fetch/-/node-fetch-3.3.2.tgz 0ms (cache hit)
2165 http cache ora@https://registry.npmjs.org/ora/-/ora-8.2.0.tgz 0ms (cache hit)
2166 http cache https-proxy-agent@https://registry.npmjs.org/https-proxy-agent/-/https-proxy-agent-7.0.6.tgz 0ms (cache hit)
2167 http cache fuzzysort@https://registry.npmjs.org/fuzzysort/-/fuzzysort-3.1.0.tgz 0ms (cache hit)
2168 http cache execa@https://registry.npmjs.org/execa/-/execa-9.6.1.tgz 0ms (cache hit)
2169 http cache kleur@https://registry.npmjs.org/kleur/-/kleur-4.1.5.tgz 0ms (cache hit)
2170 http cache diff@https://registry.npmjs.org/diff/-/diff-8.0.4.tgz 0ms (cache hit)
2171 http cache dedent@https://registry.npmjs.org/dedent/-/dedent-1.7.2.tgz 0ms (cache hit)
2172 http cache cosmiconfig@https://registry.npmjs.org/cosmiconfig/-/cosmiconfig-9.0.1.tgz 0ms (cache hit)
2173 http cache fs-extra@https://registry.npmjs.org/fs-extra/-/fs-extra-11.3.5.tgz 0ms (cache hit)
2174 http cache @types/validate-npm-package-name@https://registry.npmjs.org/@types/validate-npm-package-name/-/validate-npm-package-name-4.0.2.tgz 0ms (cache hit)
2175 http cache commander@https://registry.npmjs.org/commander/-/commander-14.0.3.tgz 0ms (cache hit)
2176 http cache @modelcontextprotocol/sdk@https://registry.npmjs.org/@modelcontextprotocol/sdk/-/sdk-1.29.0.tgz 0ms (cache hit)
2177 http cache browserslist@https://registry.npmjs.org/browserslist/-/browserslist-4.28.2.tgz 0ms (cache hit)
2178 http cache deepmerge@https://registry.npmjs.org/deepmerge/-/deepmerge-4.3.1.tgz 0ms (cache hit)
2179 http cache @babel/plugin-transform-typescript@https://registry.npmjs.org/@babel/plugin-transform-typescript/-/plugin-transform-typescript-7.28.6.tgz 0ms (cache hit)
2180 http cache @babel/preset-typescript@https://registry.npmjs.org/@babel/preset-typescript/-/preset-typescript-7.28.5.tgz 0ms (cache hit)
2181 http cache @dotenvx/dotenvx@https://registry.npmjs.org/@dotenvx/dotenvx/-/dotenvx-1.65.0.tgz 0ms (cache hit)
2182 http cache @babel/parser@https://registry.npmjs.org/@babel/parser/-/parser-7.29.3.tgz 0ms (cache hit)
2183 http cache @babel/core@https://registry.npmjs.org/@babel/core/-/core-7.29.0.tgz 0ms (cache hit)
2184 http cache shadcn@https://registry.npmjs.org/shadcn/-/shadcn-4.7.0.tgz 0ms (cache hit)
2185 http cache ansi-regex@https://registry.npmjs.org/ansi-regex/-/ansi-regex-5.0.1.tgz 0ms (cache hit)
2186 http cache strip-ansi@https://registry.npmjs.org/strip-ansi/-/strip-ansi-6.0.1.tgz 0ms (cache hit)
2187 http cache ansi-regex@https://registry.npmjs.org/ansi-regex/-/ansi-regex-5.0.1.tgz 0ms (cache hit)
2188 http cache emoji-regex@https://registry.npmjs.org/emoji-regex/-/emoji-regex-8.0.0.tgz 0ms (cache hit)
2189 http cache emoji-regex@https://registry.npmjs.org/emoji-regex/-/emoji-regex-8.0.0.tgz 0ms (cache hit)
2190 http cache strip-ansi@https://registry.npmjs.org/strip-ansi/-/strip-ansi-6.0.1.tgz 0ms (cache hit)
2191 http cache string-width@https://registry.npmjs.org/string-width/-/string-width-4.2.3.tgz 0ms (cache hit)
2192 http cache is-unicode-supported@https://registry.npmjs.org/is-unicode-supported/-/is-unicode-supported-1.3.0.tgz 0ms (cache hit)
2193 http cache string-width@https://registry.npmjs.org/string-width/-/string-width-4.2.3.tgz 0ms (cache hit)
2194 http cache string-width@https://registry.npmjs.org/string-width/-/string-width-4.2.3.tgz 0ms (cache hit)
2195 http cache strip-ansi@https://registry.npmjs.org/strip-ansi/-/strip-ansi-6.0.1.tgz 0ms (cache hit)
2196 http cache emoji-regex@https://registry.npmjs.org/emoji-regex/-/emoji-regex-8.0.0.tgz 0ms (cache hit)
2197 http cache ansi-regex@https://registry.npmjs.org/ansi-regex/-/ansi-regex-5.0.1.tgz 0ms (cache hit)
2198 http cache path-to-regexp@https://registry.npmjs.org/path-to-regexp/-/path-to-regexp-8.4.2.tgz 0ms (cache hit)
2199 http cache @open-draft/deferred-promise@https://registry.npmjs.org/@open-draft/deferred-promise/-/deferred-promise-2.2.0.tgz 0ms (cache hit)
2200 http cache picomatch@https://registry.npmjs.org/picomatch/-/picomatch-2.3.2.tgz 0ms (cache hit)
2201 http cache isexe@https://registry.npmjs.org/isexe/-/isexe-2.0.0.tgz 0ms (cache hit)
2202 http cache kleur@https://registry.npmjs.org/kleur/-/kleur-3.0.3.tgz 0ms (cache hit)
2203 http cache which@https://registry.npmjs.org/which/-/which-2.0.2.tgz 0ms (cache hit)
2204 http cache cookie@https://registry.npmjs.org/cookie/-/cookie-1.1.1.tgz 0ms (cache hit)
2205 http cache path-key@https://registry.npmjs.org/path-key/-/path-key-4.0.0.tgz 0ms (cache hit)
2206 http cache strip-final-newline@https://registry.npmjs.org/strip-final-newline/-/strip-final-newline-2.0.0.tgz 0ms (cache hit)
2207 http cache signal-exit@https://registry.npmjs.org/signal-exit/-/signal-exit-3.0.7.tgz 0ms (cache hit)
2208 http cache onetime@https://registry.npmjs.org/onetime/-/onetime-5.1.2.tgz 0ms (cache hit)
2209 http cache npm-run-path@https://registry.npmjs.org/npm-run-path/-/npm-run-path-4.0.1.tgz 0ms (cache hit)
2210 http cache is-stream@https://registry.npmjs.org/is-stream/-/is-stream-2.0.1.tgz 0ms (cache hit)
2211 http cache get-stream@https://registry.npmjs.org/get-stream/-/get-stream-6.0.1.tgz 0ms (cache hit)
2212 http cache fast-glob@https://registry.npmjs.org/fast-glob/-/fast-glob-3.3.3.tgz 0ms (cache hit)
2213 silly tarball no local data for is-fullwidth-code-point@https://registry.npmjs.org/is-fullwidth-code-point/-/is-fullwidth-code-point-3.0.0.tgz. Extracting by manifest.
2214 http cache human-signals@https://registry.npmjs.org/human-signals/-/human-signals-2.1.0.tgz 0ms (cache hit)
2215 silly tarball no local data for mimic-fn@https://registry.npmjs.org/mimic-fn/-/mimic-fn-2.1.0.tgz. Extracting by manifest.
2216 silly tarball no local data for merge-stream@https://registry.npmjs.org/merge-stream/-/merge-stream-2.0.0.tgz. Extracting by manifest.
2217 silly tarball no local data for wrap-ansi@https://registry.npmjs.org/wrap-ansi/-/wrap-ansi-7.0.0.tgz. Extracting by manifest.
2218 silly tarball no local data for yargs-parser@https://registry.npmjs.org/yargs-parser/-/yargs-parser-21.1.1.tgz. Extracting by manifest.
2219 silly tarball no local data for y18n@https://registry.npmjs.org/y18n/-/y18n-5.0.8.tgz. Extracting by manifest.
2220 silly tarball no local data for require-directory@https://registry.npmjs.org/require-directory/-/require-directory-2.1.1.tgz. Extracting by manifest.
2221 silly tarball no local data for get-caller-file@https://registry.npmjs.org/get-caller-file/-/get-caller-file-2.0.5.tgz. Extracting by manifest.
2222 http cache commander@https://registry.npmjs.org/commander/-/commander-11.1.0.tgz 0ms (cache hit)
2223 http cache execa@https://registry.npmjs.org/execa/-/execa-5.1.1.tgz 0ms (cache hit)
2224 silly tarball no local data for cliui@https://registry.npmjs.org/cliui/-/cliui-8.0.1.tgz. Extracting by manifest.
2225 silly tarball no local data for is-wsl@https://registry.npmjs.org/is-wsl/-/is-wsl-3.1.1.tgz. Extracting by manifest.
2226 silly tarball no local data for isexe@https://registry.npmjs.org/isexe/-/isexe-3.1.5.tgz. Extracting by manifest.
2227 silly tarball no local data for tagged-tag@https://registry.npmjs.org/tagged-tag/-/tagged-tag-1.0.0.tgz. Extracting by manifest.
2228 silly tarball no local data for path-browserify@https://registry.npmjs.org/path-browserify/-/path-browserify-1.0.1.tgz. Extracting by manifest.
2229 silly tarball no local data for code-block-writer@https://registry.npmjs.org/code-block-writer/-/code-block-writer-13.0.3.tgz. Extracting by manifest.
2230 silly tarball no local data for @ts-morph/common@https://registry.npmjs.org/@ts-morph/common/-/common-0.27.0.tgz. Extracting by manifest.
2231 silly tarball no local data for tldts-core@https://registry.npmjs.org/tldts-core/-/tldts-core-7.0.30.tgz. Extracting by manifest.
2232 silly tarball no local data for tldts@https://registry.npmjs.org/tldts/-/tldts-7.0.30.tgz. Extracting by manifest.
2233 silly tarball no local data for media-typer@https://registry.npmjs.org/media-typer/-/media-typer-1.1.0.tgz. Extracting by manifest.
2234 silly tarball no local data for ansi-regex@https://registry.npmjs.org/ansi-regex/-/ansi-regex-6.2.2.tgz. Extracting by manifest.
2235 silly tarball no local data for is-regexp@https://registry.npmjs.org/is-regexp/-/is-regexp-3.1.0.tgz. Extracting by manifest.
2236 silly tarball no local data for is-obj@https://registry.npmjs.org/is-obj/-/is-obj-3.0.0.tgz. Extracting by manifest.
2237 silly tarball no local data for get-own-enumerable-keys@https://registry.npmjs.org/get-own-enumerable-keys/-/get-own-enumerable-keys-1.0.0.tgz. Extracting by manifest.
2238 silly tarball no local data for get-east-asian-width@https://registry.npmjs.org/get-east-asian-width/-/get-east-asian-width-1.6.0.tgz. Extracting by manifest.
2239 silly tarball no local data for emoji-regex@https://registry.npmjs.org/emoji-regex/-/emoji-regex-10.6.0.tgz. Extracting by manifest.
2240 silly tarball no local data for is-promise@https://registry.npmjs.org/is-promise/-/is-promise-4.0.0.tgz. Extracting by manifest.
2241 silly tarball no local data for mimic-function@https://registry.npmjs.org/mimic-function/-/mimic-function-5.0.1.tgz. Extracting by manifest.
2242 silly tarball no local data for source-map@https://registry.npmjs.org/source-map/-/source-map-0.6.1.tgz. Extracting by manifest.
2243 silly tarball no local data for esprima@https://registry.npmjs.org/esprima/-/esprima-4.0.1.tgz. Extracting by manifest.
2244 silly tarball no local data for onetime@https://registry.npmjs.org/onetime/-/onetime-7.0.0.tgz. Extracting by manifest.
2245 silly tarball no local data for ast-types@https://registry.npmjs.org/ast-types/-/ast-types-0.16.1.tgz. Extracting by manifest.
2246 silly tarball no local data for unpipe@https://registry.npmjs.org/unpipe/-/unpipe-1.0.0.tgz. Extracting by manifest.
2247 silly tarball no local data for ipaddr.js@https://registry.npmjs.org/ipaddr.js/-/ipaddr.js-1.9.1.tgz. Extracting by manifest.
2248 silly tarball no local data for forwarded@https://registry.npmjs.org/forwarded/-/forwarded-0.2.0.tgz. Extracting by manifest.
2249 silly tarball no local data for sisteransi@https://registry.npmjs.org/sisteransi/-/sisteransi-1.0.5.tgz. Extracting by manifest.
2250 silly tarball no local data for util-deprecate@https://registry.npmjs.org/util-deprecate/-/util-deprecate-1.0.2.tgz. Extracting by manifest.
2251 silly tarball no local data for parse-ms@https://registry.npmjs.org/parse-ms/-/parse-ms-4.0.0.tgz. Extracting by manifest.
2252 silly tarball no local data for cssesc@https://registry.npmjs.org/cssesc/-/cssesc-3.0.0.tgz. Extracting by manifest.
2253 silly tarball no local data for is-arrayish@https://registry.npmjs.org/is-arrayish/-/is-arrayish-0.2.1.tgz. Extracting by manifest.
2254 silly tarball no local data for lines-and-columns@https://registry.npmjs.org/lines-and-columns/-/lines-and-columns-1.2.4.tgz. Extracting by manifest.
2255 silly tarball no local data for error-ex@https://registry.npmjs.org/error-ex/-/error-ex-1.3.4.tgz. Extracting by manifest.
2256 silly tarball no local data for json-parse-even-better-errors@https://registry.npmjs.org/json-parse-even-better-errors/-/json-parse-even-better-errors-2.3.1.tgz. Extracting by manifest.
2257 silly tarball no local data for restore-cursor@https://registry.npmjs.org/restore-cursor/-/restore-cursor-5.1.0.tgz. Extracting by manifest.
2258 silly tarball no local data for strip-ansi@https://registry.npmjs.org/strip-ansi/-/strip-ansi-7.2.0.tgz. Extracting by manifest.
2259 silly tarball no local data for stdin-discarder@https://registry.npmjs.org/stdin-discarder/-/stdin-discarder-0.2.2.tgz. Extracting by manifest.
2260 silly tarball no local data for string-width@https://registry.npmjs.org/string-width/-/string-width-7.2.0.tgz. Extracting by manifest.
2261 silly tarball no local data for log-symbols@https://registry.npmjs.org/log-symbols/-/log-symbols-6.0.0.tgz. Extracting by manifest.
2262 silly tarball no local data for is-interactive@https://registry.npmjs.org/is-interactive/-/is-interactive-2.0.0.tgz. Extracting by manifest.
2263 silly tarball no local data for cli-cursor@https://registry.npmjs.org/cli-cursor/-/cli-cursor-5.0.0.tgz. Extracting by manifest.
2264 silly tarball no local data for chalk@https://registry.npmjs.org/chalk/-/chalk-5.6.2.tgz. Extracting by manifest.
2265 silly tarball no local data for is-docker@https://registry.npmjs.org/is-docker/-/is-docker-3.0.0.tgz. Extracting by manifest.
2266 silly tarball no local data for cli-spinners@https://registry.npmjs.org/cli-spinners/-/cli-spinners-2.9.2.tgz. Extracting by manifest.
2267 silly tarball no local data for run-applescript@https://registry.npmjs.org/run-applescript/-/run-applescript-7.1.0.tgz. Extracting by manifest.
2268 silly tarball no local data for default-browser-id@https://registry.npmjs.org/default-browser-id/-/default-browser-id-5.0.1.tgz. Extracting by manifest.
2269 silly tarball no local data for bundle-name@https://registry.npmjs.org/bundle-name/-/bundle-name-4.1.0.tgz. Extracting by manifest.
2270 silly tarball no local data for wsl-utils@https://registry.npmjs.org/wsl-utils/-/wsl-utils-0.3.1.tgz. Extracting by manifest.
2271 silly tarball no local data for powershell-utils@https://registry.npmjs.org/powershell-utils/-/powershell-utils-0.1.0.tgz. Extracting by manifest.
2272 silly tarball no local data for is-inside-container@https://registry.npmjs.org/is-inside-container/-/is-inside-container-1.0.0.tgz. Extracting by manifest.
2273 silly tarball no local data for is-in-ssh@https://registry.npmjs.org/is-in-ssh/-/is-in-ssh-1.0.0.tgz. Extracting by manifest.
2274 silly tarball no local data for default-browser@https://registry.npmjs.org/default-browser/-/default-browser-5.5.0.tgz. Extracting by manifest.
2275 silly tarball no local data for wrappy@https://registry.npmjs.org/wrappy/-/wrappy-1.0.2.tgz. Extracting by manifest.
2276 silly tarball no local data for define-lazy-prop@https://registry.npmjs.org/define-lazy-prop/-/define-lazy-prop-3.0.0.tgz. Extracting by manifest.
2277 silly tarball no local data for ee-first@https://registry.npmjs.org/ee-first/-/ee-first-1.1.1.tgz. Extracting by manifest.
2278 silly tarball no local data for unicorn-magic@https://registry.npmjs.org/unicorn-magic/-/unicorn-magic-0.3.0.tgz. Extracting by manifest.
2279 silly tarball no local data for web-streams-polyfill@https://registry.npmjs.org/web-streams-polyfill/-/web-streams-polyfill-3.3.3.tgz. Extracting by manifest.
2280 silly tarball no local data for formdata-polyfill@https://registry.npmjs.org/formdata-polyfill/-/formdata-polyfill-4.0.10.tgz. Extracting by manifest.
2281 silly tarball no local data for node-domexception@https://registry.npmjs.org/node-domexception/-/node-domexception-1.0.0.tgz. Extracting by manifest.
2282 silly tarball no local data for fetch-blob@https://registry.npmjs.org/fetch-blob/-/fetch-blob-3.2.0.tgz. Extracting by manifest.
2283 silly tarball no local data for data-uri-to-buffer@https://registry.npmjs.org/data-uri-to-buffer/-/data-uri-to-buffer-4.0.1.tgz. Extracting by manifest.
2284 silly tarball no local data for undici-types@https://registry.npmjs.org/undici-types/-/undici-types-7.19.2.tgz. Extracting by manifest.
2285 silly tarball no local data for @types/node@https://registry.npmjs.org/@types/node/-/node-25.6.2.tgz. Extracting by manifest.
2286 silly tarball no local data for set-cookie-parser@https://registry.npmjs.org/set-cookie-parser/-/set-cookie-parser-3.1.0.tgz. Extracting by manifest.
2287 silly tarball no local data for @types/set-cookie-parser@https://registry.npmjs.org/@types/set-cookie-parser/-/set-cookie-parser-2.4.10.tgz. Extracting by manifest.
2288 silly tarball no local data for fast-string-truncated-width@https://registry.npmjs.org/fast-string-truncated-width/-/fast-string-truncated-width-3.0.3.tgz. Extracting by manifest.
2289 silly tarball no local data for fast-string-width@https://registry.npmjs.org/fast-string-width/-/fast-string-width-3.0.2.tgz. Extracting by manifest.
2290 silly tarball no local data for @open-draft/until@https://registry.npmjs.org/@open-draft/until/-/until-2.1.0.tgz. Extracting by manifest.
2291 silly tarball no local data for @open-draft/logger@https://registry.npmjs.org/@open-draft/logger/-/logger-0.3.0.tgz. Extracting by manifest.
2292 silly tarball no local data for mute-stream@https://registry.npmjs.org/mute-stream/-/mute-stream-3.0.0.tgz. Extracting by manifest.
2293 silly tarball no local data for fast-wrap-ansi@https://registry.npmjs.org/fast-wrap-ansi/-/fast-wrap-ansi-0.2.0.tgz. Extracting by manifest.
2294 silly tarball no local data for cli-width@https://registry.npmjs.org/cli-width/-/cli-width-4.1.0.tgz. Extracting by manifest.
2295 silly tarball no local data for @inquirer/figures@https://registry.npmjs.org/@inquirer/figures/-/figures-2.0.5.tgz. Extracting by manifest.
2296 silly tarball no local data for @inquirer/type@https://registry.npmjs.org/@inquirer/type/-/type-4.0.5.tgz. Extracting by manifest.
2297 silly tarball no local data for @inquirer/ansi@https://registry.npmjs.org/@inquirer/ansi/-/ansi-2.0.5.tgz. Extracting by manifest.
2298 silly tarball no local data for @inquirer/core@https://registry.npmjs.org/@inquirer/core/-/core-11.1.9.tgz. Extracting by manifest.
2299 silly tarball no local data for yargs@https://registry.npmjs.org/yargs/-/yargs-17.7.2.tgz. Extracting by manifest.
2300 silly tarball no local data for until-async@https://registry.npmjs.org/until-async/-/until-async-3.0.2.tgz. Extracting by manifest.
2301 silly tarball no local data for type-fest@https://registry.npmjs.org/type-fest/-/type-fest-5.6.0.tgz. Extracting by manifest.
2302 silly tarball no local data for tough-cookie@https://registry.npmjs.org/tough-cookie/-/tough-cookie-6.0.1.tgz. Extracting by manifest.
2303 silly tarball no local data for strict-event-emitter@https://registry.npmjs.org/strict-event-emitter/-/strict-event-emitter-0.5.1.tgz. Extracting by manifest.
2304 silly tarball no local data for rettime@https://registry.npmjs.org/rettime/-/rettime-0.11.11.tgz. Extracting by manifest.
2305 silly tarball no local data for path-to-regexp@https://registry.npmjs.org/path-to-regexp/-/path-to-regexp-6.3.0.tgz. Extracting by manifest.
2306 silly tarball no local data for outvariant@https://registry.npmjs.org/outvariant/-/outvariant-1.4.3.tgz. Extracting by manifest.
2307 silly tarball no local data for headers-polyfill@https://registry.npmjs.org/headers-polyfill/-/headers-polyfill-5.0.1.tgz. Extracting by manifest.
2308 silly tarball no local data for graphql@https://registry.npmjs.org/graphql/-/graphql-16.14.0.tgz. Extracting by manifest.
2309 silly tarball no local data for is-node-process@https://registry.npmjs.org/is-node-process/-/is-node-process-1.2.0.tgz. Extracting by manifest.
2310 silly tarball no local data for @types/statuses@https://registry.npmjs.org/@types/statuses/-/statuses-2.0.6.tgz. Extracting by manifest.
2311 silly tarball no local data for @mswjs/interceptors@https://registry.npmjs.org/@mswjs/interceptors/-/interceptors-0.41.8.tgz. Extracting by manifest.
2312 silly tarball no local data for @inquirer/confirm@https://registry.npmjs.org/@inquirer/confirm/-/confirm-6.0.12.tgz. Extracting by manifest.
2313 silly tarball no local data for @open-draft/deferred-promise@https://registry.npmjs.org/@open-draft/deferred-promise/-/deferred-promise-3.0.0.tgz. Extracting by manifest.
2314 silly tarball no local data for mime-db@https://registry.npmjs.org/mime-db/-/mime-db-1.54.0.tgz. Extracting by manifest.
2315 silly tarball no local data for safer-buffer@https://registry.npmjs.org/safer-buffer/-/safer-buffer-2.1.2.tgz. Extracting by manifest.
2316 silly tarball no local data for setprototypeof@https://registry.npmjs.org/setprototypeof/-/setprototypeof-1.2.0.tgz. Extracting by manifest.
2317 silly tarball no local data for agent-base@https://registry.npmjs.org/agent-base/-/agent-base-7.1.4.tgz. Extracting by manifest.
2318 silly tarball no local data for inherits@https://registry.npmjs.org/inherits/-/inherits-2.0.4.tgz. Extracting by manifest.
2319 silly tarball no local data for toidentifier@https://registry.npmjs.org/toidentifier/-/toidentifier-1.0.1.tgz. Extracting by manifest.
2320 silly tarball no local data for @sec-ant/readable-stream@https://registry.npmjs.org/@sec-ant/readable-stream/-/readable-stream-0.4.1.tgz. Extracting by manifest.
2321 silly tarball no local data for universalify@https://registry.npmjs.org/universalify/-/universalify-2.0.1.tgz. Extracting by manifest.
2322 silly tarball no local data for jsonfile@https://registry.npmjs.org/jsonfile/-/jsonfile-6.2.1.tgz. Extracting by manifest.
2323 silly tarball no local data for is-unicode-supported@https://registry.npmjs.org/is-unicode-supported/-/is-unicode-supported-2.1.0.tgz. Extracting by manifest.
2324 silly tarball no local data for ip-address@https://registry.npmjs.org/ip-address/-/ip-address-10.2.0.tgz. Extracting by manifest.
2325 silly tarball no local data for iconv-lite@https://registry.npmjs.org/iconv-lite/-/iconv-lite-0.7.2.tgz. Extracting by manifest.
2326 silly tarball no local data for bytes@https://registry.npmjs.org/bytes/-/bytes-3.1.2.tgz. Extracting by manifest.
2327 silly tarball no local data for negotiator@https://registry.npmjs.org/negotiator/-/negotiator-1.0.0.tgz. Extracting by manifest.
2328 silly tarball no local data for type-is@https://registry.npmjs.org/type-is/-/type-is-2.0.1.tgz. Extracting by manifest.
2329 silly tarball no local data for statuses@https://registry.npmjs.org/statuses/-/statuses-2.0.2.tgz. Extracting by manifest.
2330 silly tarball no local data for send@https://registry.npmjs.org/send/-/send-1.2.1.tgz. Extracting by manifest.
2331 silly tarball no local data for qs@https://registry.npmjs.org/qs/-/qs-6.15.1.tgz. Extracting by manifest.
2332 silly tarball no local data for proxy-addr@https://registry.npmjs.org/proxy-addr/-/proxy-addr-2.0.7.tgz. Extracting by manifest.
2333 silly tarball no local data for serve-static@https://registry.npmjs.org/serve-static/-/serve-static-2.2.1.tgz. Extracting by manifest.
2334 silly tarball no local data for on-finished@https://registry.npmjs.org/on-finished/-/on-finished-2.4.1.tgz. Extracting by manifest.
2335 silly tarball no local data for range-parser@https://registry.npmjs.org/range-parser/-/range-parser-1.2.1.tgz. Extracting by manifest.
2336 silly tarball no local data for parseurl@https://registry.npmjs.org/parseurl/-/parseurl-1.3.3.tgz. Extracting by manifest.
2337 silly tarball no local data for once@https://registry.npmjs.org/once/-/once-1.4.0.tgz. Extracting by manifest.
2338 silly tarball no local data for http-errors@https://registry.npmjs.org/http-errors/-/http-errors-2.0.1.tgz. Extracting by manifest.
2339 silly tarball no local data for mime-types@https://registry.npmjs.org/mime-types/-/mime-types-3.0.2.tgz. Extracting by manifest.
2340 silly tarball no local data for fresh@https://registry.npmjs.org/fresh/-/fresh-2.0.0.tgz. Extracting by manifest.
2341 silly tarball no local data for router@https://registry.npmjs.org/router/-/router-2.2.0.tgz. Extracting by manifest.
2342 silly tarball no local data for escape-html@https://registry.npmjs.org/escape-html/-/escape-html-1.0.3.tgz. Extracting by manifest.
2343 silly tarball no local data for etag@https://registry.npmjs.org/etag/-/etag-1.8.1.tgz. Extracting by manifest.
2344 silly tarball no local data for encodeurl@https://registry.npmjs.org/encodeurl/-/encodeurl-2.0.0.tgz. Extracting by manifest.
2345 silly tarball no local data for finalhandler@https://registry.npmjs.org/finalhandler/-/finalhandler-2.1.1.tgz. Extracting by manifest.
2346 silly tarball no local data for depd@https://registry.npmjs.org/depd/-/depd-2.0.0.tgz. Extracting by manifest.
2347 silly tarball no local data for cookie@https://registry.npmjs.org/cookie/-/cookie-0.7.2.tgz. Extracting by manifest.
2348 silly tarball no local data for cookie-signature@https://registry.npmjs.org/cookie-signature/-/cookie-signature-1.2.2.tgz. Extracting by manifest.
2349 silly tarball no local data for yoctocolors@https://registry.npmjs.org/yoctocolors/-/yoctocolors-2.1.2.tgz. Extracting by manifest.
2350 silly tarball no local data for accepts@https://registry.npmjs.org/accepts/-/accepts-2.0.0.tgz. Extracting by manifest.
2351 silly tarball no local data for body-parser@https://registry.npmjs.org/body-parser/-/body-parser-2.2.2.tgz. Extracting by manifest.
2352 silly tarball no local data for strip-final-newline@https://registry.npmjs.org/strip-final-newline/-/strip-final-newline-4.0.0.tgz. Extracting by manifest.
2353 silly tarball no local data for pretty-ms@https://registry.npmjs.org/pretty-ms/-/pretty-ms-9.3.0.tgz. Extracting by manifest.
2354 silly tarball no local data for human-signals@https://registry.npmjs.org/human-signals/-/human-signals-8.0.1.tgz. Extracting by manifest.
2355 silly tarball no local data for signal-exit@https://registry.npmjs.org/signal-exit/-/signal-exit-4.1.0.tgz. Extracting by manifest.
2356 silly tarball no local data for is-plain-obj@https://registry.npmjs.org/is-plain-obj/-/is-plain-obj-4.1.0.tgz. Extracting by manifest.
2357 silly tarball no local data for npm-run-path@https://registry.npmjs.org/npm-run-path/-/npm-run-path-6.0.0.tgz. Extracting by manifest.
2358 silly tarball no local data for is-stream@https://registry.npmjs.org/is-stream/-/is-stream-4.0.1.tgz. Extracting by manifest.
2359 silly tarball no local data for @sindresorhus/merge-streams@https://registry.npmjs.org/@sindresorhus/merge-streams/-/merge-streams-4.0.0.tgz. Extracting by manifest.
2360 silly tarball no local data for figures@https://registry.npmjs.org/figures/-/figures-6.1.0.tgz. Extracting by manifest.
2361 silly tarball no local data for get-stream@https://registry.npmjs.org/get-stream/-/get-stream-9.0.1.tgz. Extracting by manifest.
2362 silly tarball no local data for @noble/curves@https://registry.npmjs.org/@noble/curves/-/curves-1.9.7.tgz. Extracting by manifest.
2363 silly tarball no local data for @ecies/ciphers@https://registry.npmjs.org/@ecies/ciphers/-/ciphers-0.2.6.tgz. Extracting by manifest.
2364 silly tarball no local data for @noble/ciphers@https://registry.npmjs.org/@noble/ciphers/-/ciphers-1.3.0.tgz. Extracting by manifest.
2365 silly tarball no local data for @noble/hashes@https://registry.npmjs.org/@noble/hashes/-/hashes-1.8.0.tgz. Extracting by manifest.
2366 silly tarball no local data for env-paths@https://registry.npmjs.org/env-paths/-/env-paths-2.2.1.tgz. Extracting by manifest.
2367 silly tarball no local data for vary@https://registry.npmjs.org/vary/-/vary-1.1.2.tgz. Extracting by manifest.
2368 silly tarball no local data for parse-json@https://registry.npmjs.org/parse-json/-/parse-json-5.2.0.tgz. Extracting by manifest.
2369 silly tarball no local data for require-from-string@https://registry.npmjs.org/require-from-string/-/require-from-string-2.0.2.tgz. Extracting by manifest.
2370 silly tarball no local data for json-schema-traverse@https://registry.npmjs.org/json-schema-traverse/-/json-schema-traverse-1.0.0.tgz. Extracting by manifest.
2371 silly tarball no local data for fast-uri@https://registry.npmjs.org/fast-uri/-/fast-uri-3.1.2.tgz. Extracting by manifest.
2372 silly tarball no local data for pkce-challenge@https://registry.npmjs.org/pkce-challenge/-/pkce-challenge-5.0.1.tgz. Extracting by manifest.
2373 silly tarball no local data for jose@https://registry.npmjs.org/jose/-/jose-6.2.3.tgz. Extracting by manifest.
2374 silly tarball no local data for json-schema-typed@https://registry.npmjs.org/json-schema-typed/-/json-schema-typed-8.0.2.tgz. Extracting by manifest.
2375 silly tarball no local data for raw-body@https://registry.npmjs.org/raw-body/-/raw-body-3.0.2.tgz. Extracting by manifest.
2376 silly tarball no local data for express@https://registry.npmjs.org/express/-/express-5.2.1.tgz. Extracting by manifest.
2377 silly tarball no local data for eventsource-parser@https://registry.npmjs.org/eventsource-parser/-/eventsource-parser-3.0.8.tgz. Extracting by manifest.
2378 silly tarball no local data for express-rate-limit@https://registry.npmjs.org/express-rate-limit/-/express-rate-limit-8.5.1.tgz. Extracting by manifest.
2379 silly tarball no local data for cors@https://registry.npmjs.org/cors/-/cors-2.8.6.tgz. Extracting by manifest.
2380 silly tarball no local data for content-type@https://registry.npmjs.org/content-type/-/content-type-1.0.5.tgz. Extracting by manifest.
2381 silly tarball no local data for ajv-formats@https://registry.npmjs.org/ajv-formats/-/ajv-formats-3.0.1.tgz. Extracting by manifest.
2382 silly tarball no local data for ajv@https://registry.npmjs.org/ajv/-/ajv-8.20.0.tgz. Extracting by manifest.
2383 silly tarball no local data for eventsource@https://registry.npmjs.org/eventsource/-/eventsource-3.0.7.tgz. Extracting by manifest.
2384 silly tarball no local data for yocto-spinner@https://registry.npmjs.org/yocto-spinner/-/yocto-spinner-1.2.0.tgz. Extracting by manifest.
2385 silly tarball no local data for @hono/node-server@https://registry.npmjs.org/@hono/node-server/-/node-server-1.19.14.tgz. Extracting by manifest.
2386 silly tarball no local data for hono@https://registry.npmjs.org/hono/-/hono-4.12.18.tgz. Extracting by manifest.
2387 silly tarball no local data for which@https://registry.npmjs.org/which/-/which-4.0.0.tgz. Extracting by manifest.
2388 silly tarball no local data for object-treeify@https://registry.npmjs.org/object-treeify/-/object-treeify-1.1.33.tgz. Extracting by manifest.
2389 silly tarball no local data for dotenv@https://registry.npmjs.org/dotenv/-/dotenv-17.4.2.tgz. Extracting by manifest.
2390 silly tarball no local data for @babel/plugin-syntax-jsx@https://registry.npmjs.org/@babel/plugin-syntax-jsx/-/plugin-syntax-jsx-7.28.6.tgz. Extracting by manifest.
2391 silly tarball no local data for eciesjs@https://registry.npmjs.org/eciesjs/-/eciesjs-0.4.18.tgz. Extracting by manifest.
2392 silly tarball no local data for content-disposition@https://registry.npmjs.org/content-disposition/-/content-disposition-1.1.0.tgz. Extracting by manifest.
2393 silly tarball no local data for @babel/plugin-transform-modules-commonjs@https://registry.npmjs.org/@babel/plugin-transform-modules-commonjs/-/plugin-transform-modules-commonjs-7.28.6.tgz. Extracting by manifest.
2394 silly tarball no local data for @babel/helper-replace-supers@https://registry.npmjs.org/@babel/helper-replace-supers/-/helper-replace-supers-7.28.6.tgz. Extracting by manifest.
2395 silly tarball no local data for @babel/helper-skip-transparent-expression-wrappers@https://registry.npmjs.org/@babel/helper-skip-transparent-expression-wrappers/-/helper-skip-transparent-expression-wrappers-7.27.1.tgz. Extracting by manifest.
2396 silly tarball no local data for @babel/helper-member-expression-to-functions@https://registry.npmjs.org/@babel/helper-member-expression-to-functions/-/helper-member-expression-to-functions-7.28.5.tgz. Extracting by manifest.
2397 silly tarball no local data for @babel/plugin-syntax-typescript@https://registry.npmjs.org/@babel/plugin-syntax-typescript/-/plugin-syntax-typescript-7.28.6.tgz. Extracting by manifest.
2398 silly tarball no local data for @babel/helper-plugin-utils@https://registry.npmjs.org/@babel/helper-plugin-utils/-/helper-plugin-utils-7.28.6.tgz. Extracting by manifest.
2399 silly tarball no local data for @babel/helper-optimise-call-expression@https://registry.npmjs.org/@babel/helper-optimise-call-expression/-/helper-optimise-call-expression-7.27.1.tgz. Extracting by manifest.
2400 silly tarball no local data for @babel/helper-annotate-as-pure@https://registry.npmjs.org/@babel/helper-annotate-as-pure/-/helper-annotate-as-pure-7.27.3.tgz. Extracting by manifest.
2401 silly tarball no local data for @babel/helper-create-class-features-plugin@https://registry.npmjs.org/@babel/helper-create-class-features-plugin/-/helper-create-class-features-plugin-7.29.3.tgz. Extracting by manifest.
2402 silly tarball no local data for merge-descriptors@https://registry.npmjs.org/merge-descriptors/-/merge-descriptors-2.0.0.tgz. Extracting by manifest.
2403 silly tarball no local data for zod-to-json-schema@https://registry.npmjs.org/zod-to-json-schema/-/zod-to-json-schema-3.25.2.tgz. Extracting by manifest.
2404 silly tarball no local data for zod@https://registry.npmjs.org/zod/-/zod-3.25.76.tgz. Extracting by manifest.
2405 silly tarball no local data for validate-npm-package-name@https://registry.npmjs.org/validate-npm-package-name/-/validate-npm-package-name-7.0.2.tgz. Extracting by manifest.
2406 silly tarball no local data for tsconfig-paths@https://registry.npmjs.org/tsconfig-paths/-/tsconfig-paths-4.2.0.tgz. Extracting by manifest.
2407 silly tarball no local data for ts-morph@https://registry.npmjs.org/ts-morph/-/ts-morph-26.0.0.tgz. Extracting by manifest.
2408 silly tarball no local data for recast@https://registry.npmjs.org/recast/-/recast-0.23.11.tgz. Extracting by manifest.
2409 silly tarball no local data for prompts@https://registry.npmjs.org/prompts/-/prompts-2.4.2.tgz. Extracting by manifest.
2410 silly tarball no local data for postcss-selector-parser@https://registry.npmjs.org/postcss-selector-parser/-/postcss-selector-parser-7.1.1.tgz. Extracting by manifest.
2411 silly tarball no local data for msw@https://registry.npmjs.org/msw/-/msw-2.14.5.tgz. Extracting by manifest.
2412 silly tarball no local data for open@https://registry.npmjs.org/open/-/open-11.0.0.tgz. Extracting by manifest.
2413 silly tarball no local data for stringify-object@https://registry.npmjs.org/stringify-object/-/stringify-object-5.0.0.tgz. Extracting by manifest.
2414 silly tarball no local data for node-fetch@https://registry.npmjs.org/node-fetch/-/node-fetch-3.3.2.tgz. Extracting by manifest.
2415 silly tarball no local data for ora@https://registry.npmjs.org/ora/-/ora-8.2.0.tgz. Extracting by manifest.
2416 silly tarball no local data for https-proxy-agent@https://registry.npmjs.org/https-proxy-agent/-/https-proxy-agent-7.0.6.tgz. Extracting by manifest.
2417 silly tarball no local data for execa@https://registry.npmjs.org/execa/-/execa-9.6.1.tgz. Extracting by manifest.
2418 silly tarball no local data for kleur@https://registry.npmjs.org/kleur/-/kleur-4.1.5.tgz. Extracting by manifest.
2419 silly tarball no local data for diff@https://registry.npmjs.org/diff/-/diff-8.0.4.tgz. Extracting by manifest.
2420 silly tarball no local data for dedent@https://registry.npmjs.org/dedent/-/dedent-1.7.2.tgz. Extracting by manifest.
2421 silly tarball no local data for fuzzysort@https://registry.npmjs.org/fuzzysort/-/fuzzysort-3.1.0.tgz. Extracting by manifest.
2422 silly tarball no local data for cosmiconfig@https://registry.npmjs.org/cosmiconfig/-/cosmiconfig-9.0.1.tgz. Extracting by manifest.
2423 silly tarball no local data for fs-extra@https://registry.npmjs.org/fs-extra/-/fs-extra-11.3.5.tgz. Extracting by manifest.
2424 silly tarball no local data for @types/validate-npm-package-name@https://registry.npmjs.org/@types/validate-npm-package-name/-/validate-npm-package-name-4.0.2.tgz. Extracting by manifest.
2425 silly tarball no local data for commander@https://registry.npmjs.org/commander/-/commander-14.0.3.tgz. Extracting by manifest.
2426 silly tarball no local data for @modelcontextprotocol/sdk@https://registry.npmjs.org/@modelcontextprotocol/sdk/-/sdk-1.29.0.tgz. Extracting by manifest.
2427 silly tarball no local data for deepmerge@https://registry.npmjs.org/deepmerge/-/deepmerge-4.3.1.tgz. Extracting by manifest.
2428 silly tarball no local data for @babel/plugin-transform-typescript@https://registry.npmjs.org/@babel/plugin-transform-typescript/-/plugin-transform-typescript-7.28.6.tgz. Extracting by manifest.
2429 silly tarball no local data for @dotenvx/dotenvx@https://registry.npmjs.org/@dotenvx/dotenvx/-/dotenvx-1.65.0.tgz. Extracting by manifest.
2430 silly tarball no local data for @babel/preset-typescript@https://registry.npmjs.org/@babel/preset-typescript/-/preset-typescript-7.28.5.tgz. Extracting by manifest.
2431 silly tarball no local data for shadcn@https://registry.npmjs.org/shadcn/-/shadcn-4.7.0.tgz. Extracting by manifest.
2432 silly tarball no local data for strip-ansi@https://registry.npmjs.org/strip-ansi/-/strip-ansi-6.0.1.tgz. Extracting by manifest.
2433 silly tarball no local data for emoji-regex@https://registry.npmjs.org/emoji-regex/-/emoji-regex-8.0.0.tgz. Extracting by manifest.
2434 silly tarball no local data for ansi-regex@https://registry.npmjs.org/ansi-regex/-/ansi-regex-5.0.1.tgz. Extracting by manifest.
2435 silly tarball no local data for ansi-regex@https://registry.npmjs.org/ansi-regex/-/ansi-regex-5.0.1.tgz. Extracting by manifest.
2436 silly tarball no local data for emoji-regex@https://registry.npmjs.org/emoji-regex/-/emoji-regex-8.0.0.tgz. Extracting by manifest.
2437 silly tarball no local data for strip-ansi@https://registry.npmjs.org/strip-ansi/-/strip-ansi-6.0.1.tgz. Extracting by manifest.
2438 silly tarball no local data for string-width@https://registry.npmjs.org/string-width/-/string-width-4.2.3.tgz. Extracting by manifest.
2439 silly tarball no local data for is-unicode-supported@https://registry.npmjs.org/is-unicode-supported/-/is-unicode-supported-1.3.0.tgz. Extracting by manifest.
2440 silly tarball no local data for string-width@https://registry.npmjs.org/string-width/-/string-width-4.2.3.tgz. Extracting by manifest.
2441 silly tarball no local data for string-width@https://registry.npmjs.org/string-width/-/string-width-4.2.3.tgz. Extracting by manifest.
2442 silly tarball no local data for strip-ansi@https://registry.npmjs.org/strip-ansi/-/strip-ansi-6.0.1.tgz. Extracting by manifest.
2443 silly tarball no local data for emoji-regex@https://registry.npmjs.org/emoji-regex/-/emoji-regex-8.0.0.tgz. Extracting by manifest.
2444 silly tarball no local data for ansi-regex@https://registry.npmjs.org/ansi-regex/-/ansi-regex-5.0.1.tgz. Extracting by manifest.
2445 silly tarball no local data for path-to-regexp@https://registry.npmjs.org/path-to-regexp/-/path-to-regexp-8.4.2.tgz. Extracting by manifest.
2446 silly tarball no local data for @open-draft/deferred-promise@https://registry.npmjs.org/@open-draft/deferred-promise/-/deferred-promise-2.2.0.tgz. Extracting by manifest.
2447 silly tarball no local data for kleur@https://registry.npmjs.org/kleur/-/kleur-3.0.3.tgz. Extracting by manifest.
2448 silly tarball no local data for path-key@https://registry.npmjs.org/path-key/-/path-key-4.0.0.tgz. Extracting by manifest.
2449 silly tarball no local data for strip-final-newline@https://registry.npmjs.org/strip-final-newline/-/strip-final-newline-2.0.0.tgz. Extracting by manifest.
2450 silly tarball no local data for signal-exit@https://registry.npmjs.org/signal-exit/-/signal-exit-3.0.7.tgz. Extracting by manifest.
2451 silly tarball no local data for onetime@https://registry.npmjs.org/onetime/-/onetime-5.1.2.tgz. Extracting by manifest.
2452 silly tarball no local data for npm-run-path@https://registry.npmjs.org/npm-run-path/-/npm-run-path-4.0.1.tgz. Extracting by manifest.
2453 silly tarball no local data for is-stream@https://registry.npmjs.org/is-stream/-/is-stream-2.0.1.tgz. Extracting by manifest.
2454 silly tarball no local data for get-stream@https://registry.npmjs.org/get-stream/-/get-stream-6.0.1.tgz. Extracting by manifest.
2455 silly tarball no local data for fast-glob@https://registry.npmjs.org/fast-glob/-/fast-glob-3.3.3.tgz. Extracting by manifest.
2456 silly tarball no local data for human-signals@https://registry.npmjs.org/human-signals/-/human-signals-2.1.0.tgz. Extracting by manifest.
2457 silly tarball no local data for commander@https://registry.npmjs.org/commander/-/commander-11.1.0.tgz. Extracting by manifest.
2458 silly tarball no local data for execa@https://registry.npmjs.org/execa/-/execa-5.1.1.tgz. Extracting by manifest.
2459 http fetch POST 200 https://registry.npmjs.org/-/npm/v1/security/advisories/bulk 244ms
2460 silly audit report {}
2461 http fetch GET 200 https://registry.npmjs.org/wrap-ansi/-/wrap-ansi-7.0.0.tgz 224ms (cache miss)
2462 http fetch GET 200 https://registry.npmjs.org/get-caller-file/-/get-caller-file-2.0.5.tgz 226ms (cache miss)
2463 http fetch GET 200 https://registry.npmjs.org/mimic-fn/-/mimic-fn-2.1.0.tgz 233ms (cache miss)
2464 http fetch GET 200 https://registry.npmjs.org/merge-stream/-/merge-stream-2.0.0.tgz 233ms (cache miss)
2465 http fetch GET 200 https://registry.npmjs.org/is-fullwidth-code-point/-/is-fullwidth-code-point-3.0.0.tgz 233ms (cache miss)
2466 http fetch GET 200 https://registry.npmjs.org/y18n/-/y18n-5.0.8.tgz 234ms (cache miss)
2467 http fetch GET 200 https://registry.npmjs.org/yargs-parser/-/yargs-parser-21.1.1.tgz 241ms (cache miss)
2468 http fetch GET 200 https://registry.npmjs.org/ansi-regex/-/ansi-regex-6.2.2.tgz 431ms (cache miss)
2469 http fetch GET 200 https://registry.npmjs.org/get-own-enumerable-keys/-/get-own-enumerable-keys-1.0.0.tgz 436ms (cache miss)
2470 http fetch GET 200 https://registry.npmjs.org/is-regexp/-/is-regexp-3.1.0.tgz 437ms (cache miss)
2471 http fetch GET 200 https://registry.npmjs.org/media-typer/-/media-typer-1.1.0.tgz 437ms (cache miss)
2472 http fetch GET 200 https://registry.npmjs.org/is-obj/-/is-obj-3.0.0.tgz 439ms (cache miss)
2473 http fetch GET 200 https://registry.npmjs.org/tldts-core/-/tldts-core-7.0.30.tgz 446ms (cache miss)
2474 http fetch GET 200 https://registry.npmjs.org/require-directory/-/require-directory-2.1.1.tgz 500ms (cache miss)
2475 http fetch GET 200 https://registry.npmjs.org/is-promise/-/is-promise-4.0.0.tgz 651ms (cache miss)
2476 http fetch GET 200 https://registry.npmjs.org/emoji-regex/-/emoji-regex-10.6.0.tgz 652ms (cache miss)
2477 http fetch GET 200 https://registry.npmjs.org/get-east-asian-width/-/get-east-asian-width-1.6.0.tgz 653ms (cache miss)
2478 http fetch GET 200 https://registry.npmjs.org/mimic-function/-/mimic-function-5.0.1.tgz 654ms (cache miss)
2479 http fetch GET 200 https://registry.npmjs.org/esprima/-/esprima-4.0.1.tgz 691ms (cache miss)
2480 http fetch GET 200 https://registry.npmjs.org/is-wsl/-/is-wsl-3.1.1.tgz 777ms (cache miss)
2481 http fetch GET 200 https://registry.npmjs.org/source-map/-/source-map-0.6.1.tgz 775ms (cache miss)
2482 http fetch GET 200 https://registry.npmjs.org/cliui/-/cliui-8.0.1.tgz 784ms (cache miss)
2483 http fetch GET 200 https://registry.npmjs.org/code-block-writer/-/code-block-writer-13.0.3.tgz 786ms (cache miss)
2484 http fetch GET 200 https://registry.npmjs.org/path-browserify/-/path-browserify-1.0.1.tgz 793ms (cache miss)
2485 http fetch GET 200 https://registry.npmjs.org/isexe/-/isexe-3.1.5.tgz 799ms (cache miss)
2486 http fetch GET 200 https://registry.npmjs.org/unpipe/-/unpipe-1.0.0.tgz 829ms (cache miss)
2487 http fetch GET 200 https://registry.npmjs.org/ipaddr.js/-/ipaddr.js-1.9.1.tgz 843ms (cache miss)
2488 http fetch GET 200 https://registry.npmjs.org/onetime/-/onetime-7.0.0.tgz 860ms (cache miss)
2489 http fetch GET 200 https://registry.npmjs.org/forwarded/-/forwarded-0.2.0.tgz 863ms (cache miss)
2490 http fetch GET 200 https://registry.npmjs.org/sisteransi/-/sisteransi-1.0.5.tgz 897ms (cache miss)
2491 http fetch GET 200 https://registry.npmjs.org/ast-types/-/ast-types-0.16.1.tgz 898ms (cache miss)
2492 http fetch GET 200 https://registry.npmjs.org/tldts/-/tldts-7.0.30.tgz 924ms (cache miss)
2493 http fetch GET 200 https://registry.npmjs.org/util-deprecate/-/util-deprecate-1.0.2.tgz 971ms (cache miss)
2494 http fetch GET 200 https://registry.npmjs.org/parse-ms/-/parse-ms-4.0.0.tgz 981ms (cache miss)
2495 http fetch GET 200 https://registry.npmjs.org/error-ex/-/error-ex-1.3.4.tgz 997ms (cache miss)
2496 http fetch GET 200 https://registry.npmjs.org/cssesc/-/cssesc-3.0.0.tgz 1009ms (cache miss)
2497 http fetch GET 200 https://registry.npmjs.org/json-parse-even-better-errors/-/json-parse-even-better-errors-2.3.1.tgz 1031ms (cache miss)
2498 http fetch GET 200 https://registry.npmjs.org/tagged-tag/-/tagged-tag-1.0.0.tgz 1034ms (cache miss)
2499 http fetch GET 200 https://registry.npmjs.org/restore-cursor/-/restore-cursor-5.1.0.tgz 1048ms (cache miss)
2500 http fetch GET 200 https://registry.npmjs.org/stdin-discarder/-/stdin-discarder-0.2.2.tgz 1067ms (cache miss)
2501 http fetch GET 200 https://registry.npmjs.org/log-symbols/-/log-symbols-6.0.0.tgz 1095ms (cache miss)
2502 http fetch GET 200 https://registry.npmjs.org/string-width/-/string-width-7.2.0.tgz 1103ms (cache miss)
2503 http fetch GET 200 https://registry.npmjs.org/is-interactive/-/is-interactive-2.0.0.tgz 1126ms (cache miss)
2504 http fetch GET 200 https://registry.npmjs.org/cli-cursor/-/cli-cursor-5.0.0.tgz 1172ms (cache miss)
2505 http fetch GET 200 https://registry.npmjs.org/chalk/-/chalk-5.6.2.tgz 1192ms (cache miss)
2506 http fetch GET 200 https://registry.npmjs.org/is-docker/-/is-docker-3.0.0.tgz 1203ms (cache miss)
2507 http fetch GET 200 https://registry.npmjs.org/cli-spinners/-/cli-spinners-2.9.2.tgz 1219ms (cache miss)
2508 http fetch GET 200 https://registry.npmjs.org/run-applescript/-/run-applescript-7.1.0.tgz 1234ms (cache miss)
2509 http fetch GET 200 https://registry.npmjs.org/lines-and-columns/-/lines-and-columns-1.2.4.tgz 1236ms (cache miss)
2510 http fetch GET 200 https://registry.npmjs.org/bundle-name/-/bundle-name-4.1.0.tgz 1253ms (cache miss)
2511 http fetch GET 200 https://registry.npmjs.org/wsl-utils/-/wsl-utils-0.3.1.tgz 1283ms (cache miss)
2512 http fetch GET 200 https://registry.npmjs.org/powershell-utils/-/powershell-utils-0.1.0.tgz 1292ms (cache miss)
2513 http fetch GET 200 https://registry.npmjs.org/strip-ansi/-/strip-ansi-7.2.0.tgz 1303ms (cache miss)
2514 http fetch GET 200 https://registry.npmjs.org/is-inside-container/-/is-inside-container-1.0.0.tgz 1310ms (cache miss)
2515 http fetch GET 200 https://registry.npmjs.org/is-in-ssh/-/is-in-ssh-1.0.0.tgz 1346ms (cache miss)
2516 http fetch GET 200 https://registry.npmjs.org/wrappy/-/wrappy-1.0.2.tgz 1393ms (cache miss)
2517 http fetch GET 200 https://registry.npmjs.org/define-lazy-prop/-/define-lazy-prop-3.0.0.tgz 1408ms (cache miss)
2518 http fetch GET 200 https://registry.npmjs.org/ee-first/-/ee-first-1.1.1.tgz 1440ms (cache miss)
2519 http fetch GET 200 https://registry.npmjs.org/unicorn-magic/-/unicorn-magic-0.3.0.tgz 1441ms (cache miss)
2520 http fetch GET 200 https://registry.npmjs.org/formdata-polyfill/-/formdata-polyfill-4.0.10.tgz 1460ms (cache miss)
2521 http fetch GET 200 https://registry.npmjs.org/default-browser-id/-/default-browser-id-5.0.1.tgz 1462ms (cache miss)
2522 http fetch GET 200 https://registry.npmjs.org/fetch-blob/-/fetch-blob-3.2.0.tgz 1488ms (cache miss)
2523 http fetch GET 200 https://registry.npmjs.org/node-domexception/-/node-domexception-1.0.0.tgz 1502ms (cache miss)
2524 warn deprecated node-domexception@1.0.0: Use your platform's native DOMException instead
2525 http fetch GET 200 https://registry.npmjs.org/undici-types/-/undici-types-7.19.2.tgz 1536ms (cache miss)
2526 http fetch GET 200 https://registry.npmjs.org/set-cookie-parser/-/set-cookie-parser-3.1.0.tgz 1593ms (cache miss)
2527 http fetch GET 200 https://registry.npmjs.org/default-browser/-/default-browser-5.5.0.tgz 1597ms (cache miss)
2528 http fetch GET 200 https://registry.npmjs.org/@types/node/-/node-25.6.2.tgz 1610ms (cache miss)
2529 http fetch GET 200 https://registry.npmjs.org/@types/set-cookie-parser/-/set-cookie-parser-2.4.10.tgz 1622ms (cache miss)
2530 http fetch GET 200 https://registry.npmjs.org/fast-string-truncated-width/-/fast-string-truncated-width-3.0.3.tgz 1630ms (cache miss)
2531 http fetch GET 200 https://registry.npmjs.org/fast-string-width/-/fast-string-width-3.0.2.tgz 1631ms (cache miss)
2532 http fetch GET 200 https://registry.npmjs.org/@open-draft/logger/-/logger-0.3.0.tgz 1673ms (cache miss)
2533 http fetch GET 200 https://registry.npmjs.org/@open-draft/until/-/until-2.1.0.tgz 1677ms (cache miss)
2534 http fetch GET 200 https://registry.npmjs.org/mute-stream/-/mute-stream-3.0.0.tgz 1700ms (cache miss)
2535 http fetch GET 200 https://registry.npmjs.org/@ts-morph/common/-/common-0.27.0.tgz 1712ms (cache miss)
2536 http fetch GET 200 https://registry.npmjs.org/fast-wrap-ansi/-/fast-wrap-ansi-0.2.0.tgz 1724ms (cache miss)
2537 http fetch GET 200 https://registry.npmjs.org/cli-width/-/cli-width-4.1.0.tgz 1744ms (cache miss)
2538 http fetch GET 200 https://registry.npmjs.org/data-uri-to-buffer/-/data-uri-to-buffer-4.0.1.tgz 1774ms (cache miss)
2539 http fetch GET 200 https://registry.npmjs.org/@inquirer/type/-/type-4.0.5.tgz 1809ms (cache miss)
2540 http fetch GET 200 https://registry.npmjs.org/@inquirer/ansi/-/ansi-2.0.5.tgz 1819ms (cache miss)
2541 http fetch GET 200 https://registry.npmjs.org/until-async/-/until-async-3.0.2.tgz 1829ms (cache miss)
2542 http fetch GET 200 https://registry.npmjs.org/@inquirer/core/-/core-11.1.9.tgz 1862ms (cache miss)
2543 http fetch GET 200 https://registry.npmjs.org/strict-event-emitter/-/strict-event-emitter-0.5.1.tgz 1882ms (cache miss)
2544 http fetch GET 200 https://registry.npmjs.org/yargs/-/yargs-17.7.2.tgz 1892ms (cache miss)
2545 http fetch GET 200 https://registry.npmjs.org/rettime/-/rettime-0.11.11.tgz 1895ms (cache miss)
2546 http fetch GET 200 https://registry.npmjs.org/tough-cookie/-/tough-cookie-6.0.1.tgz 1953ms (cache miss)
2547 http fetch GET 200 https://registry.npmjs.org/outvariant/-/outvariant-1.4.3.tgz 1953ms (cache miss)
2548 http fetch GET 200 https://registry.npmjs.org/is-arrayish/-/is-arrayish-0.2.1.tgz 2001ms (cache miss)
2549 http fetch GET 200 https://registry.npmjs.org/is-node-process/-/is-node-process-1.2.0.tgz 2015ms (cache miss)
2550 http fetch GET 200 https://registry.npmjs.org/@types/statuses/-/statuses-2.0.6.tgz 2040ms (cache miss)
2551 http fetch GET 200 https://registry.npmjs.org/@inquirer/confirm/-/confirm-6.0.12.tgz 2093ms (cache miss)
2552 http fetch GET 200 https://registry.npmjs.org/mime-db/-/mime-db-1.54.0.tgz 2113ms (cache miss)
2553 http fetch GET 200 https://registry.npmjs.org/@open-draft/deferred-promise/-/deferred-promise-3.0.0.tgz 2117ms (cache miss)
2554 http fetch GET 200 https://registry.npmjs.org/setprototypeof/-/setprototypeof-1.2.0.tgz 2152ms (cache miss)
2555 http fetch GET 200 https://registry.npmjs.org/agent-base/-/agent-base-7.1.4.tgz 2198ms (cache miss)
2556 http fetch GET 200 https://registry.npmjs.org/path-to-regexp/-/path-to-regexp-6.3.0.tgz 2205ms (cache miss)
2557 http fetch GET 200 https://registry.npmjs.org/inherits/-/inherits-2.0.4.tgz 2216ms (cache miss)
2558 http fetch GET 200 https://registry.npmjs.org/@inquirer/figures/-/figures-2.0.5.tgz 2231ms (cache miss)
2559 http fetch GET 200 https://registry.npmjs.org/toidentifier/-/toidentifier-1.0.1.tgz 2237ms (cache miss)
2560 http fetch GET 200 https://registry.npmjs.org/type-fest/-/type-fest-5.6.0.tgz 2295ms (cache miss)
2561 http fetch GET 200 https://registry.npmjs.org/@sec-ant/readable-stream/-/readable-stream-0.4.1.tgz 2306ms (cache miss)
2562 http fetch GET 200 https://registry.npmjs.org/universalify/-/universalify-2.0.1.tgz 2309ms (cache miss)
2563 http fetch GET 200 https://registry.npmjs.org/jsonfile/-/jsonfile-6.2.1.tgz 2321ms (cache miss)
2564 http fetch GET 200 https://registry.npmjs.org/is-unicode-supported/-/is-unicode-supported-2.1.0.tgz 2352ms (cache miss)
2565 http fetch GET 200 https://registry.npmjs.org/bytes/-/bytes-3.1.2.tgz 2414ms (cache miss)
2566 http fetch GET 200 https://registry.npmjs.org/negotiator/-/negotiator-1.0.0.tgz 2438ms (cache miss)
2567 http fetch GET 200 https://registry.npmjs.org/type-is/-/type-is-2.0.1.tgz 2439ms (cache miss)
2568 http fetch GET 200 https://registry.npmjs.org/ip-address/-/ip-address-10.2.0.tgz 2449ms (cache miss)
2569 http fetch GET 200 https://registry.npmjs.org/web-streams-polyfill/-/web-streams-polyfill-3.3.3.tgz 2466ms (cache miss)
2570 http fetch GET 200 https://registry.npmjs.org/statuses/-/statuses-2.0.2.tgz 2484ms (cache miss)
2571 http fetch GET 200 https://registry.npmjs.org/proxy-addr/-/proxy-addr-2.0.7.tgz 2507ms (cache miss)
2572 http fetch GET 200 https://registry.npmjs.org/send/-/send-1.2.1.tgz 2512ms (cache miss)
2573 http fetch GET 200 https://registry.npmjs.org/@mswjs/interceptors/-/interceptors-0.41.8.tgz 2527ms (cache miss)
2574 http fetch GET 200 https://registry.npmjs.org/serve-static/-/serve-static-2.2.1.tgz 2559ms (cache miss)
2575 http fetch GET 200 https://registry.npmjs.org/qs/-/qs-6.15.1.tgz 2576ms (cache miss)
2576 http fetch GET 200 https://registry.npmjs.org/safer-buffer/-/safer-buffer-2.1.2.tgz 2582ms (cache miss)
2577 http fetch GET 200 https://registry.npmjs.org/graphql/-/graphql-16.14.0.tgz 2600ms (cache miss)
2578 http fetch GET 200 https://registry.npmjs.org/on-finished/-/on-finished-2.4.1.tgz 2612ms (cache miss)
2579 http fetch GET 200 https://registry.npmjs.org/range-parser/-/range-parser-1.2.1.tgz 2636ms (cache miss)
2580 http fetch GET 200 https://registry.npmjs.org/parseurl/-/parseurl-1.3.3.tgz 2636ms (cache miss)
2581 http fetch GET 200 https://registry.npmjs.org/once/-/once-1.4.0.tgz 2648ms (cache miss)
2582 http fetch GET 200 https://registry.npmjs.org/fresh/-/fresh-2.0.0.tgz 2706ms (cache miss)
2583 http fetch GET 200 https://registry.npmjs.org/escape-html/-/escape-html-1.0.3.tgz 2732ms (cache miss)
2584 http fetch GET 200 https://registry.npmjs.org/etag/-/etag-1.8.1.tgz 2767ms (cache miss)
2585 http fetch GET 200 https://registry.npmjs.org/encodeurl/-/encodeurl-2.0.0.tgz 2782ms (cache miss)
2586 http fetch GET 200 https://registry.npmjs.org/finalhandler/-/finalhandler-2.1.1.tgz 2792ms (cache miss)
2587 http fetch GET 200 https://registry.npmjs.org/cookie/-/cookie-0.7.2.tgz 2811ms (cache miss)
2588 http fetch GET 200 https://registry.npmjs.org/yoctocolors/-/yoctocolors-2.1.2.tgz 2839ms (cache miss)
2589 http fetch GET 200 https://registry.npmjs.org/cookie-signature/-/cookie-signature-1.2.2.tgz 2840ms (cache miss)
2590 http fetch GET 200 https://registry.npmjs.org/accepts/-/accepts-2.0.0.tgz 2845ms (cache miss)
2591 http fetch GET 200 https://registry.npmjs.org/http-errors/-/http-errors-2.0.1.tgz 2908ms (cache miss)
2592 http fetch GET 200 https://registry.npmjs.org/body-parser/-/body-parser-2.2.2.tgz 2909ms (cache miss)
2593 http fetch GET 200 https://registry.npmjs.org/strip-final-newline/-/strip-final-newline-4.0.0.tgz 2937ms (cache miss)
2594 http fetch GET 200 https://registry.npmjs.org/pretty-ms/-/pretty-ms-9.3.0.tgz 2969ms (cache miss)
2595 http fetch GET 200 https://registry.npmjs.org/human-signals/-/human-signals-8.0.1.tgz 2989ms (cache miss)
2596 http fetch GET 200 https://registry.npmjs.org/is-plain-obj/-/is-plain-obj-4.1.0.tgz 3012ms (cache miss)
2597 http fetch GET 200 https://registry.npmjs.org/signal-exit/-/signal-exit-4.1.0.tgz 3013ms (cache miss)
2598 http fetch GET 200 https://registry.npmjs.org/is-stream/-/is-stream-4.0.1.tgz 3036ms (cache miss)
2599 http fetch GET 200 https://registry.npmjs.org/npm-run-path/-/npm-run-path-6.0.0.tgz 3037ms (cache miss)
2600 http fetch GET 200 https://registry.npmjs.org/@sindresorhus/merge-streams/-/merge-streams-4.0.0.tgz 3073ms (cache miss)
2601 http fetch GET 200 https://registry.npmjs.org/figures/-/figures-6.1.0.tgz 3114ms (cache miss)
2602 http fetch GET 200 https://registry.npmjs.org/get-stream/-/get-stream-9.0.1.tgz 3115ms (cache miss)
2603 http fetch GET 200 https://registry.npmjs.org/@ecies/ciphers/-/ciphers-0.2.6.tgz 3193ms (cache miss)
2604 http fetch GET 200 https://registry.npmjs.org/depd/-/depd-2.0.0.tgz 3202ms (cache miss)
2605 http fetch GET 200 https://registry.npmjs.org/env-paths/-/env-paths-2.2.1.tgz 3217ms (cache miss)
2606 http fetch GET 200 https://registry.npmjs.org/vary/-/vary-1.1.2.tgz 3234ms (cache miss)
2607 http fetch GET 200 https://registry.npmjs.org/parse-json/-/parse-json-5.2.0.tgz 3239ms (cache miss)
2608 http fetch GET 200 https://registry.npmjs.org/@noble/hashes/-/hashes-1.8.0.tgz 3256ms (cache miss)
2609 http fetch GET 200 https://registry.npmjs.org/require-from-string/-/require-from-string-2.0.2.tgz 3268ms (cache miss)
2610 http fetch GET 200 https://registry.npmjs.org/json-schema-traverse/-/json-schema-traverse-1.0.0.tgz 3310ms (cache miss)
2611 http fetch GET 200 https://registry.npmjs.org/mime-types/-/mime-types-3.0.2.tgz 3313ms (cache miss)
2612 http fetch GET 200 https://registry.npmjs.org/@noble/ciphers/-/ciphers-1.3.0.tgz 3312ms (cache miss)
2613 http fetch GET 200 https://registry.npmjs.org/fast-uri/-/fast-uri-3.1.2.tgz 3325ms (cache miss)
2614 http fetch GET 200 https://registry.npmjs.org/@noble/curves/-/curves-1.9.7.tgz 3355ms (cache miss)
2615 http fetch GET 200 https://registry.npmjs.org/pkce-challenge/-/pkce-challenge-5.0.1.tgz 3397ms (cache miss)
2616 http fetch GET 200 https://registry.npmjs.org/router/-/router-2.2.0.tgz 3407ms (cache miss)
2617 http fetch GET 200 https://registry.npmjs.org/raw-body/-/raw-body-3.0.2.tgz 3432ms (cache miss)
2618 http fetch GET 200 https://registry.npmjs.org/jose/-/jose-6.2.3.tgz 3435ms (cache miss)
2619 http fetch GET 200 https://registry.npmjs.org/eventsource-parser/-/eventsource-parser-3.0.8.tgz 3447ms (cache miss)
2620 http fetch GET 200 https://registry.npmjs.org/json-schema-typed/-/json-schema-typed-8.0.2.tgz 3450ms (cache miss)
2621 http fetch GET 200 https://registry.npmjs.org/express/-/express-5.2.1.tgz 3458ms (cache miss)
2622 http fetch GET 200 https://registry.npmjs.org/cors/-/cors-2.8.6.tgz 3516ms (cache miss)
2623 http fetch GET 200 https://registry.npmjs.org/ajv-formats/-/ajv-formats-3.0.1.tgz 3523ms (cache miss)
2624 http fetch GET 200 https://registry.npmjs.org/eventsource/-/eventsource-3.0.7.tgz 3561ms (cache miss)
2625 http fetch GET 200 https://registry.npmjs.org/yocto-spinner/-/yocto-spinner-1.2.0.tgz 3605ms (cache miss)
2626 http fetch GET 200 https://registry.npmjs.org/which/-/which-4.0.0.tgz 3634ms (cache miss)
2627 http fetch GET 200 https://registry.npmjs.org/object-treeify/-/object-treeify-1.1.33.tgz 3645ms (cache miss)
2628 http fetch GET 200 https://registry.npmjs.org/@babel/plugin-syntax-jsx/-/plugin-syntax-jsx-7.28.6.tgz 3667ms (cache miss)
2629 http fetch GET 200 https://registry.npmjs.org/dotenv/-/dotenv-17.4.2.tgz 3682ms (cache miss)
2630 http fetch GET 200 https://registry.npmjs.org/eciesjs/-/eciesjs-0.4.18.tgz 3727ms (cache miss)
2631 http fetch GET 200 https://registry.npmjs.org/content-disposition/-/content-disposition-1.1.0.tgz 3728ms (cache miss)
2632 http fetch GET 200 https://registry.npmjs.org/express-rate-limit/-/express-rate-limit-8.5.1.tgz 3731ms (cache miss)
2633 http fetch GET 200 https://registry.npmjs.org/content-type/-/content-type-1.0.5.tgz 3748ms (cache miss)
2634 http fetch GET 200 https://registry.npmjs.org/@babel/plugin-transform-modules-commonjs/-/plugin-transform-modules-commonjs-7.28.6.tgz 3782ms (cache miss)
2635 http fetch GET 200 https://registry.npmjs.org/@babel/helper-replace-supers/-/helper-replace-supers-7.28.6.tgz 3820ms (cache miss)
2636 http fetch GET 200 https://registry.npmjs.org/@babel/helper-skip-transparent-expression-wrappers/-/helper-skip-transparent-expression-wrappers-7.27.1.tgz 3837ms (cache miss)
2637 http fetch GET 200 https://registry.npmjs.org/headers-polyfill/-/headers-polyfill-5.0.1.tgz 3853ms (cache miss)
2638 http fetch GET 200 https://registry.npmjs.org/ajv/-/ajv-8.20.0.tgz 3850ms (cache miss)
2639 http fetch GET 200 https://registry.npmjs.org/@babel/helper-member-expression-to-functions/-/helper-member-expression-to-functions-7.28.5.tgz 3850ms (cache miss)
2640 http fetch GET 200 https://registry.npmjs.org/@babel/helper-plugin-utils/-/helper-plugin-utils-7.28.6.tgz 3879ms (cache miss)
2641 http fetch GET 200 https://registry.npmjs.org/@babel/plugin-syntax-typescript/-/plugin-syntax-typescript-7.28.6.tgz 3905ms (cache miss)
2642 http fetch GET 200 https://registry.npmjs.org/@babel/helper-annotate-as-pure/-/helper-annotate-as-pure-7.27.3.tgz 3930ms (cache miss)
2643 http fetch GET 200 https://registry.npmjs.org/@babel/helper-optimise-call-expression/-/helper-optimise-call-expression-7.27.1.tgz 3936ms (cache miss)
2644 http fetch GET 200 https://registry.npmjs.org/merge-descriptors/-/merge-descriptors-2.0.0.tgz 3943ms (cache miss)
2645 http fetch GET 200 https://registry.npmjs.org/@hono/node-server/-/node-server-1.19.14.tgz 3954ms (cache miss)
2646 http fetch GET 200 https://registry.npmjs.org/hono/-/hono-4.12.18.tgz 3974ms (cache miss)
2647 http fetch GET 200 https://registry.npmjs.org/zod-to-json-schema/-/zod-to-json-schema-3.25.2.tgz 3995ms (cache miss)
2648 http fetch GET 200 https://registry.npmjs.org/validate-npm-package-name/-/validate-npm-package-name-7.0.2.tgz 4021ms (cache miss)
2649 http fetch GET 200 https://registry.npmjs.org/@babel/helper-create-class-features-plugin/-/helper-create-class-features-plugin-7.29.3.tgz 4030ms (cache miss)
2650 http fetch GET 200 https://registry.npmjs.org/tsconfig-paths/-/tsconfig-paths-4.2.0.tgz 4041ms (cache miss)
2651 http fetch GET 200 https://registry.npmjs.org/recast/-/recast-0.23.11.tgz 4060ms (cache miss)
2652 http fetch GET 200 https://registry.npmjs.org/prompts/-/prompts-2.4.2.tgz 4095ms (cache miss)
2653 http fetch GET 200 https://registry.npmjs.org/stringify-object/-/stringify-object-5.0.0.tgz 4146ms (cache miss)
2654 http fetch GET 200 https://registry.npmjs.org/postcss-selector-parser/-/postcss-selector-parser-7.1.1.tgz 4158ms (cache miss)
2655 http fetch GET 200 https://registry.npmjs.org/ora/-/ora-8.2.0.tgz 4174ms (cache miss)
2656 http fetch GET 200 https://registry.npmjs.org/https-proxy-agent/-/https-proxy-agent-7.0.6.tgz 4192ms (cache miss)
2657 http fetch GET 200 https://registry.npmjs.org/kleur/-/kleur-4.1.5.tgz 4236ms (cache miss)
2658 http fetch GET 200 https://registry.npmjs.org/dedent/-/dedent-1.7.2.tgz 4259ms (cache miss)
2659 http fetch GET 200 https://registry.npmjs.org/diff/-/diff-8.0.4.tgz 4260ms (cache miss)
2660 http fetch GET 200 https://registry.npmjs.org/execa/-/execa-9.6.1.tgz 4261ms (cache miss)
2661 http fetch GET 200 https://registry.npmjs.org/fuzzysort/-/fuzzysort-3.1.0.tgz 4311ms (cache miss)
2662 http fetch GET 200 https://registry.npmjs.org/open/-/open-11.0.0.tgz 4364ms (cache miss)
2663 http fetch GET 200 https://registry.npmjs.org/fs-extra/-/fs-extra-11.3.5.tgz 4391ms (cache miss)
2664 http fetch GET 200 https://registry.npmjs.org/commander/-/commander-14.0.3.tgz 4404ms (cache miss)
2665 http fetch GET 200 https://registry.npmjs.org/deepmerge/-/deepmerge-4.3.1.tgz 4457ms (cache miss)
2666 http fetch GET 200 https://registry.npmjs.org/zod/-/zod-3.25.76.tgz 4466ms (cache miss)
2667 http fetch GET 200 https://registry.npmjs.org/@babel/plugin-transform-typescript/-/plugin-transform-typescript-7.28.6.tgz 4471ms (cache miss)
2668 http fetch GET 200 https://registry.npmjs.org/@babel/preset-typescript/-/preset-typescript-7.28.5.tgz 4522ms (cache miss)
2669 http fetch GET 200 https://registry.npmjs.org/@dotenvx/dotenvx/-/dotenvx-1.65.0.tgz 4524ms (cache miss)
2670 http fetch GET 200 https://registry.npmjs.org/cosmiconfig/-/cosmiconfig-9.0.1.tgz 4539ms (cache miss)
2671 http fetch GET 200 https://registry.npmjs.org/shadcn/-/shadcn-4.7.0.tgz 4586ms (cache miss)
2672 http fetch GET 200 https://registry.npmjs.org/strip-ansi/-/strip-ansi-6.0.1.tgz 4592ms (cache miss)
2673 http fetch GET 200 https://registry.npmjs.org/@types/validate-npm-package-name/-/validate-npm-package-name-4.0.2.tgz 4611ms (cache miss)
2674 http fetch GET 200 https://registry.npmjs.org/emoji-regex/-/emoji-regex-8.0.0.tgz 4611ms (cache miss)
2675 http fetch GET 200 https://registry.npmjs.org/ansi-regex/-/ansi-regex-5.0.1.tgz 4626ms (cache miss)
2676 http fetch GET 200 https://registry.npmjs.org/ansi-regex/-/ansi-regex-5.0.1.tgz 4654ms (cache miss)
2677 http fetch GET 200 https://registry.npmjs.org/emoji-regex/-/emoji-regex-8.0.0.tgz 4669ms (cache miss)
2678 http fetch GET 200 https://registry.npmjs.org/strip-ansi/-/strip-ansi-6.0.1.tgz 4722ms (cache miss)
2679 http fetch GET 200 https://registry.npmjs.org/string-width/-/string-width-4.2.3.tgz 4724ms (cache miss)
2680 http fetch GET 200 https://registry.npmjs.org/is-unicode-supported/-/is-unicode-supported-1.3.0.tgz 4733ms (cache miss)
2681 http fetch GET 200 https://registry.npmjs.org/string-width/-/string-width-4.2.3.tgz 4786ms (cache miss)
2682 http fetch GET 200 https://registry.npmjs.org/string-width/-/string-width-4.2.3.tgz 4796ms (cache miss)
2683 http fetch GET 200 https://registry.npmjs.org/emoji-regex/-/emoji-regex-8.0.0.tgz 4814ms (cache miss)
2684 http fetch GET 200 https://registry.npmjs.org/ansi-regex/-/ansi-regex-5.0.1.tgz 4823ms (cache miss)
2685 http fetch GET 200 https://registry.npmjs.org/strip-ansi/-/strip-ansi-6.0.1.tgz 4823ms (cache miss)
2686 http fetch GET 200 https://registry.npmjs.org/path-to-regexp/-/path-to-regexp-8.4.2.tgz 4851ms (cache miss)
2687 http fetch GET 200 https://registry.npmjs.org/@modelcontextprotocol/sdk/-/sdk-1.29.0.tgz 4854ms (cache miss)
2688 http fetch GET 200 https://registry.npmjs.org/@open-draft/deferred-promise/-/deferred-promise-2.2.0.tgz 4877ms (cache miss)
2689 http fetch GET 200 https://registry.npmjs.org/kleur/-/kleur-3.0.3.tgz 4929ms (cache miss)
2690 http fetch GET 200 https://registry.npmjs.org/path-key/-/path-key-4.0.0.tgz 4931ms (cache miss)
2691 http fetch GET 200 https://registry.npmjs.org/strip-final-newline/-/strip-final-newline-2.0.0.tgz 4932ms (cache miss)
2692 http fetch GET 200 https://registry.npmjs.org/onetime/-/onetime-5.1.2.tgz 4992ms (cache miss)
2693 http fetch GET 200 https://registry.npmjs.org/signal-exit/-/signal-exit-3.0.7.tgz 5003ms (cache miss)
2694 http fetch GET 200 https://registry.npmjs.org/get-stream/-/get-stream-6.0.1.tgz 5021ms (cache miss)
2695 http fetch GET 200 https://registry.npmjs.org/npm-run-path/-/npm-run-path-4.0.1.tgz 5031ms (cache miss)
2696 http fetch GET 200 https://registry.npmjs.org/fast-glob/-/fast-glob-3.3.3.tgz 5060ms (cache miss)
2697 http fetch GET 200 https://registry.npmjs.org/human-signals/-/human-signals-2.1.0.tgz 5065ms (cache miss)
2698 http fetch GET 200 https://registry.npmjs.org/commander/-/commander-11.1.0.tgz 5078ms (cache miss)
2699 http fetch GET 200 https://registry.npmjs.org/execa/-/execa-5.1.1.tgz 5134ms (cache miss)
2700 http fetch GET 200 https://registry.npmjs.org/msw/-/msw-2.14.5.tgz 5422ms (cache miss)
2701 http fetch GET 200 https://registry.npmjs.org/is-stream/-/is-stream-2.0.1.tgz 5591ms (cache miss)
2702 http fetch GET 200 https://registry.npmjs.org/node-fetch/-/node-fetch-3.3.2.tgz 5642ms (cache miss)
2703 http fetch GET 200 https://registry.npmjs.org/iconv-lite/-/iconv-lite-0.7.2.tgz 6290ms (cache miss)
2704 http fetch GET 200 https://registry.npmjs.org/ts-morph/-/ts-morph-26.0.0.tgz 9798ms (cache miss)
2705 info run msw@2.14.5 postinstall node_modules/msw node -e "import('./config/scripts/postinstall.js').catch(() => void 0)"
2706 info run msw@2.14.5 postinstall { code: 0, signal: null }
2707 verbose cwd /Users/xxd/Desktop/today
2708 verbose os Darwin 25.3.0
2709 verbose node v24.15.0
2710 verbose npm  v11.12.1
2711 verbose exit 0
2712 info ok
